a 1,نهايت اعليٰ ـ بهترين
a-bomb,جوهري بم
a,انگريزي حروف تحجي کا پهلا حرف
aardvark,جنوبي افريقه کا سور کي قسم کا مور خور جانور
aardwolf,جنوبي افريقه کا لگڑ بگڑ کي قسم کا گوشت خور جانور
aaronic,حضرت هارون کے متعلق جو يهود کے مفتي اعظم تھے يا ان کے عهد امامت کے متعلق
aasvogel,جنوبي افريقي گدھ ـ کرگس
ab,پانچواں کليساهي اور گيارهواں موسوي مهينه
aback,وه حالت جب هوا کے دباؤ سے باديان مستول سے چمٹ جاتے هيں اور جهاز آگے نڑھنے سے روکتے هيں پست کے جانب ـ پيچھے کو
abacus,بال فريم ـ گنتارا ـ ايک چوکھٹا جس ميں تاروں پر گولياں هوتي هيں ـ گنتي سکھانے کا آله ـ شمار آموز
abaddon,دوزخ ـ جهنم ـ ابليس
abaft,جهاز کے پچھلے حصے کي طرف ـ سکان رخ
abandon,چھوڑ دينا ـ هاتھ أٹھانا ـ دست بردار هونا ـ دست کشي کرنا ـ دعوي چھوڑ بيٹھنا
abandoned,آواره ـ بدمعاش
abandonment,ترک ـ دست کشي ـ تياگ ـ دست برداري
abase,ذليل کرنا ـ بے عزت کرنا ـ خفيف کرنا
abasement,ذلت ـ خواري ـ بے قدري ـ تحقير ـ خفت
abash,شرمنده هونا ـ شرمشار کرنا ـ خجل کرنا ـ شرمانا ـ پاني پاني هونا
abashment,خجالت ـ شرمندگي ـ شرمساري ـ شرم
abate,کم کرنا ـ تخفيف کرنا ـ کم هونا ـ مدھم پڑھنا
abatedarms,وه تلواريں يا نيزے جو کند هونے کي وجه سے معرکه آراهي کے قابل نه هونا
abatement,کمي ـ گتھاؤ ـ تخفيف ـ کٹوتي
abatis,درختوں کو گرا کر ايسا مورچه بنانا که شاخوں کا رخ دشمن کے جانب هو تاکه دشمن فوجي نقل و حرکت کا پته نه چل سکے
abattoir,مسلخ ـ مذبح
abb,جولاهے کا تانا بانا
abba,والد ـ ابا ـ آسماني باپ
abbacy,صاحب خانقاه يا دير کا منصب يا زمانه توليت
abbe,فرانسيسي شهري جن کو مذھبي لباس پهننے کا حق ھو ليکن اس کے ذمے کوهي فرض منصبي نه ھو
abbesses,راهبه ـ راهبات کي افسر اعلي
abbey,خانقا ـ دير ـ کليسا ـ گرجا
abbreviate,اختصار کرنا ـ خلاصه کرنا ـ چھوٹا کرنا
abbreviation,اختصار ـ کمي
abderian,يونان کے شهرابديرا کے باشنده
abdicate,تخت چھوڑنا ـ دست بردار هونا ـ حق چھوڑ بيٹھنا ـ علهده هونا
abdication,دست برداري ـ علهيدگي
abdomen,شکم ـ پيٹ ـ کيڑے مکوڑوں کا پچھلا حصه
abdominal,پيٹ کا ـ معده کا ـ يکم کا
abdominous,بڑے پيٹ والا ـ موتا ـ توندل
abduct,اغواه کرنا ـ بھگا لے جانا ـ کسي عضو کا اسکے فطري مقام سے کھينچنا يا بڑھانا
abduction,اغواه ـ قياس احتمالي ـ زخم کے کناروں کي سکڑن
abductor,مغوي ـ اغواه کرنے والا ـ زخم کو سکيڑنے والي نس
abeam,عرضا ـ جهاز کے طول سے زاويه قاهمه بناتے هوے
abed,بستر پر ـ پلنگ پر ـ سوتا هوا
abele,سفيده درخت
aberate,بھٹکانا ـ گمراه هونا
aberrance,گمراهي ـ فساد
aberration,چوک ـ کجروي ـ مغالطه ـ قاعده کي خلاف ورزي ـ خلل دماغ
abet,اعانت کرنا ـ مدد کرنا
abetment,ارتکاب جرم ميں اعانت کرنا
abetter,معاون جرم ـ مددگار جرم
abeyance,التوا ـ تعطل
abhor,نفرت ـ کراھت ـ حقارت سے ديکھنا ـ گھن کرنا
abhorrence,نفرت ـ کراھت ـ چڑ ـ حقارت
abhorrent,مکروه ـ گھناؤنا ـ قابل نفرت
abhorrer,نفرت کرنے والا
abide,موسوي سال کا پھلا مهينه ـ بنا رهنا ـ برقرار رھنا ـ ناقي رهنا ـ مستقل رهنا ـ برداشت کرنا ـ ضبط کرنا ـ تسليم کرنا
abiding,پائدار ـ دوامي ـ مستقل ـ ديرپا
abidingly,دواما ـ مستقل طور پر
abigail,خواص ـ پيش خدمت ـ نوکراني
ability,قابليت ـ صلاحيت ـ قوت ـ اختيار ـ مقدور
abintestate,کسي مرنے والے کي وراثت حاصل کرنا جو بلا وصيت انتقال کر گيا هو
abiogenesis,بے جان مادے سے جاندار کا پيدا هونا ـ خود بخود پيدا هونا
abiogenist,خود زاني کا عقيده رکھنے والا
abject,کمينه ـ ذليل ـ پست
abjection,تذليل ـ تحقير ـ کمينگي
abjectly,کمينگي سے ـ رذالت سے ـ فرومانگي سے
abjectness,ذلت خواري ـ کمينه پن ـ رذالت
abjuration,سوگند ـ حليفه دست برداري ـ دعوي سے دست بردار ھونا
abjure,حلف پر دست بردار هونا ـ توبه کرنا ـ ترک وطن وحلف پر دست بردار هونا ـ ترک وطن هونے کي قسم کھانا
ablactation,دودھ بڑھاهي ـ دودھ چھٹاهي
ablation,علحيدگي کرنا ـ کاٹنا ـ نکالنا
ablative,مفعول له ـ اسم کي اخراجي حالت
ablaut,انڈو يورپي زبان ميں لب و لهجه کے فرق کي وجه سے حرف علت ميں تبديلي
ablaze,جلتا هوا ـ فروزاں ـ دھکتا هوا ـ بھڑکتا هوا ـ مشغل
able-bodied,مضبوط جسم والي ـ قوي
able,قابل ـ لاهق ـ هوشيار ـ صلاحيت والا
abloom,پربھار ـ شگفته ـ شاداب ـ جوبن پر
ablution,طهارت ـ وضو ـ غسل
ablutionary,طهارت ـ غسل يا وضو کے متعلق
abnegate,ترک کرنا ـ نفس کشي کرنا ـ پرهيز کرنا
abnegation,ترک شے ـ نفس کشي ـ انکار ـ دست کشي
abnormal,بے قاعده ـ خلاف معمول
abnormality,خلاف معمول واقعه ـ غير معمولي پن
abnormally,خلاف معمول طريقه پر
abnormity,عجيب و غريب ـ وحشت انگيز
aboard,جهاز پر ـ کشتي ـ ريل پر
abode,رهنے کي جگه ـ مسکن ـ مکان
aboil,ابلتا هوا ـ کھولتا هوا
abolish,موقوف کرنا ـ منسوخ کرنا ـ توڑ دينا رسم و رواج وغيره کو
abolishable,قابل ترک ـ موقوف کرنے کے قابل
abolition,تنسيخ ـ موقوفي ـ انسداد ـ استرداد
abolitionist,انسداد غلامي کا حامي
abominable,مکروه ـقابل نفرتـ حقير ـنفرت انگيز
abominableness,مکروه پن ـ نفرت انگيزيـ
abominably,حقيرانه ـ رذيلانهـ قابل نفرت طور پرـ
abominate,نفرت کرناـ کراهت کرناـ حقير
abomination,نفرت ـ حقارت ـ کراهت
aboriginal,اصل ـ قديم ـ پهلے کي باشنده ـ قديم رهنے والاـ
aborigine,قديم يا اصلي باشندے ـ جنگلي باشنديـ
abort,اسقاط حمل هوناـ حمل گر جاناـ اده کچا ره جانا
abortion,پيٹ گر جاناـ کچا بچه پيدا هوناـ حمل گر جاناـ اسقاط هوناـ
abortionist,حمل گرانے والاـ اسقاط گرانے والاـ
abortive,ناکام ـ لاحاصل ـ ناقص
abortively,بے سودـ خام کارنامهـ کچے پن سے
abortiveness,ناکاميـ افسردگي ـ خامي ـ مرجھائٹ
abound,بھر پور هوناـ بهت هوناـ وافر هونا ـ کثرت سے هونا
about,چاروں طرف ـ کسي مرکز کے قريب
above,اونچاـ اوپر ـ بلندـ بالاترـ دور ـ باهر
aboveall,اول ـ مقدمـ سب سے زياده
aboveboard,پاک صاف ـ کھلم کھلاـ سب کے سامنے ـ کھرا کھرا
aboveground,زمين پرـ بقيد حتاتـ زنده
abovemeasure,ناپ سے زائدـ بے اندازه
abovepar,اوسط سے زيادهـ مساوات کے اوپر
abovestairs,زينه کے اوپرـ بلا خانے پر
abracadabra,جادو ـ منتر ـ ٹوناـ تعويزـ
abrade,رگڑنا ـ گھسناـ چھيلناـ کھرچناـ رگڑنا
abranchial,گلپھڑے کے بغير
abrasion,رگڑـ رگڑاـ خراشـ کھرچ
abreast,هم قديم ـ دوش بدوشـ پهلو نه پهلو
abridge,خلاصه کرنا ـ مختصر کرنا ـ گھٹانا
abridgement,خلاصه ـ ملخصـ لب لباب
abroad,دور درازـ سب طرف پھيلا هواـ پرديس ميں ـ غير ملک ميں
abrogate,منسوخ کرناـ توڑناـ ترک کرناـ فسخ کرنا
abrogation,ترکـ موقوفيـ فسخـ تنسيخ
abrupt,ايکاايکيـ اچانکـ بے ربطـ بے جوڑ
abruption,ايکاايکـ عليحدگي ـ پھٹ پڑناـ جھڑ پڑنا
abruptly,ايکا ايکيـ ناگهاني طور پر
abscess,پھوڑاـ دنيلـ جسم ميں کهيں پيپ پڑ جاناـ
abscind,چيڑنا پھاڑناـ کاٹ ڈالنا
abscission,عمل جراحي ـ چير پھاڑ
abscond,بھاگ جانا ـ فرار هوناـ روپوش هو جانا
abscondence,روپوشيـ گرفتاري سے بچنے کيليے فرار
absconder,فراريـ مفرور
absence,غير حاضريـ علم موجودگيـ پيچھے ـ جدائيـ فقدانـ فراق
absent,غير حاضرـ غير موجودـ غائب ـ غافلـ کھويا هوا
absentee,غير حاضر شخصـ وقت پر غائب هونے والا
absently,منتشر خيالي سے ـ پراگندگي سے
absentminded,کھويا هواـ بے خيال ـ پرا گنده دماغ
absentmindedly,بے خيالي سيـ پرا گنده خيالي سے
absentmindednes,انتشار ذهنيـ پرشان خيالي
absinth,افسنتينـ اجسنتيني شراب
absolute,غير مشروط ـ واجب الوجودـ کامل ـ مطلق
absolutely,بلاقيد يا شرطـ بالکلـ سراسرـ البته
absolution,رهائيـ خلاصيـ چھٹکاراـ مغفرتـ نجات
absolutism,يه عقيده که نجات کے بارے ميں خدا مالک هے
absolutist,استبدادي حکومت کا حاميـ استبدار پسند
absolve,بري کرنا ـ چھوڑناـ رها کرناـ بخشنا ـ بے گناه قرار دينا
absonant,غير معقول ـ بے محل ـ نے سر
absorb,جذب کر ليناـ چوسنا
absorbability,جذب هونے کي قابليت
absorbable,انجذاب پذيرـ جذب هونے کے قابل
absorbent,چوسنے والاـ جاذب
absorbing,دلچسپ ـ منهمک رکھنے والاـ دلکش
absorption,عمل انجذابـ جذبـ مشغوليت
absorptive,چوشنے والاـ کھينچنے والا
absorptiveness,کھينچنے چوسنے والا
abstain,باز رهناـ الگ رهناـ پرهيز کرناـ اجتناب کرنا
abstainer,پرهيز کرنے والاـ احتراز کرنے والا
abstemious,محتاط کھانے پينے ميں ـ متقيـ روکھي
abstemiously,پرهيز گارانهـ محتاط طريقے سے
abstemiousness,پرهيز گاريـ احتياط
abstention,لذت سے پرهيزـ اجتنابـ بچتے رهنا
absterge,صاف کرناـ دھوناـ ميل نکالنا
abstergent,صاف کرنے والاـ ميل نکالنے والا
abstersion,دھلائيـ صفائي
abstinence,پرهيزگاريـ نفس کشيـ احتراز
abstinent,زاهد ـ کم خورـ محتاطـ پرهيزگار
abstinently,پرهيزگاري کے ساتھ ـ متقيانه
abstract,خلاصه کرناـ مختصر کرناـ جدا کرناـ چھپا رکھنا
abstracted,غافل ـ ڈوبتاهواـ غرق ـ محو
abstractedly,دھن ميں ـ انهماک ميںـمحويت کے عالم ميں
abstracter,الگ کرنے والاـ جدا کرنے والاـ چھپانے والا
abstraction,عليحدگيـ انگ کرناـسرقه ـ بے خياليـ استغراق
abstractness,انهماکـ دھنـ محويت
abstruse,کٹھنـ مشکلـ دقيقـ پيچيده
abstrusely,مشکل سيـ دقت سے
abstruseness,دقت ـ پيچد گيـ باريکيـ مشکل
absurd,نامعقولـ بے هودهـ لغو
absurdity,بيهودگيـ لغويتـ خرافات
absurdly,بے سروپا طور پرـ احماقانه
abundance,بهتابـ افراطـ زيادتيـ کثرت
abundant,بهت ساـ کثير ـ وافر ـ زياده
abundantly,کثرت سيـ افراط سے
abuse,بد سلوکي کرناـ گالي ديناـ ناجائز فاهده اٹھانا
abusive,منه پھٹـ بد زبان ـ بے لگام آبرو ريز
abusiveness,بدلگاميـ بدزبانيـ ديانام دهي
abut,هم سرحد هوناـ ملا هوا هونا
abutment,پايه ستون ـ جس پر کوئي محراب نه هو
abutter,جائداد متصله کا مالک جس کو حق شفع حاصل هو
abysmal,بے انتها گهراـ عميق ـ اتھاه
abyss,غار ـ بهت گهري کھائي
abyssal,گهرے سمندر کے جاندار ـ بے اندازه گهرا
abyssinia,ملک حبش کا باشندهـ حبشي
abyssinian,ملک حبش کا باشندهـ حبشي
acacia,کيکرـ ببول
academic,قديم افلاطوني فلسفه کا هيرو
academical,جامعه ـ کالجـ علمي اداره
academician,مجلس علمي کي رکن
academy,افلاطوني کا مدرسه ـ درسگاهـ جامعه
acadin,امريکه کا باشنده
acanthus,ايک قسم کا خادار درختـ ايسے درختوں کي پتيوں کے نقش و نگار کي نقل يوناني عمارتوں پر کي جاتي تھي
acardiac,بے قلب ـ دل کا نه هونا
acarpous,بے ثمر ـ جس ميں پھل نه هو
acatalectic,غير محذوف ـ سالم بحر
acatalepsy,دشواري ـ ناقابل فهم هونا
acataleptic,جو يه سمجھے که م کچھ نهيں جانتے اور جو جانتے هيں وه بھي درست نهيں ـ ارتيابي
acaulescent,بعيد از فهم ـ خارج يز عقل بے تنا
accede,منظور کرنا ـ قبول کرنا ـ راضي هونا
accelerate,جلدي کرنا ـ تيز کرنا ـ رفتار بڑھانا
acceleration,تيزي ـ تيز رفتاري
accelerative,تيز کرنے والا ـ رفتار بڑھانے والا
accelerator,مسرع ـ رفتار تيز کينے والا آله
accent,لهجه ـ تلفظ ـ دباؤ ـ آوار کا اتار چڑھاؤ
accentor,ايک قسم کي چھوٹي چڑھا ـ گوريا
accentual,آواز کے اتار چڑھاؤ کے متعلق ـ لب و لهجه کے متعلق
accentually,تاکيد کے طور پر
accentuate,زور دار لهجے ميں ادا کرنا ـ تلفط پورے دباؤ سے ادا کرنا
accentuation,کسي حرف پر پورا دباؤ ـ تاکيد ـ زور
accept,قبول کرنا ـ منظور کرنا ـ راضي هونا ـ لے لينا ـ مهرباني کرنا
acceptability,قبوليت ـ پسنديدگي ـ منظوري
acceptable,قابل منظوري
acceptableness,قبوليت ـ پسنديدگي
acceptance,پسند ـ منظوري ـ رضا مندي
acceptation,عرف عام کے مطابق معني ـ عام معني
acceptedly,مسلمه طور پر
accepter,قبول کرنے والا
acceptor,سکھاريا ـ قبول کرنے والا
access,رساهي ـ گزر ـ وسيله ـ سبيل ـ آمدورفت ـ پينچ
accessary,راز دار مابعد واقعه
accessible,پهنچ سکنے کے قابل ـ رساهي کے قابل
accession,تخت نشيني ـ جلوس تاجپوشي ـ بڑهوتي ـ اضافه ـ افزائش
accessory,ساتھي ـ شريک ـ راز دار
accidence,تصريف ـ گردان
accident,ناگهاني واقعه ـ واردات ـ حادثه ـ غير ارادي فعل
accidental,ناگهاني ـ اتفاقي  ـ غير متوقع ـ هنگامي
accidentally,غير متوقع طور پر ـ اچانک ـ يکايک
accipiter,شکره ـ شاهين
accipitral,عقاني ـ دوربين ـ خونخوار
acclaim,نعره هاهے مسرت بلند کرنا ـ خوشي ميں تالياں بجانا ـ خوش آمديد کهنا
acclamation,مديحه ادستقبالي ـ پرجوش تائيد
acclimatation,آب و هوا کا راس آنا
acclimate,جانور انسان يا درخت کو نئي آب و هوا کا راس آنا
acclimatization,موافقت آب و هوا ـ هوا کے موافق هو جانا
acclimatize,آب و هوا کے موافق هو جانا
acclivity,پهاڑ کي چڑھائي ـ ارتفاع ـ بلندي
accolade,وه رسم جو خطاب ديتے وقت بادشاه ادا کرتا هے مثلا بوسا دينا يا آڑي تلوار کندھے پر کھنا
accommodate,موافق کرنا ـ مطابق کرنا ـ ٹھرانا ـ عنايت کرنا
accommodating,مان لينے والا ـ صلح جو ـ بامروت ـ نرم طبيعت
accommodatingly,صلح پسندانه ـ مصالحانه
accommodation,جگه ـ گنجاهش  ـ ٹھرنے کي جگه ـ ميل ـ يک رنگي ـ مطابقت ـ صفاهي ـ تصفيه ـ سمجھوتا ـ اسباب
accompaniment,ضميمه ـ رفاقت ـ سنجوگ ـ لوازمه ـ گائے کے ساتھ کا ساز
accompanist,سرملانے والا ـ گانے کے مطانق ساز بجانے والا
accompany,ساتھ هونا ـ هم سفر هونا ـ سر ملانا ـ ساز ملانا
accomplice,رافق جرم ـ جرم کا معاون يا شريک
accomplish,پورا کرنا ـ انجام دينا ـ شائشته ـ بنانا
accomplishment,ظاهري ٹيپ ٹاپ ـ شاهستگي ـ کمال
accord,تال ميل ـ باهمي رضامندي ـ يکدلي
accordance,مناسب ـ موافقت ـ مطابقت
accordant,هم ساز ـ هم آواز ـ هم نوا ـ موزوں
accordantly,هم نوائي سے ـ هم آهنگي سے
according,هم هوايانه ـ موافقانه ـ مطابقائه
accordingly,لهذا ـ پس ـ حسب حال
accordion,ايک قسم کا سفري هلکا پردے دار باجا ـ دھونکني کا بانا
accordionist,پردے دار باجا بجانے والا ـ ارگن باجا بجانے والا
accost,بولنا ـ مخاطب ـ فاحشه کي چھڑچھاڑ ـ کسي فاحشه کي راه چلتوں کو مخاطب کرنا
account,شمار ـ حساب کتاب ـ ميزان ـ سرگشت ـ تفصيل ـ امتحان ـ سبب ـ باعث
accountability,کفالت ـ ضمانت ـ ذمه داري ـ جواب دھي
accountable,ضامن ـ ذمه دار ـ جواب ده
accountableness,جواب دھي ـ ذمه داري
accountant,حساب لکھنے والا ـ منيب ـ محاسب
accountantship,حساب داني ـ محسابي کا عهده
accountre,سجانا ـ وردي پهنانا
accouterment,هتھيار اور وردي کے علاوه سپاھي کا دوسرا سامان ـ تھيلا وغيره
accoutrement,تھيلا وغيره
accoutres,وردي پهنانا ـ آراسته کرنا ـ ملبوس کرنا
accredicted,معتمد کلي ـ مسلمه نمائنده
accredit,مختار کرنا ـ اختيار دينا ـ کسي کو سفير يا نمائنده مقرر کرنا
accrete,اکٹھا اگنا ـ ساتھ ساتھ اگنا ـ پھيلنا ـ کسي مرکز کے چاروں طرف بڑھانا
accretion,اضافه ـ الحاق افزوني ـ نشونما
accrue,بڑھنا ـ نکلنا ـ کسي فائده يا نتيجه کا حاصل هونا
accumulate,اکھٹا کرنا ـ جمع کرنا ـ فراھم کرنا
accumulation,روپيه کي زيادتي ـ مال کي فراواني ـ توده
accumulative,جمع شده ـ اجتماعي ـ مجموعي
accumulatively,مجموعي طور پر ـ اجتماعي طور پر
accumulator,جمع کرنے والاـ جوڑنے والاـ اکھٹا کرنے والا
accuracy,درستيـ صحت
accurate,محتاطـ ٹھيک ـ صحيح ـ درست
accurately,درستي سيـ صحت کے ساتھ
accurst,رانده درگاهـ مردودـ لعنتي
accusation,شکايتـ تهمتـ الزام
accusatival,مفعولي
accusative,اسم منصوبـ صيغه مفعولي
accusatively,مفعولي کے طور پر
accusatorial,ايسا مقدمه جس ميں عدالت کو صرف جرم کا فيصله کرنا هو اور تحقيقات مقصود هو
accusatory,الزام آميزـ انتهاهيـ الزامي
accuse,الزام لگاناـ متهم کرناـ قصور وار ٹھرانا
accused,شخصـ ماخوذـ ملزم
accuser,الزام لگانے والاـ مدعي
accusingly,مستغيثانه طريقه پر ـ مدعيانه طور پر
accustom,عادت ڈالناـ خوگر بنانا
accustomed,معتادـ عادي
ace,اکاـ تين کانيـ ايک فرانسيسي هوا باز فس نے ديمن کے دس جهاز گرائيـ نمايلي کام کرنے والاـ بهت بڑا اور مشکل کام کرنے والا
aceldama,وه کھيت فو يهوني نے حٰٰضرت مسيح سے غداري کے عوض تين سکوں ميں حاصل کيا تھاـ مفتل
acephalous,بے سراـ وه حيوانات جو نے سرے معلوم هوتے هيںـ خود مختاري
acerbate,تيز کرنے والاـ مشتعل کرناـ بڑھا دينا
acerbity,آتش مزاجيـ درشتي ـ تندي
acerose,تيز نوک والاـ نوکيلا
acervate,چھوں کي شکل ميں اگنے والا پودا
acervation,ڈھيرـ تودهـ انبار
acescence,تھوڑي سي ترشيـ کھٹائي
acescent,کھٹاـ ترشي مائل
acetabulun,سرکے کا پياله ـ قفل هڈي
acetarious,ان سبزيوں کے متعلق جو رائتے کي سلاد ميں استعمال هوـ
acetfication,کھٹاپن
acetfier,وه چيز جس ميں سرکه بنايا جاتا هے
acetic,سرکے کے متعلق ـ سرکے کا ـ خلي
acetified,ترشـ سرکه
acetify,ترش هو جاناـ ترش کرناـ سرکه بنانا
acetous,کھٹا ـ سرکه کي طرح
acetylene,ايک سے رنگ گيس جس کا شعله روشن هوتاهے
achates,مخلص دوست
ache,درد کرناـ دکھنا
achievable,قابل حصولـ حاصل هونے کے قابل
achieve,پورا کرنا ـ  انجام ديناـ حاصل کرناـ کامياب هوناـ مقصود پا لينا
achievement,امتيازي نشان ـ کامرانيـ نماهشي کاميابيـ کار نما شي
achiever,امتيازي نشان حاصل کرنے والا
achillen,ناقابل تسخيرـ عضو ضعيف
achilous,نے لبے نباتيات
achlamydeous,پھول جن ميں نه مسند گل هو نه چهره گل هو
achromatic,بے رنگ ـ هو شيشه فس ميں روشني بغير رنگ دئے گزرے
achromatically,بے رنگ طريقه پر
achromaticity,بے رنگي
achromatism,بے رنگ پنا
achromatize,بے رنگ کرنا
acid,کھٹاـ ترشـ تيزابي
acidifiable,کھٹا کرنے کے قابلـ ترشه بنانے کے قابل
acidification,ترشائيتـ ترشه بنانے کا عملـ تخسيض
acidifier,تيزابي کيفيت پيدا کرنے والاـ ترشه بنانے والا
acidify,تيزابي بنانا ـ ترش کرنا
acidity,ترشوشتـ حصوضيت
acidulate,کسي قدر تيزاب بننا
acidulous,هلکي سي کھٹاس رکھنے والي چيز
acinus,مکو سي شهتوت کي قسم کے پھل کا دانه سي بيچ
ack ack,هوا مارـ طياره مار توپ
acknowledge,مانناـ قبول کرنا
acknowledgement,رسيد ـ منظوريـ قبوليت
aclinic,مقناطيسي
acme,نقطه عروج
acne,پھنسي ـ دنبلـ دانه
acock,بانکے انداز سے ـ ٹيڑھي ترچھي ٹوپي پهننے هوئے
acolyte,گرجا کا ادئي ملازمـ مدد گار ملازم
aconite,بسـ زبرـ جدوارـ ايک زهر زهريلا درخت
aconitic,زيريلاـ مهلک زهر
aconitive,جدوار
acorn,بلوط کا پھلـ بلوط
acotyledon,بے دياله
acotyledonous,بے دالاـ بے ديلولا
acoustic,سماعتيـ صوتي
acoustical,سماعياتيـ متعلق نه سماعتـ اصواتي
acoustically,سماعت کي سننے کے لحاظ سے
acoustician,ماهر سمعيات
acoustics,سمعيات
acquaint,اطلاع ديناـ آگاه کرناـ خبر دينا
acquaintance,جان پهچان ـ ملاقات ـ سناسائي
acquiesce,مانناـ راضي کرناـ تسليم کرنا ـ منظور کرنا
acquiescence,رضامندي ـ منظوري
acquiescent,چپ چاپ مان لينے والا
acquire,حاصل کرناـ پاناـ پيدا کرناـ مالک بننا
acquirement,اکتسابي استعدادـ اکتساب ـ حصول
acquisition,اکتساب ـ تحصيلـ حصول
acquisitive,حاصل کرنے والاـ حصول کا شرق رکھنے والا
acquisitiveness,هو سناکي ـ احتساب کا شرق
acquit,رها کرناـ چھوڑناـ بے گناه قرار دينا
acquittal,قرض کي انجام دهيـ قرضه کي ادائيگي
acquittance,رهائيـ قرض کي ادائي
acre,مزروعه زمين ـ بهت زمين کا مالک
acreage,زرعي زمين ايکڑوں ميں ـ رقبه کے حساب سے
acrid,تيزـ تلخ
acridity,درشتيـ چڑ چڑا پنـ تيزي
acrimonious,درشت طبعـ تند مزاج ـ تيز
acrimoniously,تيزي اور سختي ـ تند مزاج
acrimony,مزاج کي ترشيـ تيزي
acrobat,نٹـ قلابازـ رسے پر ناچنے والاـ سياسي گرگٹ
acrobatic,نثوں کا ـ نثوں کي طرح
acrobatically,نثوں کي طرح
acrobatism,قلابازي کا فن ـ نٹ پنا
acrogen,ايسا پودا جسکا تنا مداهي هو اور تقطه نمو سرے پر هو
acrogenous,سر نموـ سر خيز
acroliths,لکڑي کا بت جس کا سر اور هاتھ پير پھتر کے هوں
acropetal,پودا جو نيچے سے اوپر کي طرف بڑھے
acropolis,يوناني  شهروں کا بالا حصار
across,آڑاـ آرپارـ صليب نماـ پاس
acrostic,صنعت توشيعـ ايسي نظم جس کے ايمار کے ابتدائي درمياني اور آخري حروف سے کوئي نام جزو کلام کا جمله بن جائے
acrostically,چليپائي طور پرـ صنعت توشيع کے ساتھ
act,کام کاج ـ عمل ـ کارگزاري ـ کرتب ـ فعل
acting,قاهم مقام ـ نگران کار
actinism,سورج کي کرنوں کا اثر
action,چالـ حرکت ـ فعلـ عملـ ککامْٓ
actionable,قابل مواخذهـ قابل دست اندازي
actionably,دست اندازنهـ قابل گرفت طريقے پر
active,کرتاـ کام کا  جيـ عمليـ محنتي
actively,مستعدانهـ سرگرمي سيـ پھرتي سے
activity,حرکتـ جوشـ  مستعديـ تيزيـ پھرتيـ سرگرمي
actor,ڈراما کرنے والا ـ اداکار ـ فاعل ـ اداکار ـ فاعل ـ عامل
actress,ڈرامے ميں حصه لينے والي اداکاره
actual,واقعي ـ اصلي ـ حقيقي
actuality,واقعيت ـ اصليت ـ حقيقت
actualization,قوت سے فعل ميں لانے کا عمل تکميل
actualize,جيتا جاگتا بنا کر پيش کرنا ـ جان نکالنا
actuarial,مهارت بيمه کے متعلق
actuary,بيمے کا ماهر
actuate,اکسانا ـ ترغيب دينا ـ حرکت ميں لانا
actuation,انتقال حرکت ـ ترغيب ـ تحريک ـ اشتعال
acuity,شدت ـ تيزي ـ چبھن
aculeate,ڈنک مارنے والا ـ نشيدار
aculeus,ڈنک ـ کاٹنا
acumen,زيرکي ـ فراست ـ تيز فهمي
acuminate,نوکدار ـ نوکيلا
acumination,نوکيلا پن ـ زيادتي
acute,تيز ـ نوکدار ـ نکيلا ـ بهت سخت
acutely,سختي سے ـ تيزي سے ـ شدت سے
acuteness,فراست ـ ذهانت ـ تيزي
adage,کهاوت ـ ضربال مثل ـ معقوله
adagio,آهستگي اور دھيمے پن سے
adam,باوا آدم ـ حضرت آدم ـ پهلا آدمي
adamant,سنگ خارا ـ سخت پتھر ـ سنگ مقناطيس
adamantine,الماسي ـ سخت ـ کڑا
adamite,آدم ذات
adapt,مطابق کرنا ـ موافق کرنا
adaptability,جيسا ديس ويسا بھيس ـ مطابقت پذيري
adaptable,تصريف پذير ـ گھلنے ملنے کي قابليت رکھنے والا
adaptation,مناسبت ـ موافقت ـ تصرف
adapter,تصرف کرنے والا
adaptive,حالات کے مطابق رنگ اختيار کرنے والا
adavanced,روشن خيال ـ ممتاز ـ ترقي يافته ـ اعلي
add,جوڑنا ـ جمع کرنا ـ شامل کرنا ـ اضافه کرنا
addenda,قابل اضافه چيز ـ ضميمه
addendum,ضميمه
adder,افعي ـ سانپ
addict,عادي هونا ـ لت کگ جانا ـ لتي هو جانا
addiction,عادت ـ لت ـ ذھت
addition,جمع کرنے کا عمل ـ پيشي اضافه
additional,ضمني ـ فالتو ـ زياده
additionally,بالاهي طور پر ـ ضمني طور پر
addle,گندا ـ گندا انڈا جس سے نچه نهيں نکلتا
address,تقرير کرنا ـ خطاب کرنا ـ خط پر پته لکھنا
addressee,جس کو خط لکھا جاهے ـ مکتوب اليه
adduce,دليل يا ثبوت پيش کرنا ـ نظير پيش کرنا ـ حجت يا سند پيش کرنا
adducent,اعصاب يا پٹھے جو ايک هي مرکز کي طرف کھينچ جاهے
adducible,دليل کے طور پر پيش کرنے کے قابل
adduct,اعصاب کا ايک هي مرکز کي طرف کھينچنا
adduction,ايک هي مرکز کي طرف پٹھوں کا کھنچاؤ ـ حجت ـ نظير کا اظهار
adductive,پٹھوں کو مرکز کي طرف کھينچنے والي طاقت
adenoid,گلے کے غدود جو ناک اور حلق کي پشت پر هوتے هيں
adept,هنر مند ـ ماهر ـ مشاق
adequacy,موزونيت ـ کافي ـ قابل
adequate,موزوں ـ مناسب ـ کافي ـ قابل ـ برابر
adequately,مناسب طريقے پر ـ پورے طور پر ـ ٹھيک ٹھيک
adhere,جما رهنا ـ چپک جانا ـ جڑا رهنا ـ وفادار رهنا ـ ثابت قلم رهنا
adherence,استقلال ـ ثابت قدمي ـ وفادار ـ حمالت
adherent,چسپاں ـ چپکا هوا ـ لگا هوا ـ پيرو ـ بهي خواه
adhesion,لگاؤ ـ پيروي ـ وابستگي ـ پابندي
adhesive,ليسدار ـ چپکانے والا ـ جڑنے والا
adhesively,جوڑے هونے ـ وابسته رهتے هوئے ـ چپکتے هوئے
adiabatic,يکساں درجے کي حرارت رکھنے والا
adiantum,سنبل سياه
adiaphorism,بے تعصبي ـ آزاد خيالي ـ آزاد مشروبي
adiaphorist,بے تعصب آدمي ـ وسيع المشروب
adieu,خدا حافظ ـ الوداع کرنا ـ في امان اﷲ
adipose,موٹا ـ چربيلا ـ چکناهي دار ـ روغني
adiposeness,موٹاپا ـ چکناهي ـ چربيلا پن
adiposity,موٹاپا ـ چربيلا ـ چکناهي
adit,سرنگ ـ زيرزمين راسته
adjacency,نزديکي ـ اتصال ـ الحاق ـ قرب
adjacent,متصل ـ ملحق
adjectival,صفاتي ـ صفتي ـ توصيفي
adjectivally,بطورصفت
adjective,اضافي ـ صفت ـ زاهد ـ صفتي ـ عوض
adjoin,جوڑنا ـ ملانا ـ جوڑا هوا هونا ـ متصل هونا
adjourn,ملتوي کرنا ـ روک دينا ـ برخاست کرنا ـ التوا ميں نکالنا
adjournment,التوا ـ برآثنگي ـ برخاستگي
adjudge,قرار دينا ـ تجويز کرنا ـ فيصله کرنا ـ حکم دينا
adjudgement,تصفيه ـ فيصله ـ حکم
adjudicate,حکم دينا ـ فيصله نافذ کرنا ـ بري کرنا يا ملزم ٹھرانا
adjudication,ديواليه قرار دينے کي تجويز ـ فيصله ـ حکم ـ تصفيه
adjudicative,انفصالي ـ عدالتي
adjudicator,حاکم عدالت ـ منصب ـ حاکم
adjunct,متعلقه چيزيں ـ ملحقات ـ اضافه
adjunctive,زائد ـ الحاق
adjunctively,الحاقي طور پر
adjuration,منت سماجت ـ واسطه ـ قسم ـ حلف
adjure,قسم دينا ـ حلف دينا ـ واسطه دلانا ـ التجا کرنا ـ منت سماجت کرنا
adjust,ترتيب دينا ـ آراسته کرنا ـ صفاهي کرانا
adjustable,قابل فيصله ـ سلجھاهے کے قابل ـ ترتيب پذير
adjustment,فيصله ـ هم آھنگي ـ ترتيب ـ تصفيه
adjutancy,اجيٹن کا عهده
adjutant,نائب ـ مددگار ـ اجيثن جو اعلي افسر کا مددگار هوتا هے
administer,انتظام کرنا ـ بندوبست کرنا ـ انصاف کرنا ـ مذھبي رسوم ادا کرنا ـ مدد پهنچانا ـ سهارا دينا
administrable,بندوبست اور انتظام کے قابل
administration,انتظام ـ بندوبست ـ نظم و نسق ـ ورارت ـ حکومتـ مرحومين کي جائداد کا انتظام
administrative,متعلق نظم و نسق ـ انتظامي عمل
administrator,منتظم ـ مهتم ـ ناظم ـ انتظامي قابليت رکھنے والا ـ دينے والا ـ نابالغوں کي جائداد کي نگراني کرنے والا
administratrix,منتظمه ـ ناظمه
adminstration,انتظام ـ بندوبست ـ نظم و نسق
admirable,خوب ـ بهت عمده ـ نفيس ـ قابل تعريف
admirably,قابل تعريف طور پر ـ خوبي کے ساتھ
admiral,امير البحر ـ بحريه کا اعلي افسر
admiralship,اميرالبحر کا عهده
admiralty,نظامت ـ بهري ـ اميرالبحر کا دفتر
admiration,تحسين ـ اچنبھا ـ تعجب ـ پسنديدگي ـ مدح
admire,تعريف کرنا ـ پسند کرنا ـ آفرين کهنا
admirer,تعريف کرنے والا ـ پسند کرنے والا ـ مدح ـ شيدائي
admissability,قابل تسليم واقعه ـ جواز ـ منظوري کي قابليت ـ سماعت
admissibility,قابل تسليم واقعه ـ سماعت پذيري ـ جواز
admissible,قابل قبول ـ شنوائي ـ گزر ـ داخله
admission,اعتراف ـ داخله ـ گزر ـ رسائي ـ شموليت
admissive,مائل به اعتراف
admit,داخل کرنا ـ شامل کرنا ـ داخلے کي اجازت دينا ـ ماننا
admittable,روا ـ جائز ـ حرکت کے قابل
admittance,داخله هونے کي اجازت ـ حرکت ـ داخله
admittedly,بے شک و شبه ـ مسلمه طور پر
admix,ملنا ـ ملانا ـ آميزش کرنا ـ ملاوٹ کرنا
admixture,ميل ـ ملاوٹ ـ آميزش
admonish,متنبه کرنا ـ دھمکانا ـ هدايت کرنا ـ مشوره دينا ـ سمجھانا
admonition,ملامت ـ تنبيه ـ فهمائش
admonitory,فهمائشي ـ نصيحت آميز
ado,درد سري ـ جھنھٹ ـ تکليف ـ پريشاني ـ مشکل
adobe,کچي اينٹ ـ دھوپ ميں سکھائي هوئي
adolescence,اٹھتي جواني ـ عنفوان شباب ـ بلوغ
adolescent,نوجوان ـ بالغ ـ آغاز شباب
adonis,حسين نوجوان جو زھره کا منظور نظر تھا ـ خوبرو
adonize,سنوارنا ـ بنانا
adopt,متنبي بنانا ـ گود لينا ـ منه بالا بيٹا نبابا ـ قبول کرنا ـ پسند کرنا ـ اختيار کرنا
adoptable,تسليم کرنے کے قابل ـ قابل قبول ـ متنبي نبانے کے قابل
adoption,لے پالک کرنا ـ متنبي بنانا ـ گود لينا ـ تسليم ـ اختيار
adoptive,گود ليا هوا ـ پالک ـ متنبي
adorable,لائق احترام ـ قابل پرستش
adorably,عزت و محبت کے ساتھ ـ محترمانه
adoration,عشق ـ محبت ـ احترام ـ بندگي ـ پرستش
adore,پوجنا ـ پرستش کرنا ـ عزت کرنا ـ ادب کرنا
adorer,پجاري ـ پرستار ـ عاشق ـ شيدائي ـ مداح
adorn,سجانا ـ آرائش کرنا ـ آراسته کرنا ـ زينت دينا
adornment,سج دھج ـ سنگھار ـ آرائش
adowee,پادري مقرر کرنے کا اختيار اور حق رکھنے والا عهديدار
adowson,پادري مقرر کرنے کا حق
adrift,بهتا هوا ـ آواره ـ بے کس
adroit,پھرتيلا ـ چابکدست ـ چالاک ـ هوشيار ـ شاطر ـ مستعد
adroitly,هوشياري سے ـ چالاکي سے
adroitness,چالاکي ـ مهارت ـ چابکدستي
adulate,چاپلوسي کرنا ـ خوشامد کرنا
adulation,تعلق ـ خوشامد ـ چاپلوسي
adulator,چکني چپڑي باتيں کرنے والا ـ خوشامدي
adullamite,قديم شهر ادلام کا باشنده
adult,سيانا ـ جوان ـ بالغ ـ جوان ـ آدمي
adulterant,ملوئي ـ ميل ـ ملاوٹ ـ جس چيز سے ملاوٹ کي جائے
adulterate,ملانا ـ آميزش کرنا ـ بگاڑنا ـ خراب کرنا
adulteration,آميزش ـ ملاوٹ ـ کھوٹ
adulterator,ملاوٹ کرنے والا ـ آميزش کرنے والا
adulterer,بدکار ـ زال ـ زناکار
adulteress,زائيه ـ فاحشه ـ قحبه ـ بے عصمت ـ چھنال
adulterine,حرامي ـ نطفه حرام ـ ناجائز
adulterous,فاحشه ـ فاسق ـ زناکار ـ بدکار
adultery,فسق ـ حرام کاري ـ بکداري ـ زنا
adumbrate,خاکه تيار کرنا ـ جھلک دکھانا ـ پهلے سے اندازه لگانا ـ چھا جانا
adumbration,جھلک ـ ساشه ـ پرچھاتيں ـ اشاره
adumbrative,جھلک دکھانے والا ـ مظھر
advance,ترقي ـ بيعانه ـ حمله ـ چڑھاهي ـ اقدام ـ پيش قدمي ـ پيشگي ـ سائي
advanced,روشن خيال ـ ممتاز ـ اعلي ـ ترقي يافته
advancement,ترقي ـ آزاد خيالي ـ سرفرازي ـ اضافه
advantage,بهتري ـ فائده ـ بھلائي ـ ترقي دينا ـ مفيد هونا ـ بڑھانا
advantageous,بهتر ـ جائده مند ـ مفيد
advantageously,سود مندانه ـ بهتر طريقے سے ـ فائده کے طور پر
advent,آمد ـ آنا ـ بعشت مسيح
adventitious,عارضي ـ اتفاقي ـ خارجي
adventitiously,عارضي طور پر ـ خارجي طور پر ـ بيروني طور پر
adventure,جان جوکھوں ميں ڈالنا ـ خطرے ميں پڑنا ـ مصيبت مول لينا ـ مهم
adventurer,زمانه ساز ـ عيار ـ سٹے باز ـ قسمت آزما ـ جانباز
adventuresome,سرفروش ـ جانباز
adventurous,جيالا ـ جانباز ـ من چلا ـ جري ـ سورما
adventurously,سرفروشانه ـ جرات اور جيالے پن سے
adverb,متعلق فعل ـ تابع فعل
adverbial,توسيع فعل کا ـ متعلق فعل کا
adverbially,متعلق فعل کے طور پر
adversary,حريف ـ دشمن ـ رقيب ـ مد مقابل
adverse,الثا ـ برعکس ـ برخلاف ـ ناموافق ـ نقصان ده ـ مضر
adversely,مخالفانه ـ رقيبانه ـ حريفانه
adversity,مصيبت آفته ـ نحوست ـ بد بختي
advert,ذکر کرنا ـ توجه کرنا ـ بيان کرنا ـ حواله دينا
advertancy,توجه ـ رعايت
advertent,توجه کرنے والا ـ خيال رکھنے والا
advertise,خبردار کرنا ـ اشتهار دينا ـ اعلان کرنا ـ مشتهر کرنا ـ مطلع کرنا
advertisement,صلائے عام ـ منادي ـ اعلان
advice,خبر ـ اطلاع ـ رائے ـ صلاح ـ نصيحت ـ مشوره
advisability,قرآن مصلحت هونا
advisably,مصلحت کي رو سے ـ حساب اقتضا
advise,نصيحت کرنا ـ مشوره دينا ـ سمجھانا
advisedly,عمدا ـ قصدا ـ دائسته ـ احتياط سے ـ سوچ بچار کرکے
adviser,مشير ـ جاصح ـ صلاح کار
advisory,ماھرانه ـ نصيحت آميز ـ صلاح کار
advocacy,وکالت ـ حمايت ـ عدالتي جواب دھي ـ پيروکاري
advocate,قانوني مشير ـ وکيل ـ مختار
advocateship,ايڈوکيٹ کا عهده
advocatory,وکالت کے متعلق
adynamia,حرارت عزيزي کي کمي
adytum,زيارت گاه ـ خانقاه يا مندر کا اندروني منظر
adze,کلهاڑي ـ تيشه
aedile,قديم روما کا مجسٹريٹ جو تکاشا گاهوں اور عمارتوں کي نگراني کرتا تھا
aedileship,مجسٹريٹي ـ ايدائل کا عهده
aegis,قيادت ـ سرپرستي ـ پناه
aeolian,ايشائے کوچک کے قديم ضلع اشوليس کا
aeolic,ايک بولي
aeon,زمانه ـ جگ ـ وه قوت جو ابتدائے کائنات سے موجود هے
aerate,هوا بھرنا ـ کارهونک ايسڈ گيس بھڑنا
aeration,گيس بھرنے کا عمل
aerial,هواهي ـ آکاشي ـ لاسلکي وه تار جو صوتي اور برقي لهران کھنچتا هے
aerially,موهوم طور پر ـ لطافت سے ـ هوا کي طرح
aerie,شکاري پرندوں مثل عقاب يا باز وغيره کے گھونسلے ـ وه مکان جو پهاڑ کي چوٹي ميں بنا هو
aeriform,هوائي ـ غير مادي ـ خيالي
aero bomb,هواهي جهاز سے گرايا جانے والا بم
aero,به سابقه کسي لفظ سے پهلے لگايا جاتا هے جس کا تعلق هوا سے هو
aerobatics,هواهي جهاز کي قلابازي ـ هواهي کرتب
aerocamra,فضائي کيمره جو هواهي جهاز سے عارضي تصويريں لينے کيلئے استعمال هوتا ئے
aerodrome,هوائي ميدان
aerodynamic,چلنے والي هواؤں کے دباؤ کا علم ـ هواهي حرکات
aeroengine,هواهي جهاز کے انجن
aerofoil,هوائي جهاز کا بازو
aerogram,لاسلکي پيغام ـ هواهي تار
aerolite,سنگ شهاب
aerolith,سنگ شهاب ـ وه پھتر جو ستاره ٹوٹنے سے زمين پر گر جائے
aerometer,هوا کا دباؤ معلوم کرنے کا آله
aeronaut,طيارچي ـ هوا باز
aeronautic,علم هوا بازي
aeronautical,هوا بازي کے متعلق
aeroplane,هواهي جهاز
aerostat,غباره ـ طياره
aerostatestics,هوائي پرواز کا علم
aerostation,علم غباره بازي
aesculapian,حکيمانه ـ طيبي
aesculapius,قديم روميوں ميں طب کا ديوتا ـ حکيم
aesthete,حسن پرست ـ حسن شناسي
aesthetic,حسن کے متعلق ـ جمالياتي
aesthetically,جمالياتي حيثيت سے
aestheticism,حسن شناسي
aestivate,بعض جانوروں مثلا مگر مچھ کا کيچڑ اور دلدل ميں سخت کرمياں گزارنا
aestivation,جانوروں کا چھپ چھپا کر موسم گرما کاٹنا
aetiological,علت يا اسباب الامراض کے متعلق
aetiologically,علت يا اسباب المراض کے متعلق
aetiology,فلسفه علت و معلوم
afar,فاصله پر ـ دار سے
affability,تلطف ـ اخلاق
affable,خوش اخلاق ـ خليق
affably,خنده پيشاني سے ـ مروٹ سے ـ خوش خلقي سے
affair,ماجرا ـ کام ـ کاروبار ـ بات ـ قضيه ـ مصنوعي جنگ
affect,دل کو لگنا ـ کاري هونا ـ دل ميں اتر جانا ـ کھينچنا ـ چبھنا ـ چلوچلے کرنا ـ تصنع کرنا
affectation,اوپري باتيں ـ مصنوعي اخلاق ـ بناوٹ ـ تصنع ـ ظاهرداري
affected,متاثر ـ جھوٹ موٹ کا ـ مصنوعي
affectedly,جذباتي طور پر ـ ظاهرداري سے
affectedness,تاثر ـ ظاهرداري ـ تصنع
affectinateness,شيدائيت ـ محبت
affectingly,جذباتي طرز سے ـ پر اثر طريقے سے
affection,الفت محبت ـ مهر ـ چاه ـ جذبه ـ ميلان ـ روگـ بيماري
affectional,پر احسان ـ جذباتي
affectionate,شفقت آميز ـ دلداده ـ محبت والا
affectionately,دلدادگي سے ـ پيار سے ـ محبت سے
affective,قلبي کيفيات سے متعلق ـ پر احسان ـ جذباتي
afferent,اندر پيچنے والا ـ اندر کي طرف جانے والا
affiance,آسرا ـ بھروسا ـ اعتماد ـ منگني
affidavit,اظهار حلفي ـ مصدقه بيان حلفي ـ حلف نامه
affiliate,شامل کرنا ـ الحاق کرنا ـ تعلق قائم کرنا
affiliation,تعلق ـ نسبت ـ الحاق
affined,علاقه دار ـ تعلق رکھنے والا
affinity,مشاهبت ـ نسبت ـ لگاؤ ـ تعلق
affirm,دعوي سے کهنا ـ زور سے کهنا
affirmable,ايجاب پذير ـ قابل تائيد ـ قابل قبول
affirmation,اثباتي اقرار ـ قول ـ توثيق ـ تصديق
affirmative,تصديقي ـ اثباتي ـ اقراري
affirmatory,تصديقي ـ توثيقي ـ کمزوري
affix,ملانا ـ لگانا ـ جوڑنا ـ الزام دينا
affixture,رشته ـ تعلق ـ جوڑنا
afflatus,وحي ـ الهام ـ کشف ـ القا ـ علم حضوري
afflict,تکليف ميں ڈالنا ـ مصيبت نازل کرنا ـ ايذا پهنچانا
affliction,بلا ـ مصيبت ـ درد ـ دکھ ـ تکليف
afflictive,بلا خير ـ درد ناک ـ تکليف ده
affluence,دولت کي بهتات ـ دولتمندي ـ مرفه الحالي ـ کثرت
affluent,بهتات ـ کثرت ـ افراط سے
affluently,بهتات سے ـ کثرت سے ـ افراط سے
afflux,بهاؤ ـ رجحان ـ رغبت ـ ميلان ـ زيادتي
afford,ذرائع رکھنا ـ مالي طاقت رکھانا ـ مقدور رکھنا ـ گنجائش نکالنا
afforest,کسي زمين ميں درخت لگا کر جنگل بنا دينا
afforestation,جنگل بنانا ـ جنگل بنانے کا عمل
affranchise,غلامي يا قرض وغيره سے خلاصي دينا
affray,مار کٹائي ـ هنگامه ـ بلوه ـ دنگا فساد
affright,ڈرانا ـ خوف ذده کرنا ـ دهشت ذده کرنا
affront,برملا هتک کرنا ـ بے عزتي کرنا ـ مقابله کرنا ـ سامنے آنا ـ گستاخي کرنا
affusions,بخار ميں مريض پر کنکتا پاني ڈالنا
afield,ميدان ميں ـ کھيت ميں ـ گھر سے دور
afire,جلتا هوا ـ مشتعل
aflame,بھڑکتا هوا ـ شعلوں ميں
afloat,تيرتا هوا ـ بهتا هوا ـ جهاز ميں ـ بے ٹھکانه ـ مذبذب
afoot,کام ميں ـ حرکت ميں ـ چلتا هوا ـ پيدل
afore,آگے ـ اوپر
afraid,دشت ذده ـ خائف ـ ڈرا هوا ـ سهما هوا
afreet,الف ليله کا خوفناک جن
afresh,نئے طريقے سے ـ نئے انداز ميں ـ از سر نو
africander,جنوبي افريقه کا ولنديزي نزاد باشنده
aft,سکان رخ ـ جهاز کا عقيقي حصه
after,پيچھے ـ بعد ـ عقب ميں ـ واسطے ـ مطابق
afterbirth,جھلي کا برقعه ـ وه جھلي جس کے اندر بچه رحم ميں ليٹا رهتا هے
aftercrop,فصل اول کے بعد چاره کي دوسري فصل
afterdamp,کاربالک گيس جو کسي کان ميں دھماکے بعد ره جاتي هے اس سے کارکنوں کا دم گھٹتا هے
afterglow,شفق ـ غروب کے وقت آفتاب کي سرخ روشني
aftermath,کسي عمل کے عواقب اور نتائج ـ پچھيتي گھاس
aftermost,جهاز کا پچھلا حصه
afternoon,سه پهر ـ تيسرے پهر
afterpreice,ناٹک کے بعد کي مزاحيه نقل
afterthought,پس انديشي ـ مشتے بعد از جنگ ـ کام کے بعد کا کھيل
afterward,اس کے بعد ـ اس کے پيچھے ـ بعد کي توجه
aga,ترقي فوج کا افسر
again,دوباره ـ پھر سے ـ ايک دفعه اور ـ علاوه ازيں
against,خلاف ـ الثا ـ بمقابله ـ برعکس ـ آمنے سامنے
agami,ايک امريکن پرنده
agamic,حيوانات نے جنسا ـ بے جنسي
agamous,وه جانور جس ميں نر يا ماده کي کوئي علامت هو
agape,مبهوث ـ ششدار ـ حيران ـ متحير ـ بھوچکا
agarics,کھمبي ـ سانپ جيسي چھتري نما کھمبي جو زهريلي هوتي هے
agate,سنگ سليماني ـ عقيق ـ آبدار ـ قيمتي پتھر ـ سونے کے تار ـ دمکانے کا ايک اوزار
agave,ايک قسم کي جھاڑي جو جنگلے کے طور پر اگائي جاتي هے
agaze,آنکھيں پھاڑے هوئے ـ ٹکٹکي باندھے هوئے
age,عمر ـ عرصه ـ حيات ـ پيري ـ ضعيفي ـ زمانه ـ عهد ـ سن
aged,فرسودهـ کهن سالـ بوڑھا
agedness,بڑھاپاـ پيريـ پيرانه سالي
ageless,کبھي بوڑھانه هونے والاـ برا بھرا
agency,وسيلهـ ذريعهـ واسطهـ معرفتـ ايجينسيـ کارخانهـ دوکان
agenda,جلسه کا نظامالعمل ـ ايجينڈا
agent,فاعلـ عاملـ کرنے والا
agglomerate,اکٹھا کرناـ يکجا کرناـ مجتمع کرنا
agglomeration,اجتماعـ ٹھيرـ گولاـ ذلا
agglomerative,جمع کرنے کي قابليت رکھنے والا
agglutinate,چپکا هواـ جڑا هواـ چسپيده
agglutination,چيپ ـ ليسـ چيک جاناـ چسپيدگي
agglutinative,چپچپاـ ليسدار
aggrandize,سرفراز کرناـ ترقي ديناـ درجهـ مرتبه کا رتبه بڑھاناـ زياده کرنا
aggrandizement,عظمت ـ ترقي ـ سرفرازي
aggravate,زياده کرناـ شديد کرناـ سنگين کرناـ خراب کرناـ بھڑکانا
aggravation,اشتعال ـ تشددـ زيادتي
aggregate,اکٹھا ـ مجموعيـ کل ميزان
aggregation,ڈھير ـ حاصل جمع ـ ميزان
aggregative,اجتماعي ـ مجموعي
aggress,چھڑنا ـ لڑائي ميں پهل کرنا
aggression,آغاز جنگ ـ حمله ـ چڑھائي
aggressive,ناگوار ـ آماده پيکار ـ جارحانه
aggressively,حمله آورانه طور پر ـ جارحانه طور پر
aggressiveness,جارحانه کاروائي ـ جارحيت ـ جنگجوئي
aggressor,جارح ـ چڑھائي کرنے والا
aggrieve,دکھ پھنچانا ـ دق کرنا ـ رنج دينا ـ تکليف دينا
aghast,سھنا هوا ـ خوف زده ـ متحير
agile,چست چالاک ـ پھرتيلا
agilely,چالاکي سے ـ پھرتي سے ـ مستعدي سے
agility,چستي ـ تيزي ـ چالاکي
agio,بٹه ـ بھنوائي
agiotage,صرافي ـ سکوں کي لين دين
agist,مويشيوں کي چڑائي کرنا ـ حصول رقم ـ چرائي ـ چرنے کے لئے چراگاه کرايه پر دينا
agistment,چرائي کي رقم ـ چرائي
agitate,حرکت ميں لانا ـ پهچان پيدا کرنا ـ بھڑکانا ـ هلچل پيدا کرنا ـ مشغل کرنا ـ اکسانا ـ جدوجهد کرنا ـ سوچ بچار کرنا
agitation,خيالات کا الجھاؤ ـ هلچل ـ جنيش ـ پريشاني
agitator,هلچل پيدا کرنے والا ـ مشغل کرنے والا
aglet,زنانه لباس کي چمکدار ٹکياں ـ سلمه ستاره ـ وردي کا پھندنا ـ جھالر ـ چاندني اور ريشم کے پھول
aglow,درخشان ـ تانبده ـ چمکتا هوا
agnail,ناخن کي جڑ کے پاس باريک کھال کا ٹکڑا
agnate,ايک هي نسل کے لوگ اور هم قبيله باشندے
agnatic,خانداني ـ نسلي
agnation,خاندان ـ برادري
agnomen,جس نام سے لوگ پکاريں ـ عرضي نام
agnostic,وه جس کا عقيده هے که هم که خدا يا دوسرے غير مادي قوتوں کا شعور يا علم نهيں هو سکتا هے اور نه هے ـ لااداري
agnosticism,وجوت پرستي ـ ماده پرستي ـ لاادريت
ago,گذرا هوا ـ گزشته ـ بيتا هوا
agog,بے تابي سے متوقع ـ سرگرمي سے ـ اشتياق سے
agonise,تکليف دينا ـ ستانا ـ تڑپنا ـ درد سے نے چين هونا ـ تلملانا ـ تڑپنا
agonize,تکليف دينا ـ ستانا ـ تڑپنانا ـ تلملانا
agony,نزع ـ جان کني ـ دماغي الجھن ـ ذھني کرب
agoraphobia,کھلے مقامات پر جانے سے ڈرنا
agouti,غرب الهند کا ايک خرگوش سے ملتا جلتا جانور
agrarian,زمينداري ـ جاگيرداري ـ زمين سے متعلق ـ زرعي زمين کي از سر نو تقسيم کا حامي
agrarianism,مساوي تقسيم اراضي کا نظريه
agrarianize,اصلاح اراضي کي ترغيب دلانا
agree,ايک رنگ هونا ـ موافق هونا ـ متفق هونا ـ هم خيال هونا ـ راضي هونا ـ اقرار کرنا ـ راس آنا
agreeable,خوشگوار ـ سھانا ـ الپذير ـ مطابق
agreeableness,دلپذيري ـ خوشگواري ـ موافقت
agreement,ميل ميلاپ ـ ميل جول ـ رضا مندي ـ هم آينگي ـ معاهده ـ راضي نامه
agricultural,کھتي باڑي ـ کاشت کاري
agriculturalist,زراعت کا ماهر ـ کاشتکار ـ زراعت کا حامي
agriculture,کھتي باڑي ـ کاشتکاري ـ زراعت
agriculturist,زراعت کا ماهر ـ کاشتکار
agrimony,ايک قسم کي زرده پتوں کي جھاڑي جو انگلستان ميں عام طور پر پائي جاتي هے
agronomy,فلاحت ـ ديهي معاشيات
aground,خشکي پر جهاز يا کشتي کا چڑھ جانا ـ ريت اور مٹي ميں پھنس جانا
ague,تب لرزه ـ جاڑے کا بخار ـ کپکپي ـ لرزه ـ سردي سے بخار
aguish,جھاڑے کے ساتھ ـ کپکپي کے ساتھ
ah,ماشأاﷲ ـ واه ـ هائے اﷲ ـ تف ـ اے هے ـ آه آه
aha,سبحانﷲ ـ ماشأاﷲ ـ اخاه ـ بهت خوب ـ واه واه
ahead,پيش پيش ـ سيدھا ـ آگے
ahem,کھنکھارنے کي سي آوار جو متوجه کرنے يا روکنے کے ليے هو ـ اوهم ـ اهم
ahoy,ايهو ـ هوت ـ ارے هوت
ahull,جهاز کي وه حالت جب بادبان اتار ليے جاتے هيں اور پتوار اس طرف کر ليے جاتے هيں جدھر کي هوا نه هو
ai,اي ـ امريکه کا سست رفتار تين انگليوں والا جانور
aid,امداد دينا ـ سهارا دينا
aigrette,بگلا ـ چھوٹي قسم کا سارس ـ اس کے پروں کي کلغي جو زيبائش کے ليے لگائي جاتي هے
aiguile,سرکوه ـ راس الجبل ـ پهاڑ کي نوکدار چوٹي
ail,بيمار هونا ـ عليل هونا ـ تکليف دينا
aileron,هوائي جهاز کے پنکھ کے پچھلے حصے کا پنکھا
ailment,تکليف ـ دکھ ـ مرض
aim,نشانه باندھنا ـ تاکنا ـ شست لينا ـ قصد کرنا ـ اراده کرنا ـ منصوبه بنانا
aimless,تير تکا ـ اٹکل بچو ـ بے سروها ـ بے مقصد
aimlessly,بغير سوچے سمجھے ـ بے مقصد
aimlessness,بے تکا پن ـ بے مقصدي ـ بے حاصلي
air,هوا ـ باد ـ فضا
airball,غباره ـ هوا بھري گيند
airbase,هوائي اڈا
airbed,هوا توشک ـ هوا گدا
airbladder,پودوں اور جانوروں کے جسم کا وه حصه جس ميں هوا بھري هوتي هے
airbrake,روک پرزه ـ بريک جو هوا کے دباؤ سے کام کرتا هو
airbricks,سوراخ دار ـ جالي دار ـ اينٹيں
airchamber,هوا دان ـ وه کلين جن ميں هوا بھر کر دباؤ کو يکساں رکھا جاتا هے
aircraft,غباره ـ طياره ـ هوائي جهاز
aircushion,هوا بھرا تکيه
airdrain,نمي کو کمروں سے دور رکھنے کا خلائي حصه
aireddy,بھنور
airengine,هوائي انجن
airgun,هوائي بندوق
airily,خوش مزاجي سے ـ زنده دلي سے
airjacket,هوائي صدري ـ هوا سے بھري هوئي بنڈي
airless,بے هوا ـ ايسي جگه جهاں هوا نه هونے سے دم گھٹے
airline,هوائي راسته
airlock,هوائي دباؤ کا کمره
airmachanic,هوائي جهاز کا مستري
airman,هوا باز
airmarshal,هوائي فوج کا افسر
airness,کشادگي ـ لطافت
airpistol,هوائي پستول
airplane,هوائي جهاز
airpocket,هوائي تھيله ـ فضا کا وه مقام جهاں هوا زور سے زمين کي طرف گرتي هے
airpump,هوا نکاس ـ هوا کش ـ آله
airraid,هوائي حمله
airscout,هوا باز جو دشمن کي نقل حرکت پر نظر رکھتے هيں
airthermometer,هوائي حرارت پيما اس ميں پارے کي جگه هوا هوتي هے
airthreads,هوائي مکري کا جالا ـ شيطان کي ڈور
airtight,هوا بسته وه چيز جس ميں هوا نه جاسکے
airtruck,هوائي جهاز کا سامان رکھنے کا حصه
airway,کانوں اندر هوا آنے کا راسته ـ هوا گذر
airworthy,اڑنے کے قابل
airy,کھلا ـ هوادار ـ کشاده ـ باريک
aiship,غباره کي قسم کا هوائي جهاز جو هوا سے هلکا هوتا هے
aisle,گرجا کي نشستوں کا درمياني راسته ـ بغلي راسته
ait,دريائي جزيره ـ ٹاپو جو دريا يا جھيل ميں هو
aitchbone,پيٹھ کے نيچے کي هڈي ـ کولهے کي هڈي
ajar,دروازه نيم کا ـ آدھا کھلا هوا ـ تھوڑا کھلا
akimbo,کھڑے هونے کا ايک خاص انداز ـ کمر پر هاتھ اور کهنياں اوپر کي جانب
akin,خون کا رشته دار ـ قريبي برادري کا ـ سگا ـ ايک طرح کا
alabaster,سنگ جراحت ـ سفيد اور چکنا سنگ مرمر جيسا پتھر
alack,افسوس ـ هائے افسوس ـ سبحان اﷲ
alacrity,چالاکي ـ پھرتي ـ شوق
alamode,وضعداري سے ـ خوش وضعي سے ـ اچھے ڈھنگ سے
alarm,چوکس يا چوکنا کرنا ـ ڈرانا ـ خطرے سے خبردار کرنا
alarmbell,خطرے کي خبر دينے والي گھنٹي
alarming,ڈراؤني ـ دهشتناک ـ خوفناک
alarmism,ذرا سي بات پر شور کرنے کي عادت
alarmist,هولا ـ وه شخص جو ذرا سي بات پر شور مچائے
alas,هائے هائے ـ افسوس صد افسوس ـ حيف
alastor,انتقام کي ديوي ـ قديم يونانيوں کا خيال تھا که پر گناه گار کو سزا ملتي سے اور اس کے ليے ايک ديوي مقرر هے
alb,پادروں کا سفيد لمبا لباس
albata,ايک چمکدار سفيد مرکب دھات ـ تانبے جست اور نکل سے بناتي هوئي دھات
albatross,بحر الکاهل اور جنوبي سمندروں کا ايک پرنده جس کے پر سياه سفيد اور پنکھ لمبے هوتے هيں
albeit,اگرچه  ـ البته ـ باوجود يه که ـ حالانکه
albertchain,گھڑي کي ايک زنجير جو ملکه وکٹوريه کے شوهر شهزاده البرٹ پهنا کرتے تھے
albescent,سفيدي ماهل ـ وه چيز جو سفيد هو رهي هو
albigenses,جنوبي فرائس کے وه لوگ جنهوں نے رومن چرچ کے خلاف بغاوت کي اور پادريوں کي پول کھول دي ان کي بداخلاقيوں کو البم نشر کيا
albiness,بھوڑي عورت ـ بھوڑا پن
albinism,بے لوئي حالت ـ بھوڑے پن کي کيفيت
albino,بھوڑا ـ چندھا
albite,ايک قسم کي سفيد رنگ کي پتھريلي دھات
album,بياض ـ تصويروں اور دستخط کي کتاب
albumen,انڈے کي سفيدي ـ ايک قسم کا سفيد ماده جو بيجوں اور گودے دار جوڑوں ميں پايا جاتا هے ـ مغز ـ گري ـ گودا
albumenize,تصوير کو چمکدار بنانا ـ کاغذ پر بيضوي روغن چڑھانا
albuminold,انڈے کي سفيدي جيسا
albuminous,مغزدار ـ گودے دار ـ انڈے کي سفيدي
alburnum,ايسے درخت چن کي چھال کے نيچے رسيلي لکڑي هوتي هے
alcachest,محلل
alcaic,يوناني شهر القيوس کے متعلق
alchemic,کيميا گري کے متعلق
alchemical,کيميا کے بارے ميں ـ الکيميائي
alchemist,مهوس ـ کيمياگر
alchemistic,کيميا گرانه
alchemize,ماهيت تبديل کرنا ـ کيميا بنانا
alchemy,علم کيميا ـ کيميا گري
alcohol,الغول ـ روح شراب ـ وه عرق جس ميں الکحل هو
alcoholate,الکوحل کا ايک مرکب
alcoholic,الکحلي ـ الغوبي
alcoholism,انساني جسم پر شراب کے اثرات ـ الکحيت
alcoholization,الکحل کے اثر پذيري ـ الکحل ميں ڈبونا يا تر کرنا
alcoholized,الکحل پلايا هوا
alcoholometer,وه آله جو مسکر عرق ميں الکحل کي مقدار بتائے ـ الکحل پيما
alcoholometry,الکحل پيمائي
alcoran,قرآن جو بزيعه وحي حضرت محمدﷺ  پر نازل هوا
alcoranic,قرآني
alcove,طاقچه ـ محراب ـ آرام گاه ـ خواب گاه ـ گرميوں ميں سونے کا مختصر کمره
aldehyde,ايک بے رنگ اڑ جانے والا مرکب ماده جو الکحل پر آکسيجن کے اثر پيدا کرتا هے
alder,بيد کي قسم کا ايک درخت
alderman,مير بلديه کا باهب ـ دوسرے درجے کا عهديدار
aldermanry,الڈر مين کا عهده ـ وه علاقه جو الڈر مين کے ماتحت هو
alderney,ايک قسم کي پستي قد بھورے رنگ کي گائے جو بهت زياده دودھ ديتي هے
aldine,الدوسي ـ خاص طرز کے ٹائپ کے حروف کے نام
ale,جو کي شراب ـ رنگ رلياں ـ مجلس شراب
alebench,وه بينچ جو گاهکوں کيلئے شراب خانے کے دروازے پر رکھي هو
aleconner,انسپيکٹر آب کاري ـ وه عهديدار جو شراب پر نگراني رکھے
alegar,جو کي خمير سے تيار کيا هوا سرکه
alehouse,شراب خانه ـ ميخانه
alembic,بھيکا ـ شراب کشيد کرنے کا آله
alert,هوشيار ـ کمر بسته ـ چست
alertly,هوشياري سے ـ مستعدي سے
alertness,آمادگي ـ چستي ـ هوشياري ـ مستعدي
aleuron,وه سفيد ماده جو بيجوں کے مغز ميں پايا جاتا هے
alewife,شراب بيچنے والي عورت
alexanderine,فرانسيسي چھ رکني بحر
alfalfa,ايک قسم کي گھاس ـ لوسن جو ايک بار کاست کرنے سے چھ فصليں ديتي هے
alfresco,کھلي هوا ميں ـ ميدان ميں
alga,سمندري کاني ـ بحري گھاس
algal,اشنه نما ـ کاني سا
algebaist,جبردان
algebra,الجبرا ـ جيرومقابله
algebraic,الجبرے کا
algebraically,الجبرے سے
algedity,لرزه ـ سردي
algid,جوڑي ميں مبتلا ـ کپکپي
algological,اشني ـ کاني کے متعلق
algologist,اشنيات کا ماهر
algology,بحري نباتات کا علم
algorism,عربي اعشاريه
alias,عرف ـ عرف نامي ـ مشهور نام
alibi,موقع واردات پر غير موجودگي کا عذر ـ دوسري جگه هونا
alidade,اصطرلاب کا درجه نما ـ زاويه
alien,غير ـ غير ملکي ـ پرديسي ـ الگ ـ مختليف ـ عليحده ـ بے جوڑ ـ جدا
alienability,انتقال پذيري
alienable,قابل منتقلي ـ انتقال پذير
alienate,منحرف کرنا ـ بيگانه کرنا ـ موڑ دينا
alienation,اجنييت ـ بيگانگي ـ فروخت ـ انتقال
alienator,علهيده کرنے والا ـ منتقل کرنے والا
alienee,منتقل اليه ـ جس کے هاتھ فروخت کيا جائے
alienism,دماغي امراج کا مطالعه
alienist,دماغي امراج کا معالج
alight,اترنا ـ نيچے آنا ـ سواري سے اترنا
align,صف باندھنا ـ قطار بنانا ـ ايک خط ميں لانا
alignment,عمارت کا خاکه ـ قطار ـ صف بندي
alike,هم شکل ـ يکساں ـ هم رنگ
aliment,غذا ـ خوراک ـ قوت ـ سهارا ـ گزارا ـ دماغي غذا
alimental,مقوي ـ طاقت بخش
alimentally,قوت بخش طريقه پر
alimentary,غذائيت سے بھرپور ـ مقوي ـ کھانے کے قابل
alimentarycanal,معدے تک غذا پهنچانے والي نالي
alimentation,عمل ـ تغذيه ـ گزارا
alimony,پرورش ـ گزارا ـ نان و نفته جو شوهر پر بيوي کي طرف سے واجب هے
aliquot,وه عدد جو پورا پورا تقسيم هو جائے اور کچھ باقي نه بچے
alive,جيتا جاگتا ـ زنده ـ باخبر ـ احساس رکھنے والا ـ چالاک ـ تيار
alizarin,مجيٹھ ـ مجيٹھے کا رنگ
alkahest,محلل ـ محلل کل
alkali,سجي ـ جوا کھار ـ القلي ـ شوره
alkalifiable,شوره بنائے جانے کے قابل
alkalify,سجي شوره بنانا
alkalimetry,شوره يا سجي کي تيزي کا اندازه
alkaline,قلمي صفت ـ قلمي شوره کي طرح کھاري
alkalization,سجي جيسا ـ شوره سازي
alkalize,شوره کي طرح بنانا ـ کھاري بنانا
alkaloid,سخت قسم کي سجي يا شوره کا جز رکھنے والي چيزيں
alkaltimetrical,شوره يا سجي کي تيزي کي پيمائش کے متعلق
alkanet,مهندي
all,سب ـ سارا ـ تمام
allah,اﷲ )بے شک جو ساري کائنات کا مالک هي(
allay,زور کم کرنا ـ دھيما کرنا
allegation,دعوي ـ عذر ـ الزام ـ حتمي ـ بيان
allege,الزام دينا ـ بيان حلفي ـ منسوب کرنا ـ بطور دليل پيش کرنا
allegeable,پيش کرنے کے قابل ـ قابل بيان
allegeance,جان نثاري ـ نمک حلالي
alleged,بياں کرده
allegoric,مجازي ـ مثالي
allegorical,پيرانه مجاز ميں ـ مثالي
allegorically,تمثيلا ـ مجازا
allegorist,تمثيل نگار ـ مجاز ميں بياں کرنے والا
allegory,تمثيل ـ مجازيه ـ علامت ـ شان ـ پيکر
alleluia,سب تعريف تجھ کو اے اﷲ ـ خدا کي تعريف ـ حمد ه ثناه
alleviate,هلکا کرنا ـ کم کرنا
alleviation,تخفيف ـ کمي ـ تسکين
alleviative,تسکين دينے والي دوا ـ درد کم کرنے والا
alleviator,درد کم کرنے والا
alleviatory,مسکن ـ تسکين دينے والي دوا
alley,پٹري ـ تنگ راسته
alliance,رشته ـ تعلق ـ ناطه ـ قرابت ـ معاهده
alligation,مختلف قدروں کا حساب ـ در کھاته
alligator,نهنگ ـ گھڑيال ـ مگرمچھ
alliterate,تجنيس کرنا ـ تجنيس حرفي يا لفظي بنانا
alliteration,سه حرفي صنعت ـ تجنيس خطي
alliterative,تجنيس سے متعلق
alliteratively,تجنيسي طور پر
allocate,مقرر کرنا ـ تجويز کرنا ـ قائم کرنا
allocation,تعين ـ استقرار ـ نامزدگي
allodial,آزاد اور مالکانه زمينداري کے متعلق
allodialism,آذاد زمينداري کي حمايت
allodialist,آزادانه زمينداري کے نظريه کو ماننے والا
allodially,آزادانه طور پر
alloduim,آزاد زمينداري ـ کل ملکيت
allogamy,پيوند لگانا ـ قلم باندھنا
allopathic,علاج بالضد سے متعلق
allopathically,علاج بالضد کے اصول کے مطابق
allopathy,امراض کا علاج مخالف اثرات سے کرنا ـ علاج بالضد
allot,بانٹنا ـ تقسيم کرنا ـ حصه دينا ـ مقرر کرنا
allotment,تقسيم ـ حصه ـ بخرا
allottee,وه شخص جس که جائداد دي جائے
allowance,وظيفه دينا ـ خوراک دينا ـ يوميه ـ منصب
alloy,ملاوٹ کھوٹ ـ مختلف دھاتوں کا مرکب
allseed,جنوبي انگلستان کا ساحلي پودا
allspice,خوشبودار جھاڑياں ـ جميکا کي ايک خاص قلغل
allude,اشارے  کنانے ميں کهنا
allure,لبھانا ـ موه لينا ـ سبز باغ دکھانا
allurement,اغواه ـ ترغيب ـ لالچ
alluring,دل موھنے والا ـ دل لبھانے والي
alluringly,ترغيب دلاتے هوئے ـ ورغلانے کے طور پر
allusion,ايما ـ رمز ـ اشاره ـ کنايه ـ حواله
allusive,پر اشاره ـ رغبت آميز
allusively,بالکنايه ـ تلميحا ـ اشارتاً
allusiveness,کنايه آميزي
alluvial,زرخيز ـ سيلاهي
alluvion,نئي زمين ـ وه مٹي جو پهاڑ کے ساتھ آتي اور جم جاتي هے
alluvium,سيلاب سے آتي هوئي مٹي
ally,دوست ـ زفيق ـ سنگ مرمر کي گولي ـ ملانا ـ متفق کرنا ـ رشته جوڑنا
alma,مصري رقاصه
almagest,بطليموس کي کتاب کيميا اور فلکيات پر جه آج تک مفيد کتاب سمجھي جاتي هے
almanac,جنتري ـ کلينڈر ـ تقويم
almandine,سرخ رنگ کا قيمتي پھتر جس ميں بنفسي رنگ جھلکتا هے
almightiness,قدرت کامله
almighty,حق تعالي ـ قادر مطلق
almner,سرکاري شعبه خيرات و صدقات کا کارکن
almond,بادام نما پھل ـ بادام
almoner,سرکاري شعبه خيرات و صدقات کا کارکن
almost,قريب قريب
alms,خيرات ـ خدا کے نام پر دي هوئي چيز
aloe,تھوپر کي قسم کا پودا ـ ايلوا
aloes,دست آور دوا
aloetic,ايلو کا اثر رکھنے والي
aloft,اوپر کي طرف ـ اونچا ـ بلند
alone,صرف ـ تنها ـ اکيلا
along,ايک سرے سے دوسرے سرے تک ساتھ ساتھ
alongside,ساتھ ساتھ ـ پهلو به پهلو
aloof,بے تعلق ـ الگ تھلگ
aloofness,بے تعلقي ـ بے ربطي ـ تنهائي
aloud,به آوار بلند
alp,پهاڑ کي چوٹي ـ سبز چراگاھ
alpaca,لاما جس کے لمبے نرم بال هوتے هيں ـ کپڑے کي اون سے بنائے جائيں
alpenstock,لامبي مضبوط چھڑن جو پهاڑ کي چڑھائي ميں استعمال هوتي هے
alpha,يوناني زبان کا پهلا حرف
alphabet,حروف تهجي
alphabetic,حروف تهجي کے متعلق
alphabetical,حروف تهجي کے مطابق
alpine,کوه الپس کے متعلق
alpinist,کوه الپس پر چڑھنے والا
already,ايک وقت تک کيا هوا ـ وقت مقرره تک
alsatia,جرمني کا ايک صوبه
alsation,کتوں کي ايک نسل
also,مزيد برآں ـ ساتھ ساتھ ـ بھي ـ علاوه
altar,قربان گاه ـ نذر نياز چڑھانے کا چبوتره
altarcloth,قربان گاه کا غلاف
altarwise,قربان گاه کي طرح
altazimuth,ايک آله جس سے اجرام فلکي کي سمت اور بلندي معلوم کرتے هيں
alter,بدلنا ـ تبديل کرنا ـ تغير کرنا ـمرمت کرنا ـ اصلاح کرنا
alterability,اصلاح اور تبديلي کي صلاحيت
alteration,تغير ه تبديل ـ تبديلي ـ رد ه بدل
alterative,وه دوا جو آهسته آهسته مرض کو دور کردے
altercate,جھگڑنا ـ بحث و تکرار کرنا
altercation,حجت ـ تو تو ميں ميں ـ جھگڑا ـ بحث
alternate,ده چيزوں کا يکے بعد ديگرے آنا ـ ادل بدل کرنا
alternately,اپني اپني باري سے ـ ايک کے بعد دوسرا ـ باري باري سے
alternating,بطريق آخر ـ بصورت ديگر
alternation,هيرا پھيري ـ ادل بدل
alternative,سبيل ـ راسته ـ صورت
although,اس کے برعکس ـ باوجوديکه ـ پرچند ـ اگرچه
altimeter,بلندي کي پيمائش کا آله ـ ارتفاع پيما
altitude,اونچائي ـ ارتقاع ـ بلندي ـ گهرائي ـ اونچي جگهيں
alto,پاٹ دار آواز ميں گانے والا
altogether,سب کو ملا کر ـ جمله ـ تمام تر
altorelievo,ابھري هوئي تصوير يا مورت
altruism,ايثار ـ بے نفسي
altruist,عوام کا بهي خواه ـ صاحب ايثار
altruistic,فياضانه ـ ايثار آميز
altruistically,رضائے الهي کے لئے ـ بے غرضانه طور پر
alum,پھٹکري ـ پھٹکري ملا هوا نمک
alumina,المونيم اور آکسيجن کا مرکب جو ايک قسم کا سفيد سفوف هوتا هے
aluminous,پھٹکري جيسا
aluminum,ايک قسم کي هلکي دھات
alumnus,شاگرد ـ طالبعلم
alveolar,شهد کے چھتے کي طرح
alveolate,مشبک ـ شهد کي مکھيوں کے چھتے کي طرح
alveolus,دانت کا گھر
alway,هميشه ـ سدا ـ مدام
am,هوں
amadou,خشک ماده
amain,بے تحاشه ـ بڑے زور سے ـ شدت سے
amalgamate,آميزش هونا ـ ملانا
amalgamation,امتزاج ـ آميزش
amalgamative,سمونے والا ـ امتزاج کرنے والا
amalgamator,ملانے والا ـ خط کرنے والا
amalgum,پاره کے ساتھ کسي دوسري دھات کا ميل
amanuenses,املا نويس ـ سن کر لکھنے والا
amanuensis,املا نويس
amarant,سدا بهار پھول
amaranthine,سدا بهار ـ شاداب
amaranthus,سدا بهار
amarantus,سدا بهار
amaryllis,نرگس کي قسم کا ايک پھول ـ يوناني ديهاتي لڑکي
amass,جمع کرنا ـ فراهم کرنا
amateur,شوقين ـ کسي فن کو شوقيه سيکھنے والا
amateurish,شوقيه
amateurishly,شوقيه طور پر
amateurishness,شوقيت
amateurism,شوقيني
amative,عاشق مزاجي ـ عشق
amativeness,عشق ـ پربت
amatorial,شوقيني
amatory,شهواني ـ عشقيه
amaurosis,ضعيف بصر ـ اندھا پن
amautrotic,اندھے پن کا ـ نابينائي کا
amaze,حيران کرنا ـ متحير کرنا
amazedly,حيرت انگيز انداز سے
amazement,عجب ـ حيرت
amazing,تعجب انگيز ـ حيران کن
amazingly,تعجب سے
amazon,يوناني تاتاري جنگنو عورت ـ تنومند بهادر عورت
amazonian,بھاري بھر کم ـ قوي هيکل عورت
ambages,چکر دار راستے
ambassador,سفير ـ ايلچي ـ بااختيار سفير
ambassadorial,سفارتي طور پر
ambassadress,سفير کي بيوي ـ سفيره
amber,عنبر کهوبا
ambergres,ايک قسم کا مومي ماده ـ کچا عنبر
ambidexter,دغا باز ـ دو پتھا
ambidexterity,دونوں هاتھوں کا يکساں چلنا
ambidextrous,دغا باز
ambidextrously,دونوں هاتھوں سے
ambidextrousnes,دوهھتا پن
ambient,محصور ـ محفوظ
ambiguity,ابهام ـ مبهم بات
ambiguous,مشکوک ـ گول مول
ambiguously,غير واضع طور پر
ambiguousness,مشکوکيت
ambit,حد ـ وسعت
ambition,هوس ـ اولوالعزمي
ambitious,آرزو مند ـ مشتاق
ambitiously,بلند نظري سے ـ عالي حوصلگي سے
ambitiousness,بلند نظري
amble,گھوڑے کي چال ـ سبک رفتاري
ambrosia,ديوتاؤں کي خوراک
ambrosial,معطر ـ مهکتي هوئي
ambulance,مريض ڈولي يا گاڑي ـ ايمبولينس
ambuscade,کمين گاھ ـ گھات
ambush,چھپي هوئي فوج
ameer,سردار ـ حاکم
ameliorate,بهتر بنانا ـ بهتر هونا
amelioration,بهتري ـ اصلاح ـ درستي
ameliorative,اصلاحي ـ رفاهي
ameliorator,ترقي دينے والا ـ بهتر بنانے والا
amen,آمين ـ خدا ايسا هي کرے
amenability,معقوليت ـ جواب دهي
amenable,ماننے والا
amenableness,صلاحيت ـ اطاعت پذيري
amenably,اثر پذيري سے
amend,سيدھي راه پر آنا ـ تائب هونا
amendable,ترميم پذير ـ قابل اصلاح
amendment,درستي ـ اصلاح
amenity,خوشگواري ـ آرام پهنچانے والي چيز
america,امريکه
american,امريکن
americanism,امريکه پسندي
americanize,امريکي محاورات بولنا
amethyst,باقوت جمري
amethystive,ياقوتي
amiability,دلنوازي ـ خوش خلقي ـ محبت
amiable,ملنسار ـ خوش خلق
amiableness,محبت ـ تلطف
amiably,ملنساري سے ـ از راه لطف
amice,مذهبي لباس کا ايک حصه
amid,بيج ميں ـ درميان ميں
amide,جهاز کے وسط ميں
amidin,نشاسته کا حل هو جابے والا حصه
amidship,جهاز کے وسط ميں
amis,غلط ـ بيجا ـ اپني جگه سے هٹا هوا
amiss,غلط ـ بيجا
amity,بھائي چاره ـ دوستي
ammeter,برق پيما
ammonia,ايک بے رنگ گيس جو ناک اور آنکھ پر تيز اثر کرتي هے
ammunition,گوله بارود ـ فوجي سامان
amnesia,نسيان ـ پھول
amnesty,عام معافي ـ نظر انداز کرنا
amoeba,پائي ابتدائي ذي روح ـ اميبا
among,درمياني ـ بيچ ـ مابين
amongst,درميان ـ بيچ ـ مابين
amorous,عشق باز ـ عاشق
amorously,عاشقانه طور پر
amorousness,عاشق مزاجي
amorphous,بے شکلا ـ جس کي کوئي شکل نه هو ـ بے هنگم
amount,مقدار ـ معافي ـ کسي وزن کا هونا
amour,عاشقانه لگاؤ ـ عشق کا معامله
amphibia,خشکي اور تري دونوں کا وه جانور جو خشکي اور پاني دونوں رهے
amphibian,خشکي و تري دونوں کا وه جانور جو خشکي و تري دونوں ميں رهے
amphibious,جس کا تعلق خشقي اور تري دونوں سے هو
amphitheater,گول تماشا گاه جس ميں چاروں طرف نشستيں هوں ـ گول گھر ـ دنگل
ampitheater,گول گھر ـ دنگل
ample,فراخ ـ کشاده ـ وسيع
amplification,پھيلاؤ ـ توسيع
amplified,بڑا ـ طول ـ بلند
amplify,بڑا کرنا ـ طول دينا ـ آوار بلند کرنا
amplitude,شان ـ عزت ـ وقار
amputate,کاٹ دينا ـ قطع کرنا
amputation,قطع و بريد ـ قطع عضو
amuck,پاگل هو کر لوگوں پر حمله کرنا
amulet,تعويذ
amuse,دلچسپي پيدا کرنا ـ هنسانا
amusement,دل بهلاوا ـ کھيل ـ تفريح
amythicize,افسانه بنانا ـ وهمي اور فرضي واقعات کا رنگ دينا
an,ايک ـ واحد
anabaptism,باز اصطباع ـ ايک عيسائي فرقه کا مزهبي عقيده
anabaptist,دوباره ـ بپتسمه دينے والا
anachronic,جس ميں غلط وقت کا حواله ديا جائے
anachronism,زمانه کا حساب لگائے ميں غلطي
anaconda,لنکا کا طڑا ازدھا
anaemia,خون کي کمي کا مرض ـ خون کي کمي
anaesthesia,بے حسي ـ غفلت ـ بيهوشي
anaesthetic,بيهوشي پودا کرنے والي
anagram,حروف آگے پيچھے کرکے نيا لفظ بنانا
anal,مقصد کے متعلق
analog,ايک جيسا هونا ـ تناسب ـ مطابقت
analogic,مثالي ـ تمثيلي
analogist,نظير دينے والا ـ تمثيل پسند
analogous,ملتا جلتا ـ هم شکل
analyse,تشريح کرنا ـ تجزيه کرنا ـ خلاصه بيان کرنا
analysis,تحليل ـ تجزيه
analyst,فن تحليل کا ماهر ـ محلل ـ تجزيه نگار
analytic,تحليلي ـ تشريحي
analytical,جس ميں تحليلي اسلوب سے کام ليا جائے
anarchic,بے قانون ـ بے نظم و ضبط
anarchical,بے نظم و ضبط ـ نراجي
anarchist,نراج کا حامي
anarchy,قانوني حکومت کا تعطل
anathema,ملعون چيز
anathematize,برا کهنا ـ لعنت بھيجنا
anatomical,علم الاعضائ سے متعلق
anatomist,علم الاعضائ کا ماهر
anatomize,اعضائ کو علحيده کرنا
anatomy,علم الاعضائ
ancestor,آباواجداد ـ باپ دادا
ancestral,نسلي ـ آبائي
ancestry,نسب
anchor,جهاز کا لنگر
anchorage,لنگر اندازي
anchorete,گوشه نشين ـ جوگي
anchovy,ايک چھوٹي مچھلي
ancient,قديم ـ پرانا
anciently,قديمي
ancillary,معمولي ـ گھٹيا ـ ماتحت
and,اور بھي ـ اور ـ اس کے ساتھ
anecdotal,روايت کے مطابق
anecdote,واقعه ـ قصه ـ روايت
anecdotist,داستان گو ـ قصه گو
anemoghraph,ايسا آله جو کاغذ پر هوا کي رفتار اور اس کے رخ کا خاکه بنائے
anemometer,هوا کا زور دريافت کرنے کا آله
anemone,ايک قسم کے پودے
aneroid,هوا کے دباؤ کے متعلق
anew,نئے سرے سے
angel,ملکوتي صفات کا حامل ـ فرشته
anger,غصه ـ خشم ـ ناراضي
angina,دل کي کمزوري
angle,زاويه ـ گوشه ـ کونه
angler,مچھلي کا شکاري
anglican,انگلستان کے گرجا کا کارکن
anglicism,انگريزي محاوره
anglicize,انگريزي بنانا
anglomania,انتهاهي افگريزيت پسندي
angola,ايک نفس کپڑا جو نگولا اون سے بنايا جاتا هے
angora,ايک نفيس کپڑا
angry,خشم آلود ـ غصه ميں
anguish,روحاني اذيت يا تکليف
angular,کونے رکھنے والا ـ گوشه دار
anhydrous,خشک ـ بغير پاني کے
anilin,ايک کيميائي مرکب
aniline,ايک کيميائي مرکب جو رنگ سازي کے کام آتا هے
animadversion,برا بھا کهنا ـ تنقيد ـ ملامت
animadvert,تنقيد کرنا
animal,جانور ـ جاندار
animalism,حيوانيت ـ حيواني حرکت
animality,حيوان پن
animate,زنده کرنا ـ حرکت پيدا کرنا ـ جاندار
animism,يه عقيده که حيواني مظاهر ايک غير مادي روح سے پيدا هوتے هيں
animist,بھوت پربت کا ماننے والا
animosity,خصوصيت ـ دشمني
animus,روح رواں ـ دشمني
aniseed,باديان ـ سونف
anker,شراب کا پيمانه
ankle,تخنه ـ گٹنا
anklet,پائل ـ پازيب
anna,آنه
annal,واقعه
annalist,تاريخي واقعات ترتيب دينے والا
annex,ساتھ ملانا ـ شامل کرنا
annexation,عمارت اضافه ـ توسيع
annihilate,فنا کر دينا ـ مٹا دينا
annihilation,کالعدم هونا ـ هلاکت
anniversary,سالگره ـ برسي
anno,سن عسوي
annonciator,اعلان کرنے والا ـ مشتهر
annotate,کتاب کي تفصيل لکھنا ـ شرح لکھنا
annotation,حاشيه ـ شرح
annotator,شارح ـ حاشيه نگار
announce,تشهير کرنا ـ اعلان کرنا
annoy,ناراض کرنا
annoyance,ناراضي
annual,سالانه
annually,هر سال پر ـ هر سال
annuity,سالانه وظيفه
annul,منسوض کرنا
annulment,منسوخي ـ تسنيخ
annunciate,مشهور کرنا ـ اعلان کرنا
annunciation,شهرت ـ اعلان
anodyne,مسکن ـ درد کم کرنے والي دوا
anomalous,نامناسب ـ غلط
anomaly,غلطي ـ بے قاعدگي
anonmity,بے عنواني ـ گمنامي
anonymous,بے نام ـ گمنام
anopheles,ايک قسم کا مچھر جس سے مليريا هوتا هے
another,ايک اور ـ مزيذ ـ دوسرا
answer,جواب دينا ـ جوابي کاروائي
ant,چيونٹي
antagonism,مخالفت ـ دشمني
antagonist,دشمن ـ حريف
antagonistic,مخالفانه ـ حريفانه
antagonize,مخالفت کرنا ـ دشمن بنانا
antarctic,قطب جنوبي سے متعلق
antecedence,اوليت ـ سبقت
antecedent,پهلے واقع هونے والا ـ قبل آنے والا
antechamber,بڑے کمرے کے ساتھ چھوٹا کمره
antechapel,گرجے کي مغربي جانب بيروني حصه
antedate,اصلي تاريخ سے پهلے کي تاريخ ڈالنا
antediluvian,پرانا ـ طوفان سے پهلے کا
antelope,آهو کي ايک قسم ـ مرگ
antemeridiem,دوپهر سے نصف شب تک
antenatal,پيدائش سے پهلے
antenna,کيڑوں کے حساس اعضائ يا بال ـ محاس
anterior,پيشتر ـ آگے کا ـ سامنے کا
anthem,قومي ترانه ـ حمد
anther,زيره ـ زيره گل
antheral,زيره گل کے متعلق
antheriferous,زيره دار
antheriod,زيره گل
anthologist,منتخب اشعار کا مؤلف
anthology,بياض اشعار ـ منتخب کلام
anthony,سينيٹ انتھني جو سور کے چرواھوں کا سرپرست مانا جاتا تھا
anthracite,وه کوئله جس ميں پتھر کا زياده جز هوتا هے
anthrax,پھوڑا ـ پھنسي ـ دنبل
anthropocentric,مرکوز باليشر ـ اس عقيده سے متعلق که انسان هي کائنات کا مرکز هے
anthropography,انسان کي نسل اور مختلف قوموں کي جغرافيائي تعليم کا علم
anthropoid,انسان جيسا
anthropologist,انسانيت دان
anthropology,علم الانسان
anthropophagous,آدم خور
anti,مخالف ـ حريف
antibillious,قاطع صفرا
antic,تماشا ـ کھيل
antichrist,دجال ـ دشمن حضرت مسيح
antichristian,متعلق به دجال
anticipant,پهل کرنے والا
anticipate,پيش بيني کرنا ـ پهل کرنا
anticipation,سبقت ـ پيش بندي
anticipator,قبل از وقت سمجھنے والا
anticipatory,توقع کا
anticlimax,عروج کي ضد ـ اتار
antidote,ترياق ـ زهر مار
antimasque,نقل ـ طريفانه ادا کاري
antimony,سرمه ـ کحل ـ انجن
antinomian,اخلاق قانون کا منکر
antipathetical,نه اکراه
antipathy,دشمني ـ نفرت ـ بير
antiphlogistic,ورم کو تحليل کرنے والا
antipode,وه مقامات جو ايک دوسرے کے مقابل هوں ـ برعکس ـ مقابل
antipole,بالکل برعکس ـ قطب مقابل
antipope,پاپائے منتخبه کے مقابلے ميں کسي دوسرے کا انتخاب کرنا
antiquarian,آثار قديمه کا ماهر
antiquary,پرائي چيزيں جمع کرنے والا
antiquate,پرانا قرار دينا
antique,پرانا ـ قديم ـ کهنه
antiquity,قديم رسوم يا آثار
antiscriptural,منکر وحي
antisemite,يهوديوں کا مخالف
antisemitic,سامي نسل کا مخالف
antiseptic,صاف کرنے والا ـ سڑن روکنے والا
antisocial,سماج دشمن
antitheism,دھريت ـ خدا کي وجود سے انکار )نااعضوبلله(
antitheist,دھريه ـ خدا کا منکر )کافر(
antitheses,صنعت تضاد ـ ضد
antithesis,تضاد تقابل ـ ضد
antithetic,مقابل ـ ضديں رکھنے والا
antitype,اصل ـ اساس
antler,شاخدار سينگ
antonym,ضد ـ اضداد
anvil,سندان ـ نهائي ـ اھرن
anxiety,فکر ـ تشويش ـ پريشاني
anxious,تردد خيز ـ تشويش ناک ـ پريشان کن
any,کوئي کوئي سا ـ کچھ بھي
anything,کوئي ايک چيز ـ هر چيز
anytime,هر وقت
anyway,بحر حال
anywise,جس طرح بھي هو ـ بهر حال
aorist,مضارع ـ جس ميں کسي زمانے کا  تعين نه هو
aorta,شاه رگ
aortic,شه رگ سے متعلق
apace,جلدي سے ـ تيزي سے
apache,غنڈا ـ پيرس کا شهد
apanage,بادشاه کے چھوٹے بچوں کا وظيفه
aparnassus,يونان کا ايک پهاڑ جو قديم زمانے ميں فنون لطيفه کے ديويوں کا مسکن سمجھاجاتاتھا
apart,الگ ـ عليحده
apartment,کمره ـ حجره
apatetic,بے حس ـ بے پرواه ـ مرده دل
apathetic,لا ابالي ـ مرده دل
apathetically,لا پروائي سے ـ مرده دلي سے
apathy,مرده دلي ـ سرد مهري
ape,گوريلا ـ بے دم بندر ـ ريس کرنا ـ نقل کرنا
aperient,دست آور ـ ملين دوا
aperture,سراخ ـ شگاف ـ روشن دان
apery,بندر خانه ـ نقالي
apetalous,وه پھول جس ميں پنکھڑي يا چهره گل نه هو
apex,نوک ـ سرا
aphasia,بے معني باتيں ـ بات نه کر سکنا
aphelion,اجرام فلکي کي مدار کا وه مقام جب وه سورج سے دور هوتے هيں
apheliotropic,آفتاب کي طرف سے مڑ جانے والا
aphonia,آواز کا بالکل جاتے رهنا
aphonus,بے آواز ـ بے زبان
aphony,بے زباني ـ گله بيٹھ جانا ـ آواز غائب هو جانا
aphorism,کهاوٹ ـ مقوله ـ ضربالمثال
aphorismic,پرحکمت
aphoristic,حکيمانه ـ حکمت آموز
aphoristically,مقولے کے طور پر ـ مثل کے طور پر
aphrodisiac,شهوت انگيز غذا يا دوا
aphyllous,بے برگ
apiarian,پرورش نحل کے متعلق
apiarist,شهد کي مکھياں پالنے والا
apiary,مهال ـ چھتا
apiece,فردا فردا ـ ايک ايک
apish,ميموني ـ ميمون خصلت
apishly,بندر کي طرح
apishness,ريس ـ ميمونيت
aplomb,سيدھا کھڑا هونا ـ اپنے اوپر پورا قابو
apocalypse,الهام بالخصوص وه جو يوحنا کو جزيره پتموس ميں هوا
apocalyptic,کشفي ـ الهامي
apocalyptically,مکاشفانه طور پر ـ کشفي طريقه سے
apocopate,زحافات لگانا ـ حذف کرنا
apocope,کسي لفظ کا آخري حرف حذف کر دينا ـ صنعت ترخيم
apocrypha,اسفار محرفه ـ وه الهامي پارے جو عيراني ميں نهيں پائے جاتے ليکن لاطيني عهدناموں ميں هوں
apocryphal,غير مستند ـ وضعي ـ نقلي
apod,وه مچھلي جس کے پيٹ پر پر نهيں هوتے ـ بے پرا
apodal,بے پرا ـ بے پيرا
apogean,انتهائي بلند
apogee,بلند ترين مقام
apolaustic,نفيس پرست
apollo,سورج کا ديوتا
apollyon,شيطان
apologetic,شرمنده ـ نادم ـ حمايتي
apologetical,نادمانه ـ منفعلانه
apologetically,نادمه طور پر
apologist,دلائل سے ثابت کرنے والا
apologize,نادم هونا ـ معذرت کرنا
apologizer,معذرت کرنے والا
apologizing,معذرت
apologue,اخلاقي قصه ـ اخواقي حکايت
apology,عذر خواهي ـ معذرت
apophthegm,جامع کلمه ـ کهاوت
apophthegmatic,جامع و مانع
apoplectic,لقوه زده ـ مرگي کا مريض
apoplexy,لقوه ـ سکته ـ مرگي
apostasy,خدا سے انکار )نااعضوبلله( ـ ارتداد ـ الحاد
apostate,مذهب سے منحرف ـ مرتد
apostatize,مرتد هونا
aposteriori,نتائج سے اسباب معلوم کرنا
apostil,حاشيه کتاب پر لکھي هوئي ياداشت
apostle,رسول ـ نبي ـ پيغمبر
apostolate,حواري ـ مبلغ
apostolic,حواريانه
apostolical,هاديانه ـ زهبرانه
apostolically,حواريوں يا هاديوں کي طرح
apostrophe,حذفيه ـ علامت حذف ـ حذفي
apostrophic,حذفي
apothecary,دوا ساز ـ عطار
apotheosis,حيات ارضي سے آزادي ـ ديوتا بنانا
appal,خوف دلانا ـ ڈرانا
apparatus,ضروري مواد ـ آلات
apparel,پوشاک ـ لباس ـ لباس پهننا
apparent,نماياں ـ ظاهر
apparently,بظاهر ـ نماياں طور پر
apparition,آسيب ـ بھوت
appeal,بالاتر عدالت سے فرياد کرنا ـ مرافعه کرنا
appealable,قابل مراقعه
appear,نظر آنا ـ سائع هونا ـ نماياں هونا ـ چھپنا
appearance,حاضري ـ موجودگي
appeasable,قابل تسکين ـ اطمنينان دلانے کے قابل
appease,رفع کرنا ـ فرو کرنا ـ کم کرنا
appeasement,طمانيت ـ ڈھارس
appellant,التجا کرنے والا ـ مرافعه کرنے والا
appellate,وه حاکم جس کو مرافعه کي سماعت کا اختيار هو
appellation,اصلاحي نام ـ اسم ـ خطاب ـ لقب
appellative,لقب ـ اسم نکره ـ نام
append,لگانا ـ ملحق کرنا ـ وصل کرنا
appendage,ملحقه چيز ـ ضميمه ـ تنمه
appendant,کوئي چيز يا شخص جو بطور ماتحت دوسرے کے ساتھ هو
appendicits,التهاب زائده
appendix,چھوٹي سي چيز جو کسي عضو بدن سے پھوٹے ـ ذيلي شے
apperception,درک ـ ادراک ذهني
appertain,متعلق هونا ـ تعلق يا لگاؤ رکھنا
appetant,تمنائي ـ آرزو مند
appetency,خواهش ـ آرزو
appetite,خواهش ـ رغبت
appetize,رغبت دلانا ـ اشتها پيدا کرنا
appetizer,بھوک تيز کرنے والي دوا
applaud,اظهار پسنديدگي کرنا ـ تالي بجابا
applause,تعريف ـ آفرين ـ پر زور تحسين
apple,سيب
appliance,سامان ـ اوزار
applicability,صحت استعمال ـ موزوئيت
applicable,ضروري ـ قابل استعمال
applicant,درخواست کرنے والا
application,درخواست ـ مصروفيت
apply,درخواست دينا ـ محنت کرنا ـ درخواست کرنا
appoint,مقرر کرنا ـ تعينات کرنا
appointee,تقرر شده شخص
appointment,تعيناتي ـ تقرر
apportion,بانٹنا ـ جائز حق دينا
apportionment,تقسيم حصص
apposite,موزوں ـ پر موقع ـ برحمل
appositely,مناسب طور پر
appositeness,مناسبت
apposition,پهلو به پهلو رکھنا
appraisal,تخمينه ـ اندازه
appraise,اندازه کرنا ـ جانچنا
appraisement,تخمينه ـ اندازه
appreciable,پسنديده ـ عمده ـ قابل قدر
appreciably,نماياں طور پر
appreciate,قدر داني کرنا ـ داد دينا
appreciation,داد
appreciative,قدر دان
appreciatively,قدر داني سے
appreciator,داد دينے والا
appreciatory,بطور دار داني
apprehend,پکڑنا ـ گرفتار کرنا
apprehensible,جسے عقل قبول کرے
apprehension,سمجھ بوجھ  ـ خوف ـ فهم
apprehensive,ذهين ـ خائف ـ سمجھنے والا
apprehensively,پريشاني کے ساتھ
apprehensivenes,فهم ـ ادراک
apprentice,شاگرد ـ اميدوار
apprenticeship,شاگردي ـ نوآموزي
apprise,خبردار هونا ـ آگاه هونا
apprize,اندازه لگانا ـ جانچنا
approach,قريب آنا ـ پاس آنا ـ ملنا
approachable,قابل رسائي
approacher,ملنے والا ـ پهنچنے والا
approaching,رسائي
approbate,خوشي کا اظهار کرنا
approbating,خوشي کا اظهار
approbation,منظوري ـ اجازت ـ پسنديدگي
approbatory,جس سے پسنديدگي ظاهر هو
appropriate,قبضه کرنا ـ زبردستي رکھ لينا
appropriately,مناسب طور پر
appropriateness,مناسب ـ موزوئيت
appropriation,تصرف ـ قبضه
appropriative,عاصبانه ـ قابضانه
appropriator,قبضه کرنے والا
approval,منظوري ـ پسنديدگي
approve,پسند کرنا ـ منظور کرنا ـ تعريف کرنا
approver,سرکاري گواه ـ تعريف کرنے والا
approximate,اندازه ـ مشابه
approximately,قريب قريب ـ تقريباً
approximation,مشابهت ـ قربت
approximative,قريب قريب ـ لگ بھگ
approximatively,اندازه ـ تخمينا
appulse,ٹکر ـ تھوکر ـ صدمه
appurtenance,ساز ه سامان ـ اثاثه
appurtenant,متعلق ـ موزوں
apricot,خوباني
april,اپريل
apriori,آپ هي آپ ـ از خود
apron,پيش بند
apronful,دامن بھر ـ پلو بھر
apropos,درباره ـ متعلق ـ موزوں
apsides,سيارے کے نقاط اوج و حضيض
apt,جھکا هوا ـ درست ـ موزوں
aptera,بے پر کيڑے
apterous,بغير پروں کا
apteryx,نيوزي لينڈ کا ايک پرنده
aptitude,صلاحيت ـ موزوئيت
aptly,رغبت سے ـ موزوں طريقه پر
aptness,معقوليت
aqua,پاني
aquamarine,نيلگون بلور
aquarium,مچھلي گھر
aquarius,قوس آهي
aquatic,پاني ميں پيدا هونے والا
aquavitae,يک آتشه شراب
aqueduct,نهر ـ پکا ناله
aqueous,مرطوب ـ آبي
aquiline,عقابي ـ عقاب کي مانند
aquilon,اتر کي هوا ـ شمالي هوا
aquosity,رطوبت ـ تري
arab,عرب
arabesque,عربي ارائش کا کام
arabia,عربيه
arabian,ملک عرب کا
arabic,عربي زبان کا
arabist,عربي زبان کا ماهر
arable,کاشت کے قابل
aramaic,آرامي زبان
arbiter,فيصله کرنے والا
arbitrage,بنڈي کا کاروبار
arbitrager,بنڈي کا کاروبار کرنے والا
arbitral,ثالثي کے متعلق
arbitrament,پنچائتي فيصله
arbitrarily,ظالمانه انداز سے ـ بے اصولي سے
arbitrariness,آمريت
arbitrary,من ماني ـ بے قاعده ـ بے باکائه
arbitrate,پنچائيتي فيصله کرانا
arbitration,ثالث ـ پنچائيتي فيصله
arbitrator,ثالثي کرنے والا
arbor,دھرا ـ محور
arboraceous,شجر جيسا درخت کي طرح
arboreal,درخت کا
arborescent,شاخدار
arboriculture,علم الاشجار ـ درخت لگانے کا علم
arborous,درخت کے متعلق
arborviate,سدا بهار
arbour,سانه دار راسته
arboured,شجر بند ـ درختوں سے ڈھکا هوا
arc,قوس ـ دائرے کا
arcade,وه راسته جس پر محرابي چھت هو
arcaded,محراب دار ـ محرابي
arcadian,پکا ديهاتي
arch,محراب کمان ـ عيار ـ چالاک ـ بڑا ـ چوٹي کا
archaeological,آثار قديمه کے متعلق
archaeologicall,آثار قديمه کے علم کي رو سے
archaeologist,ماهر آثار قديمه
archaeology,قديم چيزوں کا علم
archaic,قديم ـ پرانا
archaism,پرانے محاورے
archaist,متروک پسند ـ پرانے الفاظ استعمال کرنے والا
archaistic,پراني چيزوں کے متعلق
archangel,فرشتوں ميں سب سے بڑا ـ ايک قسم کا کبوتر
archbishop,لاٹ پادري
archbishopric,حلقه اسقف اعظم
archdeacon,مذهبي عهده دار
archdeaconry,آرچ ڈئکن کي جائز سکونت يا عهده
archdeaconship,آرچ ڈيکن کا عهده
archdiocese,آرچ ڈيکن کا ماتحت علاقه
archducal,آرچ ڈيوک کا
archduchess,آرچ ڈيوک کي بيوي ـ شاه آسڈريا کي بيوي
archduchy,آرچ ڈيوک کا علاقه
archduke,شاه آسڈريا کا بيٹا
archenemy,پکا دشمن
archer,تير انداز
archery,فن تير اندازي
archescourt,مذهبي امور کي عدالت عاليه
archetypal,اصلي ـ بنيادي
archetype,نمونه ـ اصلي نمونه
archfiend,شيطان ـ ابليس
archiepiscopal,اسقف اعظم
archierpiscopal,اسقف اعظم کے متعلق
archipelago,سمند ميں جزيروں کا سلسله
architect,فن تعمير کا ماهر
architectonic,فن تعمير کے متعلق
architectural,عمارتي ـ تعميري
architecturally,فم تعمير کي رو سے
architecture,فن تعمير
architrave,عمارت کا بڑا سهتير ـ مرغول
architypally,اولين طور پر ـ بنيادي طور پر
archive,محافظ خانه
archivist,مهتم دفتر
archly,مکاري سے
archness,مکاري ـ عياري
arctic,شمالي ـ قطب شمالي کا
ardent,پرجوش ـ گرم ـ جلتا هوا
ardour,سرگرمي ـ اشتياق
arduous,دشوار ـ کھٹن
are,ايک فرانسسي اکائي
area,رقبه ـ طول عرض
areaceous,ريگستاني ـ خشک
areca,پام کي ايک قسم ـ کھجور کي ايک قسم
arena,دنگل ـ ميدان جنگ
arenation,تيمم ـ ريت کا غسل
areometre,مقياس المأ
areopagus,ايتھنس کي عدالت عاليه فوجداري جسکا اجلاس پهاڑي پر هوتا هے
argala,ايک بڑا آبي پرنده
argali,ايشيائي جنگلي بھيڑ
argandlamp,ارگنڈي گيس ليمپ
argent,چاندي ـ چاندي کا
argentiferous,جس سے چاندي نکلتي هو
argentina,ارجينٹينا
argentine,ارجينٹائن
argentinean,ارجينٹينا کے رهنے والے
argils,چکني مٹي
argle,بحث کرنا
arglebargle,بحث کرنا ـ بحث و مباحثه
argols,شراب کي تلچھٹ جو پيپوں کے کناروں پر جم کر سخت هو جاتي هے
argon,گيس ارگون
argonaut,ان بهادروں ميں سے ايک جو سنهري اون کي تلاش ميں ارگو جهاز ميں روانه هوتے تھے
argosy,بڑا تجارتي جهاز
argot,لهجه ـ بولي
arguable,بحث کے قابل
argue,ثابت کرنا ـ دلائل پيش کرنا
arguer,دلائل پيش کرنے والا
argument,وجه ـ حجت ـ مناظره
argumentatevely,منطقي طريقے سے ـ مدال طور پر
argumentation,مقابله ـ سوال جواب
argumentative,مدال ـ منطق چھانٹنے والا
argus,صد چشم ـ چوکس ـ چوکنا
arian,آريوس کا پيرو
arianism,آريوسيت
arid,بنجر زمين ـ خشک
aridity,سوکھا پن ـ خشکي
aridness,سوکھا پن ـ خشکي
ariel,ايک قسم کا هرن جو مغربي ايشيائ ميں پايا جاتا هے
aries,برج حمل ـ ميگھ
aright,درست طريقے سے
arilate,پرت دار
arilated,چھلکے والا
arils,چھلکا
arise,اٹھنا ـ پيدا کرنا ـ بيدار هونا
aristocracy,مخصوص طبقه کي حکومت
aristocrat,حکومت امرا کا طرفدار ـ مغرور انسان
aristocratic,اميرانه
aristocratism,امارت پسندي ـ اميرانه
aristotelian,فلسفه ارسطو کا قائل
arithmetic,علم اعداد ـ علم حساب
arithmetical,حسابي
arithmetically,حساب سے
arithmetician,حساب دان
ark,تابوت ـ صندوق
arm,بازو ـ دست
armada,جنگي جهازوں کا بيڑا
armadillo,جنوبي امريکه کا ايک جانور
armament,مسلح فوج ـ فوجي ساروسامان
armature,اسلحه ـ هتھيار
armenia,آرمانيا
armenian,آرمانيا کا باشنده
armhole,آستين کا کھلا حصه جس ميں هاتھ ڈالا جاتا هے
armillary,کنگي ـ جوشني ـ چوڑيدار
armistice,عارضي صلح
armlet,بازو بند
armorial,خانداني نشان ـ خانداني نشان کے متعلق
armorist,ماهر اسلحه
armory,فن اسلحه
armour,زره بکتر ـ لباس آپن
armourer,محافظ سلاخ خانه
armoury,کارخانه اسلحه سازي
army,فوج ـ لشکر
aroma,عطر ـ خوشبو
aromatic,مهک دار ـ چٹ پٹا
aromatize,خوشبودار بنانا
around,ادھر ادھر ـ هر طرف
arouse,هوشيار کرنا ـ جگانا
arouser,جگانے والا
arrack,ديسي شراب
arraign,الزام لگانا ـ نقص نکالنا ـ عيب جوئي کرنا
arraigner,مجرم ٹھرانے والا
arraignment,الزام ـ عيب جوئي
arrange,لگانا ـ ترتيب دينا
arrangement,انتظام ـ بندوبست
arranger,انتظام کرنے والا
arrant,رسوا ـ بدنام ـ چھٹا هوا
arras,تصويريں لگانے کا زرين کپڑا
array,صف آرائي کرنا ـ ترتيب دينا ـ سنوارنا
arrayer,قطار بنانے والا
arrear,بقايا ـ پچھلا حصه
arrearage,پسماندگي ـ وصول طلب رقم
arrest,گرفتار کرنا ـ روکنا
arrester,گرفتار کرنے والا
arresting,گرفتاري
arrestive,روکنے والا ـ امتناعي
arrestment,حراست ـ روک ـ گرفتاري ـ ٹھهراؤ
arrival,آمد ـ تشريف آوري
arrive,آنا ـ پهنچنا ـ وارد هونا
arrogance,گستاخي ـ تکبر ـ غرور
arrogant,گستاخي ـ متکبر
arrogantly,متکبرانه ـ گستخانه
arrogate,ناجائز طور پر کسي چيز پر قبضه کرنا
arrogation,جھوٹادعوي
arrow,تير ـ ناوک
arrowroot,بيماروں کے لئے ايک هلکي غذا
ars,چبوتڑ ـ پٹھا
arse,چبوتڑ
arsenal,اسلحه خانه ـ ميگزين
arsenic,سنکھيا ـ سمالفار
arsenious,سنکھيا ملا هوا
arsenous,سنکھا کا جز رکھنے والا
arson,عمدا آگ لگانا
art,فن ـ هنر ـ هوشياري
artemisia,دونا مروا افسنطين
arterial,شريان کے متعلق
arteritis,سوزش شريان کا مرض ـ ورم شريان
artery,نس ـ شريان
artesian,برما کيا هوا پمپ
artesianwell,فواري کنواں
artful,هوشيار ـ چلتا هوا ـ چلتا پرزه
artfully,عياري سے ـ هوشياري سے
artfulness,مکاري ـ چالاکي
article,مضمون ـ کسي تحرير کا جز يا حصه
articular,جوڑا هوا
articulate,جوڑ دار ـ جوڑا هوا
articulately,صاف ـ واضع طور پر
articulateness,صاف هونا
articulation,صاف تلفظ ـ لهجه
artifice,چال ـ چالاکي
artificer,مؤجد ـ دستکار
artificial,بناؤٹي ـ مصنوعي ـ نقلي
artificiality,بناوٹ
artificially,مصنوعي طور پر
artificialness,نقلي پن
artillerist,گوله انداز ـ توهچي
artillery,توپ خانه ـ توپيں جو ٹينک اور طياروں پر گولے پھينکيں
artilleryman,توهچي
artillerymen,توپ خانے کے سپاهي
artimisia,دونا مروا افسنطين
artisan,کاريگر ـ دستکار
artist,فنون لطيفه کا ماهر ـ صناع
artistic,فنون لطيفه کے متعلق
artistically,مهارت فن کے ساتھ
artistry,فني حسن ـ فن مشاقي
artless,بھدا ـ بے هنر
artlessly,بے هنري سے
artlessness,بھونڈا پن ـ بے هنري
aryan,آرياني زبانيں
as,جونهي که ـ تاکه ـ جس طرح
asafoetida,حلتيت
asbestos,ريشه دار معدني ماده
ascend,ترقي کرنا ـ بلند کرنا
ascendancy,غلبه  ـ عروج ـ بلندي
ascendant,افضل ـ غالب
ascender,بلند هونے والا
ascending,بلند هوتا هوا ـ چڑھتا هوا
ascension,حضرت عيسي عليه السلام کا آسمان پر جانا
ascent,زينه ـ ترقي ـ بلندي
ascertain,معلوم کرنا ـ تحقيق کرنا
ascertainable,قابل تحقيق ـ قابل دريافت
ascertainment,تشخيص ـ تحقيق
ascetic,زاهد ـ عابد ـ فقير
ascetical,زاهدانه ـ درويشانه
ascetically,زاهدانه طرز سے
asceticism,پرهيز گاري ـ تقوي
ascribable,منسوب کرنے کے قابل
ascribe,تعلق ظاهر کرنا ـ منسوب کرنا ـ ٹھيرانا
ascription,تعلق ـ لگاؤ
aseptic,جس کے سڑنے کا انديشه نه هو
asexual,بے جنس
ash,راکھ ـ جنگلي درخت کي ايک قسم
ashamed,خفيف ـ پريشان ـ شرمنده
ashen,ايشن درخت کا
ashore,ساحل پر ـ کنارے پر
ashy,راکھ کي طرح ـ پيلا
asia,ايشيائ
asian,ايشين
asiatic,ايشيائ کا رهنے والا
aside,الگ ـ ايک طرف
asinine,گدھا ـ بيوقوف
asininity,بيوقوفي ـ گدھا پن
ask,پوچھنا ـ سوال کرنا
askance,شک کرنا ـ مشتبه نظروں سے ديکھنا
asker,سوال کرنے والا
askew,حقارت سے ـ ترچھا ـ تيڑھا
aslant,ترچھا ـ آڑا
asleep,سويا هوا ـ نيند ميں
aslope,سلامي ـ ڈھلاوان
asp,ايک قسم کا سفيدے کا درخت جسکے پتے هلتے رهتے هيں ـ زهريلا سانپ
asparagus,مارچوبا ـ موصلي سفيد
aspect,صورت ـ شکل ـ منظر ـ ھينت ـ طرف
aspen,ايک قسم کا درخت
asperate,کھردار کرنا ـ ناهموار کرنا
asperity,سختي ـ تلخي ـ کھردرا پن
asperse,تهمت لگانا ـ عيب لگانا
aspersers,تهمت لگانے والے
aspersion,کلنک کا ٹيکه ـ الزام ـ تهمت
asphalt,تارکول ـ رال
asphyxia,سانس کا رکنا
asphyxial,غشي يا سکتے کا
asphyxiate,گلا گھونٹنا
asphyxy,چکر ـ غشي
aspirant,اميدوار ـ آرزو مند ـ طالب
aspirate,آواز کو سانس کے ساتھ ادا کرنا
aspiration,انتهائي آرزو ـ سانس لينا
aspirator,باد کش
aspire,چھاج ـ سوپ ـ آرزو کرنا ـ تمنا کرنا
aspirin,بخار اور درد کم کرنے والي دو1
aspiring,عالي دماغ ـ بلند حوصله
asquint,ترچھي نظر سے
ass,احمق ـ گدھا ـ بيوقوف
assail,مارنا ـ حمله کرنا
assailable,چڑھائي کرنے کے قابل
assailant,حمله آور
assassin,مارنے والا
assassinate,فريب سے مارنا ـ چھپ کر قتل کرنا
assassination,فريب کا قتل ـ خفيفه قتل
assassinator,دغا سے قتل کرنے والا
assassine,فريب سے مارنے والا ـ مکار قاتل
assault,چڑھائي ـ حمله
assaultable,جس پر حمله هو سکے
assaulter,حمله کرنے والا
assay,جانچنا ـ پرکھنا
assayable,کسوٹي پر گھسنے کے قابل
assayer,پرکھنے والا
assemblage,هجوم ـ انيوه ـ مجمع
assemble,جمع کرنا يا هونا
assembler,جمع کرنے والا
assembly,فوجوں کا اجتماع
assent,منظور کرنا ـ تسليم کرنا ـ راضي هونا ـ قبول کرنا
assenter,ماننے والا
assentient,ماننے والا ـ تسليم کرنے والا
assentor,ماننے والا
asseredness,يقيني هونا
assert,حق جتانا ـ دعوي سے کهنا
assertable,زور سے کهنے کے لائق
asserter,دعوي سے کهنے والا
assertion,ادعا ـ دعوي
assertive,دعوي سے کهنے والا
assertively,بد کر ـ قطعي طور پر
assertiveness,قطعيت
assertor,جمائتي
asses,اندازه کرنا ـ قيمت لگانا
assessable,ٹيکس لگانے کے قابل
assessably,تشخيصا ـ تخمينا
assessment,تشخيص
assessor,ٹيکس مقرر کرنے والا
asset,اثاثه ـ جائداد ـ پونجي
asseverate,حتمي طور پر کهنا
asseveration,حلفيه بيان
assiduity,سخت محنت
assiduous,گهري توجه کرنے والا
assiduously,انهماک کے ساتھ
assiduousness,محنت شاقه ـ توجه
assign,لگانا ـ حواله کرنا ـ منسوب کرنا ـ مقرر کرنا
assignable,قابل تفويض ـ قابل حوالگي
assignation,خفيه ملاقات کا دعوي
assignee,منتظم ـ کارکن
assignment,اظهار وجوه ـ توجه
assignor,ٹھهرانے والا ـ مقرر کرنے والا
assimilability,جذب کرنے کي قابليت
assimilable,هضم کرنے کے قابل
assimilate,ملا دينا ـ يکساں کرنا
assimilation,هضم ـ جذب
assimilative,هضم کرنے والا
assimilator,يکساں کرنے والا
assimilatory,هضم کرنے والا ـ هاضم
assissinate,چھپ کر قتل کرنا ـ فريب سے مارنا
assissination,فريب کا قتل
assissinator,دغا سے قتل کرنے والا
assist,مدد کرنا
assistance,مدد ـ اعانت
assistant,مددگار
assize,تحقيقات جيوري ـ عدالت فوجداري
associability,تلازم پذيري
associable,جو خيال ميں کسي دوسري چيز کے ساتھ ملايا جا سکے
associate,شريک ـ ساتھي ـ رفيق ـ هم نشين
association,دوستي ـ مجلس ـ بے تکلفي
associative,ملانے والا ـ ربط قائم کرنے والا
associator,رفيق ـ شريک
assonance,هم آهنگي ـ مشابهت
assonant,هم آهنگ ـ هم آواز
assort,ساتھ ساتھ رکھنا ـ ساتھي هونا ـ شريک هونا
assorter,ساتھ ساتھ رکھنے والا
assortment,درجه بندي
assuage,تسلي دينا ـ کم کرنا ـ هلکا کرنا
assuagement,تخفيف ـ دلاسا ـ تسکين
assumable,فرض کرنے کے قابل
assumably,بالفرض
assume,قبول کرنا ـ اختيار کرنا
assuming,برخود غلط ـ تعلي کرنے والا
assumption,ذمه داري ـ شيخي
assumptive,فرضي ـ تعلي باز
assurance,بھروسا ـ ضمانت بيمه ـ گستاخي
assure,اطمينان کر لينا
assuredly,بے شک ـ بلاشبه
assuredness,يقيني هونا ـ يقين
assurer,اطمينان دلانے والا
assurgent,ٹھاٹھيں مارتا هوا ـ حمله آور
astatic,متحرک
aster,رنگين پھول
asterisk,عيارت پر ستارے کا نشان لگانا
astern,عقب ميں
asteroid,ايک قسم کي آتش بازي
asthma,سانس کا رکنا
asthmatic,دمے ميں مبتلا
astir,حرکت ميں ـ چلتا پھرتا ـ بيدار
astonish,ششدر کرنا ـ حيرت ميں ڈالنا
astonishment,تعجب ـ حيرت
astound,حيران کرنا ـ هکا بکا کر دينا
astounding,دنگ کرنے والي ـ نهايت عجيب
astraddle,گھوڑے پر بغير زين کے سواري کرنا
astrakhan,استراخاني ٹوپي
astral,تاروں جيسا ـ ستاروں کے متعلق
astray,گم کرده راه ـ غلط راستے پر
astrict,مضبوط باندھنا ـ پابند کرنا ـ جکڑنا
astriction,بندش ـ پابندي
astrictive,سکيڑنے والا ـ قابض
astride,گھوڑے پر ٹانگيں لٹکا کر بيٹھے هوئے
astringe,قبض پيدا کرنا ـ جکڑنا
astringent,تيز ـ خشک
astringently,تندي سے ـ تيزي سے
astrolabe,آفتاب اور ستاروں کا بلندي معلوم کرنے والا آله
astrologer,نجومي ـ جوتشي
astrology,جوتش ـ نجوم
astronomer,علم فلکيات کا عالم
astronomical,اجرام فلکي کا
astronomically,فلکياتي طور پر
astronomy,ستاروں کا علم
astute,هوشيار ـ عيار ـ چالاک
astutely,چالاکي سے
astuteness,عيار ـ چالاکي
asunder,جدا جدا ـ الگ الگ
asylum,پناه ـ غريب خانه
at,ميں ـ پر ـ کے ـ سے ـ طرف
aternating,بطرق آخر ـ بصورت ديگر
atheism,بے ديني ـ کفر
atheist,بے دين ـ کافر
atheistic,کافرانه ـ نے دينوں جيسا
atheistically,بے ديني کي رو سے
athirst,آرزو مند ـ تشنه
athlete,قوي هيکل ـ کھلاڑي ـ پهلوان
athletic,کھيل کے متعلق
athletically,ورزشي طور پر
athleticism,جسماني تنومندي کا نظريه
athwart,آر ميں ـ ترچھا
atlanta,اٹلانٹا
atlantic,کوه اطلس کے متعلق
atlas,نقشوں کي کتاب ـ کوه اطلس
atmosphere,فضا ـ ماحول
atmospherical,هوائي ـ فضائي
atmospherically,فضائي طور پر
atom,چھوٹا سا
atomic,جوهري
atomical,ايٹم کي بابت ـ جوهر کے متعلق
atomically,جوهري طور پر
atomism,نظريه جوهري
atomist,جوهري نظريه کا قائل
atomize,سالمه کو جوهردار بنانا
atomizer,ايسا آله جس سے سيال ماده چھڑکا جا سکے
atomy,چھوٹا ذره
atone,کفاره دينا ـ دشمنوں سے صلح کرنا
atonement,کفاره
atop,اوپر ـ چوٹي پر
atrabilious,ترش مزاج ـ خطني ـ چڑچڑا
atrocious,ظالم ـ بدذات
atrociously,نهائت ـ بري طرح
atrociousness,پاجي پن ـ خياثت
atrocity,انتهائي حماقت
atrophy,لاغري ـ سوکھا
atropine,عرق مکو
attach,نتھي کرنا ـ عائد کرنا ـ ملانا ـ منسلک کرنا
attache,نائب ايلچي
attacher,ملانے والا
attachment,منسلک هونا ـ محبت ـ پيار
attack,ٹوٹ پڑنا ـ حمله کرنا ـ ضرر پهنچانا
attackable,حمله کرنے کے قابل
attacker,حمله آور
attain,پورا کرنا ـ تکميل کو پهنچانا ـ حاصل کرنا
attainability,حاصل کرنے کا امکان
attainable,جس کا حاصل هونا ممکن هو
attainableness,حاصل هونے کي صلاحيت
attainder,وراثت سے محرومي
attainment,قابليت ـ هنر
attar,عطر
attemper,آميزش کرنے والا  ـ ملانا ـ ٹھنڈا کرنا ـ سازگار بنا لينا
attemperment,هم آهنگي ـ اعتدال
attempt,کوشش کرنا ـ جدجهد کرنا
attemptable,سعي کرنے کے قابل
attend,غور کرنا ـ مشغول هونا ـ توجه کرنا
attendance,حاضري
attendant,خدمت گزار ـ خدمت گار
attention,خيال ـ توجه ـ دھيان
attentively,پوري توجه سے
attentiveness,التفات ـ دھيان
attenuate,تخفيف کرنا ـ هلکا کرنا ـ پتلا کرنا
attenuation,کمي ـ تخفيف
attest,گواه هونا ـ تصديق کرنا
attestation,تصديق ـ حلفيه اقرار
attestator,تصديق کننده حاکم ـ تصديق کرنے والا
attestor,تصديق کرنے والا
attic,بالاخانه ـ کھرا ـ اصلي
atticism,شيرني گفتار ـ فصاحت
attire,لباس پهننا ـ سنوارنا
attitude,رويه ـ انداز ـ طرز
attitudinize,بناوٹ سے بولنا
attorn,پٹه تبديل کرنا ـ قانوني طور پر منتقل کرنا
attorney,وکيل ـ مختار
attorneyship,مختاري ـ وکالت
attornment,تبديلي پٹه
attract,گرويده کرنا ـ کشش کرنا
attractability,کھينچنے کي قوت يا صلاحيت
attractable,کشش سے متاثر هونے والا
attraction,دلکشي ـ کشش
attractive,گروبده کرنے والا
attractively,دلکشي سے
attractiveness,کشش ـ دلکشي
attributable,منسوبي
attribute,منسوب کرنا
attribution,خاصيت ـ لگاؤ
attributive,صف
attributively,بلحاظ صفات
attrition,ندامت ـ پچھتاوا
attune,هم آهنگ کرنا
auburn,سرخي مائل ـ سنهري
auction,نيلام
auctioneer,نيلام کرنے والا
audacious,بے ادب ـ گستاخ
audaciously,جرأت سے ـ گستاخانه
audaciousness,دليري ـ جرأت
audacity,جي دار ـ جرأت
audibility,سنے جانے کي صلاحيت
audible,سنائي دينے والا
audibleness,سنے جانے کي صلاحيت
audibly,بلند آواز سے
audience,سامعين ـ رسمي ملاقات
audit,حساب کي جانچ پڑتال
audition,کان لگا کر سننا
auditive,سماعت کے متعلق
auditoffice,محاسب کا دفتر
auditor,حساب کي جانچ پڑتال کرنے والا
auditorial,محاسبانه
auditorium,سامعين کے بيٹھنے کي جگه
auditorship,عهده تنقيح ساز
auditory,مجمع سامعين
auditress,تنقيح ساز خاتون
auditroom,حساب کتاب کے دفتر کا کمره جو گرجاؤں ميں هوتا هے
augaean,غليظ ـ گنده
auger,برما
aught,کوئي بات ـ کچھ
augment,زياده کرنا ـ بڑھانا
augmentation,سر کو کھينچنا
augmentative,بڑھنے والا
augmenter,سر کو کھينچنے والا
augur,فال کھولنا ـ پيشين گوئي کرنا ـ شگون کرنا
augural,پيشين گويانه ـ شگون کے متعلق
augurer,پيشن گوئي کرنے والا
augury,فال ـ شگون
august,اگست ـ بلند پايه ـ عالي شان
augustly,شاھانه طور پر
augustness,بڑي شان
auk,شمالي ممالک کا پرنده
aunt,خاله ـ پھوپھي ـ چچي ـ مماني
aura,پھولوں کي خوشبو
aural,کان پر پڑي هوئي
aurally,سماعي طور پر
aureola,شعاعوں کا حلقه
aureole,نوراني تاج
aurevoir,پھر مليں گے ـ خدا حافظ ـ في امان اﷲ
auric,سونے کا ـ طلائي
auricle,دل کے خانوں کے پردے ـ کان
auricular,راز کے طور پر کها هوا
auriferous,جس سے سونا نکلے
auriform,گوش پيکر ـ کان کي شکل کا
aurist,کان کے مرض کا ماهر
aurora,طلوع صبح
auroral,صبح ـ گاهي ـ سحري
auspicate,نيک فال هونا ـ ابتدائ کرنا ـ بنياد رکھنا
auspice,پرندوں سے شگون ـ فال
auspicious,آسوده ـ خوشحال
auspiciously,مقدس طور سے
auspiciousness,برکت ـ نيک شگون
aussie,آسٹريليا کا باشنده
austere,سادگي پسند
austerely,کثر پن سے
austereness,زهد ـ سادگي
austerity,سادگي
australia,آسٹريليا
australian,آسٹريليا کے رهنے والے
austria,آسٹريليا يا ملحقه جزائز کا رهنے والا
austrian,آسٹرين
authentic,تحقيق شده
authentically,قابل اعتماد طريقے سے
authenticate,صداقت ثابت کرنا
authentication,تصديق
authenticator,تصديق کرنے والا
authenticity,تحقيق شده هونا
author,مؤلف ـ مصنف
authoress,مؤلفه ـ مصنفه
authorial,موجدانه ـ مصنفانه
authoritative,مستند ـ معتبر ـ تحکمانه
authoritatively,مصدقه طور پر
authority,عهده ـ اختيار
authorizable,قابل جواز
authorization,جواز ـ حکم
authorize,جواز نکالنا
authorizer,جواز نکالنے والا
authorship,کتابيں لکھنے کا پيشه
auto car,انجن سے چلنے والي گاڑي
autobiographer,آپ اپني زندگي کے سوانحٔ حيات لکھنے والا
autobiographic,خود نوشتگي کے متعلق
autocracy,خود مختاري
autocrat,جابر ـ خود مختار
autocratic,استبدادي
autocratically,ظالمانه طريقے سے
autocratrix,خود مختار رائي ـ خود مختار ملکه
autogiro,ايک هوائي جهاز جو اپنے دھرے پر گھومتا هے
autograph,مصنف کا قلمي مسوده ـ اپنے هاتھ کي تحرير
autographic,خود نوشته
autographically,خود نوشتگي کے متعلق
autography,خود نوشتگي ـ اپني تحرير
automatic,خود کار
automatical,خود بخود کام کرنے والا
automatically,آپ سے آب ـ خود بخود
automaticity,آپ چالو پن ـ خود کاريت
automation,کٹھ پتلي ـ خود بخود چلنے والي
automatism,جيلي حرکت ـ غير ارادي حرکت
automobile,موٹر گاڑي
autonomic,خود اختياري
autonomist,نظريه خود اختياري کا پيرو
autonomous,خود مختاري
autonomy,اختيار ـ آزادي
autopsy,ذاتي نگراني ـ لاش کي چيڑ پھاڑ
autotype,عکس يا چربا ـ هو بهو نقل
autumn,خزاں ـ پت جڑ
autumnal,خزاں کے متعلق
auxiliary,مددگار ـ معاون
auxillary,امدادي فوج ـ معاون
avail,مدد ـ طلب ـ کام ميں لانا
availability,دستيابي
available,کارآمد ـ قابل دستيابي
availableness,دستيابي
availably,پر اميد طور پر ـ کار آمد طور پر
avalanche,برف يا مٹي کا طوفان
avarice,لالچ ـ طمع
avaricious,لالچي ـ طامع
avariciously,لالچ سے ـ طمع سے
avatar,ديوتا ـ مظهر
avaunt,دفع هو ـ دور هو
avenge,بدله لينا ـ انتقام لينا
avenger,انتقام لينے والا
avenging,انتقام
avenue,راسته ـ راه
aver,حتمي طور پر ـ بيان کرنا
averable,دعوے سے کهنے کے قابل
average,اوسط درجے کا  ـ متوسط
averagely,اوسطاً
averment,دعوي ـ حتمي بيان
averse,ناخوش ـ ناراض ـ متنفر
averseness,تنفر ـ بيزاري
aversion,نفرت ـ کراهت
avert,پھيرنا ـ موڑنا ـ دور کرنا
avertable,دور کئے جانے کے قابل
avertible,دور کئے جانے کے قابل
aviary,چڑيا خانه ـ چڑيا گھر
aviate,هوا بازي کرنا
aviation,طياره رائي ـ هوا بازي
aviator,هوا باز
avid,مشتاق ـ حريص
avidity,حرص ـ آرزو ـ لالچ
avidly,مشتاقانه ـ آرزو مندانه
avidty,آرزو ـ حرص
avocate,عدالت عاليه ميں مرافعه کرنا
avocation,کام ـ پيشه
avoid,پرهيز کرنا ـ الگ کرنا
avoidable,قابل اعتراز
avoidance,بچاؤ ـ اعتراز
avoider,احترام کرنے والا
avouch,اقبال کرنا ـ تسليم کرنا ـ ضمانت دينا
avoucher,ضمانت دينے والا ـ تسليم کرنے والا
avouchment,اقرار ـ اقبال
avow,اقرار کرنا ـ مان لينا
avowable,ماننے کے قابل
avowal,اقبال ـ اعتراف
avowedly,مسلمه طور پر
avower,اعتراف کرنے والا
await,انتظار کرنا ـ راه ديکھنا ـ منتظر رهنا
awaiter,انتظار کرنے والا
awake,اٹھنا ـ جاگنا ـ بيدار هونا ـ هوشيار کرنا
awaken,اٹھنا ـ جاگنا ـ هوشيار هونا
award,حکم دينا ـ فيصله کرنا ـ عطا کرنا
awarder,عطار کرنے والا
aware,آگاه ـ واقف
away,ايک طرف ـ دور ـ الگ
awe,خوف ـ احترام ـ ڈر ـ جلال
aweless,بے خوفي
awfulness,جلال ـ وقار
awhile,کچھ عرصے کے لئے
awkward,بد سليقه
awkwarder,پريشان کرنے والا
awkwardish,بھدا سا ـ بد وضع
awkwardly,بھونڈے پن سے
awkwardness,ناکاره پن
awl,موچيوں کا سپنے کا اوزار ـ سوا ـ ستاري
awn,جوار يا مکتي کے ريشے
awned,روتيں دار ـ ريشے دار ـ بال دار
awning,سايه بان ـ نمگيره
awnless,بے ريشه ـ بے بال
awoke,جاگا هوا
awoken,جاگايا هوا
awro,کج ـ ٹيڑھا ـ ترچھا
ax,کلهاڑي ـ تيشه
axil,بغل
axillary,بغل کے متعلق
axiom,جامع کلمه
axiomatic,بااصول
axiomatically,بدهيي طور پر
axis,محور ـ دھرا
axle,دھرا ـ گول لکڑي
ay,هاں
aye,هر موقع پر
azimuth,قوس آسماني جو افق کو زاويه قائمه پر کاٹتي هے
azoic,مرده
azote,هاهڈروجن کا قديم نام
azotic,هاهڈروجني
azotize,هاهيڈروجن سے ملانا يا بھرنا
azure,آسماني ـ نيگوان
