c,انگريزي حروف تهجي کا تيسرا حرف  ـ سي
caaba,بيت اللّٰه ـ کعبه
cab,يکه گاڑي
cabal,سازش ـ بندش ـ ساز باز کرنا
cabaret,شراب خانه
cabbage,گوبھي ـ کتر€
cabbagge,گوبھي ـ کرم کله ـ کتر€
cabby,کوچوا€
cabin,چھونپڑي ـ کٹيـ کٹيا
cabinboy,جھاز کا خادم
cabinet,چھوٹا کمره ـ کوٹھري ـ جماعت وزرا
cabinetmaker,کابينه بنانے والا
cable,جھاز کا رسه يا زنجير ـ بحري تار
cablegram,بحري تار
caboose,جھاز کا باورچي خانه
cabrunner,گاڑي سے سامان اتارنے اور رکھنے والے مزدور
cabstand,گاڑي کا اڈا
cacao,منطقه حاره کا ايک درخت ـ کوکو کا درخت
cachinnate,زور سے هنسنا
cachinnation,زور کي هنسي ـ قهقه
cackle,مرغي يا بطخ کي طرح هولنا ـ بکواس کرنا
cackler,بکواسي
cackling,بکواس
cacographer,غلط املا لکھنے والا ـ بد خطي کا مرتکب
cacography,غلط املا ـ بد خطي
cacology,الفاظ کا غلط انتخاب
cacophonous,بُري آواز والا
cacophony,بے سرا پن ـ بے آهنگي
cactaceous,کٹيلا ـ ناگ پھني کي طرح
cactal,ناگ پھني کے متعلق
cactoid,ناگ پھني کي مانند
cactus,ايک قسم کا خاردار پودا
cadastral,جاندار غير منقوله کے متعلق ـ زمين کي پيمائش
cadaverous,مردار سا ـ زرد
caddie,گلف کھيلنے والوں کا ملازم جو ڈنڈا وغيره لے کر چلتا هے
caddish,پاجي ـ رذيلانه ـ کمينه سا
caddy,چائے رکھنے کا چھوٹا صندوق
cadence,ست ـ لهجه ـ آواز کا اتار چرھاؤ
cadency,آواز کا اتار چرھاؤ ـ الحانü
cadent,آسائي سے گرتا هوا
cadet,چھوٹا بيٹا ـ چھوٹا بھائي
cadge,گداگري کرتے پھيرنا
cadger,پھيري والا
cadi,منصف ـ قاضي
cadre,ڈھانچه ـ لانحه
caducity,تلون ـ اعضائ کا جھڑ جاناـ ناپائداري
caesar,قيصر روم
caesarizm,شخصي حکومت
cafe,قهوه خانه
cafeteria,کيفے ٹيريا
caftan,ايراني جامه
cage,قفس ـ پنجرا
cains,بھائي کا قاتل ـ قاتل
cairn,سنگي قير ـ ھزار
caitiff,حرامزاده ـ بزدل
cajole,چاپلوسي کرنا ـ خوشامد کرنا ـ دھوکا دينا
cajolement,کاسه ليسي ـ خوشامد ـ چاپلوسي
cajoler,خوشامدي
cajolery,دغا ـ فريب
cajoling,چاپلوسي
cajolingly,چاپلوسي سے
cake,نان نما مٹھائي ـ کلچه
cakeandale,شراب و کباب
cakeandwine,رنگ رلياں منانا
calabash,کچکول ـ تونبا
calamander,جنوبي هند اور لنکا کي ايک سخت لکڑيي
calamitous,آفت زده
calamity,قهر ـ مصيبت
calash,چھوٹے پهيوں کي تپال دار گاڑي
calcareous,کھيريا کا ـ چونا صفت ـ آهکي
calceated,نعل جڑ ا هوا
calcification,آهک سنگ ـ چونے ميں تبديليک
calcify,چونے کي تهه جما کر پتھر بنانا
calcination,راکھ بنانے ـ کشته کرنے کا عمل
calcine,جلا کر چونا بنانا ـ راکھ کرنا ـ پھونک دينا
calciner,خاکستر کرنے والا ـ کشته بنانے والا
calcium,کيلشيم
calculable,گنتي کے قابل
calculate,حساب کرنا  ـ گنناü
calculated,واجب ـ صحيح ـ موزوں
calculation,حساب ـ قياس
calculative,اندازه کرنے والا  ـ حسابي
calculator,محاسب ـ حساب لگانے والا
calculus,سنگ کرده
caldron,پتيلا
calefacient,خار ـ گرم
calefaction,جوش ـ حرارت ـ گرمي
calefactive,گرم ـ گرمي پيدا کرنے والا
calefactory,خانفاه کا گرم کمراه ـ گرمي پهنچانے والي
calendar,جنتري ـ ترريب دينا ـ استري کرنا
calendaring,ترتيب
calender,استري کرناـ ترتيب دينا
calendry,استري کرنے کي جگه
calends,روميوں کے هر مهينے کا پهلا د€
calf,بچھڑا  ـ  احمق  ـپنڈلي ـ ساق
calfhood,بچھڑا پ€
calfish,بيوقوف ـ ساده لوح  ـ بچھڑے کي طرح
calflove,بڑي عمر کي عورت کا نو عمر سے محبت کرنا
calfteeth,دودھ کے دانت
caliban,حيوان صفت انسا€
calibre,بندوق کي اندروني گولائي نمبر
calibred,ذهينـ لائق ـ ذي وقعت
calico,چھپا هواـ سفيد سوتي کپڑا
calicoprinter,چھپرا ـ چھينٹ بنانے والا
calicoprinting,چھينٹ بنانا ـ رنگائي کرنا
california,کلفورنيا ايک ملک کا نام
californian,کلفورنيا کے باشندے
caliper,خمدار
caliph,خليفه
caliphate,خلافت
calisthenic,جسم کي طاقت بڑھانے کي ورزش  ـ زناني کثرت
call,نام رکھنا ـ بولنا ـ بلانا
callattentionto,توجه دينا
callboy,وه لڑکے جو تھيٹروں ميں اداکاروں کو بلاتے هيں
callcousinswith,قرايت داري بتانا ـ رشته جوڑنا
caller,بلانے والا ـ ملاقائي
calligrapher,خوش نويس
calligraphic,خوش نويسانه
calligraphist,خوش خطي کا استاد ـ فن خطاطي کا ماهر
calligraphy,خوش نويسي
calling,کام ـ دھندا ـ پيشه ور لوگ
callinquestion,شک و شبه کرناـ اعتراض کرنا
callintobeing,پيدا کرنا ـ معرض وجود ميں لانا
callintoplay,مختلف ذرائع سے کام لينا
callnames,برا بھلا کهناـ نام رکھنا ـ گالي دينا
callosity,گلٹي  ـ  ابھار
callous,بيدرد ـ بے حس
callousness,سختي ـ بے رحمي
callow,بے بال و پر ـ نرما
calltomind,ياد کرنا
calm,تسلي دينا ـ سکون ـ خاطر ـ قرار
calmly,ٹھنڈے دل سے ـ اطمينان سے
calmness,قرار ـ خاموشي
calmorous,حجتي ـ تکراري ـ غوغائي
calomel,جلاب کي دوا
caloric,حرارت ـ گرمي
calorific,حرارت يا گرمي پيدا کرنے والاا
calorify,گرمانا ـ حرارت پهنچانا
calorimeter,حرارت ناپنے کا آله
calorimetric,حرارت پيمائي کے متعلق
calorimetry,حرارت پيمائي
caloritication,حرارت انگيزي
calrendon,ايک قسم کا موٹا ٹانپ
calric,حرارت ـ گرمي
caltrop,هاتھي چنگھاؤ ـ گوکھوو
calumet,فرشي حقه
calumniate,تهمت لگانا
calumniation,بدگوئي ـ تهمت
calumniator,بد گو ـ مغتري
calumniatory,پرافترا ـ تهمت آميز
calumnious,مفسد ـ افترا پرداز
calumny,بد گو ئي ـ تھمت
calve,جانوروں کا بچه دينا
calx,پھونکي هوئي دھات
calyx,مسند گل
cambric,سفيد سوتي رومال
cambridge,کمبرج
came,آيا هوا
camel,اونٹ ـشتر
cameleer,شتر سوار ـ شتر با€
camelia,چين اور جاپان کي پھول دينے والي سدا بھار جھاڑي
camelion,گرگٹ
camellia,چين اور جاپا ن کي پھو ل دينے والي سدا بھار  جھاڑي
camelopard,شتر گاؤ ـ افريقه کا ايک جانور
camelry,اونٹوں کا رساله ـ شتر سوار فوج
cameo,ابھروان نقش ـ منيت کاري
camera,تصوير کھينچنے کا آله ـ جج کا پوشيده اجلاس
cameraman,تصوير کھينچنے والا
cameronion,رچرڈ کيمرن کے نظريات کے متعلق
cameroon,ايک ملک کا نام ـ کيمرو€
camlet,ريشمي کپڑا
camomile,بابونه
camp,خيصه خرگاه ـ فوجي پڑاؤ
campaign,جنگ کرنا ـ ميدان کار زار
camphor,کافور
camphorate,کافور سے بھرنا
camphoric,کافور کے متعلق
campus,کسي کالج يا جامعه کا علاقه
can,لوٹا ـممکن هونا ـ قابل هونا
canaan,کنعا€
canada,کينيڈا
canadian,کينيڈا کے باشندے
canaille,بدتميز ـ نيچ ذات والے ـ رذيل
canal,نھر ـ آب گذار ـ نالي بنانا
canalization,کسي علاقے ميں نھراں نکالنا
canalize,نھراں جاري کرنا
canard,بے پر کي بات ـ چھوٹي بات
canary,زرد رنگ کي گانے والي چڑيا
canarybird,گانے والي چڑيا
canarycreeper,زرد پھولوں کي بيل
canaryseed,کنگني
canaster,تمباکو کا چورا
cancan,ايک فرانسيسي فحش ناچ
cancel,رد ـ تنسيخ
cancelable,قابل تنسيخ
canceler,تنسيخ کرنے والا ـ رد  کرنے والا
cancellation,تنسيخ
cancer,کيکڑا ـ برج سرطا ن ـ سرطان کي بيماري
cancered,ناسور صنعت ـ سرطاني
cancerous,سرطان کي طرح بڑھنے والي
candelabrum,فرشي جھاڑ ـ روشني کا
candescence,گرم تاباني ـ گرم سفيد روشني
candescent,سفيد روشني دينے والا
candid,صادق ـ راست باز
candidacy,راست بازي
candidate,اميدوار ـ طالب
candidature,خواستگاري اميدواري
candidly,راست بازي سے ـ صاف صاف
candidness,راست گوئي ـ صاف دلي
candle,روشني ـ شمع ـ موم بتي
candleends,موم بتي کے بچے کچے ٹکرے
candlelight,موم بتي کي ورشني
candlestick,شمعدان ـ موم بتي
candour,کھرا پن ـ صاف دلي
candy,قند ـ مصري
cane,لاٹھي ـ عصا ـ جريب
canine,کتے کے بارے ميں
caning,بيد مارنا
canister,چائے کي پتي کا ڈبه
canker,ناسور ـ انساني منه کے آبلے
cankerous,سڑا دينے والا ـگھن لگا دينے والا
cankerworm,سڑا دينے والا کيڑا
cannabism,آدم خوري ـ هم جنس خوري
cannibal,آدم خور انسان ـ هم جنس خور
canniness,کفالت شعاري ـ عياري
cannon,توپ ـ کنجي کا سوراخ
cannonade,مسلسل گوله باري
cannonball,توپ گوله
canny,کفالت شعار
canoe,ڈونگا ـ چھوٹي کشتي
canon,شرع ـ آئين ـ مذھبي فتوي
canonical,شرعي ـ قانوني ـ مذھبي
canonization,سند ولادت ـ صحت کتاب
canonize,فهرست اولياميں داخل کرنا
canopy,چھتر ـ شاميانه لگانا ـ سائبا€
canorus,سريلي آواز ـ خوش الحا€
cant,زاويه ـ رخ ـ ترچھا
cantab,جامعه کيمبرج کا رک€
cantankerous,تکرار کرنے والا
cantankerousnes,حجت بازي
canteen,خانه دار صندوق ـ طعام خانه ـلکڑي کا پاني پينے کا برت€
canter,مکار ـ رياکار
cantharides,سوکھائي هوئي هسپانوي مکھي جس کا ليپ بنتا هے
canticle,مختصر گيت ـ چھوٹي ـ چھوٹي نظميں
canto,نظم کا بند ـ کھنڈ
canton,ذات ـ فرقه ـ قوم
cantonment,اردو بازار ـ صدر ـ لشکر
cantphrase,دکھاوے کي باتيں کرنا ـ ظائر داري ـ رياکاري
canty,خوش و خرم ـ خوش
canvas,بادبان ـ کرمچ ـ ولائتي ٹاٹ
canvass,جانچا ـ امتحان لينا ـ کلام کرنا ـ بحث کرنا ـ حصول رائے
canvasser,ووٹ کے حصول کيلئے کوشش کرنے والا ـ خريدار رائے ـ طالب رائے
canyon,آبي دره
cap,مکھيا ـ سردار ـ ٹوپي
capability,ظاقت ـ بل ـ زور ـ قابليت
capable,قابل ـ لائق ـ تيز فهم
capacious,چوڑا ـ چکلا ـ کشاده
capaciousness,کشادگي ـ وسعت
capacitate,لائق بنانا ـ لائق کرنا
capacitor,قابليت دکھانے والا ـ حيثيت دکھانے والا
capacity,قابليت ـ حيثيت ـ وسعت ـ جگه
caparison,گھوڑے کو سجانا ـ زيان پوش
cape,بے آستين کي قبا ـ گريبا€
caper,جنوبي يورپ کي خاردار جھاڑي
caperer,ايک قسم کي تيتري ـ اچھلنے کودنے والا
capillaceous,بال کي طرح مهي€
capillaments,پھول کے روئيں
capillary,بال کي طرح مهين ـ باريک روئيں
capinhand,عاجزانه طور پر
capital,دار السلطنت ـ سرمايه ـ ستون کي چوٹي ـ اصل ـ بڑا
capitalerror,مهلک غلطي ـ فاش غلطي
capitalism,سرمايه داري کا اصول
capitalist,سرمايه دار
capitalistic,سرمايه دارانه
capitalization,اصل بتانا
capitalize,مال وغيره بيچ کر روپيه رکھنا ـ قيمت شخص کرنا
capitalizer,قيمت شخص کرنے والا
capitally,نهالت اچھي طرح سے
capitaloffence,قتل ـ سنگين جرم
capitalsentence,پھانسي ـ سزائے موت
capitate,گچھے دار ـ سر والا
capitation,في کس محصول
capitationgrant,امد في کس کے حساب سے
capitulate,حواله کر دينا ـ هتھيار ڈال دينا
capitulation,معاهده ـ مشروط اطاعت
capon,آخته مرغ
capote,مسافروں کا کلام دار لباس
caprice,وشواس ـ گمان ـ وھم
capricious,موجي ـ لهري ـ وھمي
capriciously,تلون مزاجي سے
capriciousness,وھم ـ موج
capricorn,مکر راس ـ دسواں برج
caprine,بکرا يا بکري کي مانند
capsicum,ايسے هي پودے ـ سرخ مرچ
capsizal,الثاؤ ـ کسي چيز کا الٹ جانا
capsize,اوندھا هونا ـ الٹا هونا
capstan,لنگر کي چرخي
capsular,جھلي دار ـ ڈوڈينا
capsule,چھلي دار لفافه ـ ڈوڈا ـ خانه ـ گھر ـ غلاف
captain,کيپٹان ـ ليڈر ـ سردار
captaincy,کپتاني ـ قائد
captainship,کپتاني کا عهده
captation,عوام فريبي ـ ابله فريب
caption,قانوني گرفتاري ـ کسي مضمون کا عنوا€
captious,تکرار ـ حجتي
captiously,حرف گيرانه ـ نکته چيني سے
captiousness,عيب جوئي ـ نکته چيني
captivate,دل لے لينا ـ فريفته بنانا
captivation,دل فريبي ـ دلربائي
captivator,عاشسق بنانے والا ـ فريفته کرنے والا
captive,گرفتار ـ اسير ـ قيدي
captivity,نظر بندي ـ گرفتاري ـ قيد
captor,گرفتار کرنے والا ـ قيدي بنانے والا
capture,گرفتاري ـ قبضه
capturer,قبضه کرنے والا
capturing,قبضه
capuchin,چوغه ـ لباده ـ زنانه لباس
caput,فضله ـ پھوک ـ تلچھٹ
car,گاڑي ـ غبارے کا جھولا
carabine,ايک قسم کي بندوق
carabineer,قرابين سے مسلح سپائي
caracole,کاده
carafe,مينا ـ قرابه
carat,سونا اور جواهرات کا وز€
caravan,بند گاڑي ـکاروا€
caraway,زيره
carbine,قرابين ـ سوار کي چھوٹي بندوق
carbohydrate,کاربوهائيڈريٹ
carbolic,کاربن کا
carbon,ايک عنصر
carbonic,کاربن کا
carboniferous,کوئله پيدا کرنے والا
carbonization,کوئله بنانے کا عمل ـ کاربن سازي
carbonize,جلا کر کوئله بنانا
carbonizing,کاربن سازي
carbuncle,لال ـ ايک مهلک پھوڑا
carcass,مرده يا زنده جسم ـ لاش
card,دھننا ـ دھنکنا ـ تومنا ـ بننا ـ اون صاف کرنا
cardamom,الئچي
cardamon,الائچي
carder,روئي دھننے والا
cardiac,طاقت بخش ـ مقوي ـ دل کے متعلق
cardinal,بڑا ـ عظيم ـ اصلي ـ بنيادي ـ عورتوں کي قبا
cardinalvirtues,خلق عظيم ـ اخلاق حميده
care,پروا ـ انديشه ـ پريشان هونا ـ متفکر هونا ـ سوچ ميں هونا ـ خيال کرنا
career,رفتار ـ طرز زندگي ـ چال ـ روشن ـ معاش
careful,فکر مند ـ محتاط
carefuller,محتاط رهنے والا
carefully,هوشياري سے
carefulness,فکر مندي
careless,بے پروا ـ غافل
carelessly,بے احتياطي سے ـ بے پروائي سے
carelessness,بے فکري ـ بے پروائي
caress,پچکارنا ـ پيار کرنا ـ هاتھ پھيرنا
caressingly,اختاط سے ـ ناز برداري سے ـ پيار سے
caret,چوک نشا€
cargo,بار جهاز
caricaturable,خاکه اڑانے کے قابل
caricature,بگاڑي هوئي تصوير
caricaturist,خاکه اڑانے والا
carius,بوسيده ـ سڑا هوا
cark,فکر ـ خدشه ـ کھٹکا
carking,جانگداز ـ روح فرسا
carman,گاڑي والا
carmen,گاڑي والے
carminative,دافع رياح
carmine,قرامزي يا لال رنگ
carnage,قتل و غارت
carnal,بدئي ـ جسماني
carnalism,مستي ـ شهوت ـ نفسيات
carnality,مستي ـ شهوت ـ نفسيات
carnalize,نفسياتي نقطه نظر سے ـ شهوت پرستي سے
carnally,شهوت پرستي سے
carnation,گلناري
carnival,جشن ـ رنگ رلياں
carnivore,گوشت خور جانور يا پودے
carnivorous,درنده ـ گوشت خور
carol,خوشي کا گيت ـ ولادت حضرت عيسي کا گيت
caroler,خوشي کا گيت گانے والا
caroline,شارل مان کے متعلق
carousal,بدمستي ـ بلا نوشي
carouse,بدمستي ـ ڈٹ کر شراب پينا
carp,سيم مائي ـ حرف گيري کرنا
carpenter,بڑھئي
carper,نکته چين ـ عيب جو
carpet,فرش ـ قالين ـ غاليچه ـ فرش بچھانا
carpetdance,ساده ناچ ـ معمولي ناچ
carpeting,فرش کا کپڑا
carpetknight,وه سپاهي جو ميدان جنگ ميں کبھي نو گيا هو ـ گھر بيٹھے کا سورما
carpetless,بے قالين ـ بے فرش
carpingtongue,حرف گير ـ کالي زبان والا
carriage,باربرداري کا خرچ ـ بھاڑا
carriageable,گاڑيوں کي آمد و رفت کے قابل سڑک
carrier,بوجھ لے جانے والا
carriernation,تاجر قوم ـ تجارت پيشه قوم
carrion,مرده يا سڑا هوا گوشت
carrot,گذر ـ گاجر
carry,لے جانا ـ لے چلنا ـ اٹھانا ـ ڈھونا ـ پهنچانا ـ حاصل گننا
carryconviction,منوا لينا ـ اپنا خيال دوسروں کے ذھن نشين کرنا
cart,گاڑي چھکڑے پر لاد کے لے جانا
cartage,باربرداري کا خرچ
carte,هول پيدا کرنے والا پينترا
cartel,تحريري دعوت مبازرت ـ قيديوںکے تبادلے کا معاهده
carter,گاڑي والا ـ چھکڑے والا
cartfil,جتنا گاڑي ميں آسکے
cartomancy,تاش جوتش
cartoon,کسي کي هجوبه تصوير ـ خاکه
cartooning,خاکه بنانا
cartoonist,مزاحيه چرے اتارنے والا
cartouch,ستون کے کائس پر بيل تختي ـ توشه دا€
cartridge,کارتوس
cartwright,چھکڑا بنانے والا
carve,کاٹ کر نقش بنانا ـ تراشنا ـ مورت بنانا
carver,سنگ تراش ـ مجسمه ساز
carving,مجسمه سازي
cascade,آبشار
case,ماجرا ـ معامله ـ مقدمه
casebook,مقدمه کي کتاب
casemate,قلعے کا قبه جس ميں بيٹھ کر دشمن پر گولياں برساتے هيں ـ گڑه گج
casement,دريچه ـ جھروکه ـ کھڑکي
caseous,پنير کي مانند
cash,ٹھپه دار سکه ـ روپيه پيسه وغيره ـ زرنقد
cashable,قابل نقدي
cashbook,کيش کي کتاب
cashbox,کيش کا صندوق
cashdown,نقد قيمت ادا کرنا
casher,خزانچي
cashew,کاجو کا درخت
cashewnut,کاجو کا درخت
cashier,خزانچي ـ صراف
casing,صندوق ـ غلاف
cask,لکڑي کا پيپا
casket,چاندي سونے کا ڈبه
casque,خود ـ فوجي ٹوپ
cassation,ابطال ـ قلم زد هونا ـ منسوخي
cassia,دار چيني
cast,ذات پات ـ فرقه ـجماعت ـ قالب ـ سانچه ـ کھو دينا ـ دے مارنا
castanet,کھرتال
castaway,مردود ـ نالائق ـ ناکاره
castdown,اداس يا دلگير هونا ـ افسرده خاطر هونا
caste,ذات پات کا نظام ـ ذات پات
castellan,قلعه دار
castellated,حصن حصين ـ قلعے کي طرح
castigate,تنبيه کرنا ـ سزا دينا ـ کوڑے مارنا
castigator,تنبيه کرنے والا ـ سزا دينے والا
castineye,آنکھ ميں بھينگا پ€
casting,قالب ـ سانچه
castle,شطرنج کا رخ ـ گڑھي ـ بالا حصار ـ قلعه
castlebuilder,خيالي پلاؤ پکانے والا
castlots,نام نکالنا ـ قرعه اندازي کرنا
castoff,ترک کرنا ـ برطرف کرنا ـ نکال دينا
castofmind,مزاج کي ساخت ـ طبيعت کي افتاد
castor,اود بلاؤ
castrate,آخته کرنا ـ پيجڑا بنانا ـ نادمرد بنانا ـ خصي کرنا
castration,آخته کرنا ـ نامرد کرنا
casual,بے اصول ـ عارضي ـ لاپروا
casuallabourer,کبھي کبھي کام کرنے والا ـ بے قاعده مزدور
casually,اچانک ـ بے اراده
casualpoor,هنگامي امداد خواه
casualty,موت ـ حادثه ـ سانحه
casuist,مذھبي مفکر ـ مرشد ـ فقيه
casuistry,اجتهاد ـ سخن سازي
cat,بلي ـ بلا
cataclysm,سياسي يا سماجي انقلاب
cataclysmic,انقلاب حيات کے متعلق
cataclysmist,انقلاب پسند
catacomb,تهه خانے کي قبريں ـ تهه خانه ـ شراب رکھنے کا تهه خانه
catadromus,مچھليوں کي ايک قسم جو انڈے دينے کيلئے سمندر کي تهه مين اتر جاتي هيں
catalepsy,سکته ـ بے هوشي
cataleptic,بے هوشي کے دورے کا مريض
catall,سيٹياں بجا کر ٹھيٹر ميں ناراضگي کرنا
catalogue,فرد ـ الفهرست
cataloguer,فهرست تيار کرنے والا
cataloguing,فهرست
catamite,لونڈا ـ مفعول ـ مايو€
catapult,گوپھن ـ منجنيق
cataract,آنکھ ميں پاني اترنا ـ پاني کي چادر
catarrh,نزله ـ زکام
catastrophe,آفت ـ مصيبت ـ هلاکت
catastrophic,تباه کن ـ برباد ک€
catastrophical,برباد کن ـ تباه ک€
catch,گرفتار کرنا ـ پکڑنا
catcher,گرفتار کرنے والا
catching,متعدي ـ دلکش
catchy,آساني سے پکڑ لينے کے لائق
catechism,سقراطي طريقه
catechize,امتحان کرنا
catechizing,امتحا€
catechu,کتھه
categorical,صاف ـ سيدھا
categorically,صاف صاف ـ غير مشروط طور پر
categorize,جنسوں ميں تقسيم کرنا
categorizer,جنسوں ميں تقسيم کرنے والا
category,قسم ـ زمره
cater,تعليم کا انتظام کرنا ـ کھانے کا بندوبست کرنا
caterer,کھانے کا بندوبست کرنے والا
caterpillar,لٹيرا ـ غارت گر
cates,نعمت ـ نقد مال
cateyed,کيرا ـ کنجا
catgut,تانت ـ روده
catharine,آتشبازي کي چرخي ـ سورج مکھي
cathartic,تلئين ـ ملين ـ مسهل ـ دست آور
catherine,کھڑکي ـ آتشبازي کي چرخي
catholic,کشاده ـ دل سب انسانوں کے لئے آفاقي
catholicism,رومن کليسا کے اصول ـ عدم عصبيت
catholicity,همه گري ـ آفاقيت
catkin,آويزه ـ بيد مجنوں اور صنوبر کے غنچے اور پھول بالياں
cattle,پالته جانور ـ گائے بيل
cattleman,مويشي والا
cattlemen,مويشي والے
caucasian,کاکشيا کا باشنده
caucus,انتخاب لڑنا ـ اپني شرائط منوانا
caudle,دم کي مانند ـ مسالے ـ شکر اور شراب کا حريره
caught,پکڑا هوا
cauistically,سخن سازي کے طور پر ـ بات بنا کر
caul,رحم کي جھلي ـ پيٹ کا پرده
cauldron,پتيلا ـ هنڈا
cauliflower,پھول گوبھي
causal,موجب ـ سبب ـ علت کے متعلق
causality,سبب جاننے کي قوت
causation,سبب بننا ـ سبب هونا
causative,کسي معلول کي علت هونا ـ سبب
cause,ظهور مين لانا ـ پيدا کرنا
causeless,ناحق ـ بے وجه
causelessly,نامعقول طريقے سے
causeway,سڑک کے کنارے پيدل چلنے والوں کے لئے راسته
causeys,راسته بنانا
caustic,جلانے والي چيز ـ تيزاب
caustically,جل بھن کر ـ طعنه آميز طريقے سے
causticity,سوزش ـ تيزابيت
cauterization,داغ
cauterize,داغ يا چرکه دينا
caution,چوکسي ـ خبرداري
cautionary,نصيحت آميز ـ خبر دار کرنے والا
cautioner,هوشيار کرنے والا
cautionmoney,زر ضمانت نيک چلني جو درسگاه ميں داخل کي جائے
cautious,دور انديش ـ محتاط
cautiously,خبرداري سے ـ احتياط سے
cavalcade,سواروں کا جلوس ـ سواروں کا دسته
cavalier,بهادر ـ حسن پرست ـ جنگي سوار
cavalry,گھوڑے سوار فوج ـ رساله
cave,غار ـ کھوه
caveat,عدالت کا حکم امتناعي ـ اعتراض ـ امتناع
cavelet,چھوٹا غار
cavendish,دورسا ـ گڑاگو ـ خميره تمباکو
cavern,غار ـ کھوه
cavernous,بھت گهرا ـ غاروں سے بھر ا هوا
cavil,خوامخواه کا اعتراض
caviler,نکته چين ـ عيب جو  ـ کھوٹ نکالنے والا
caviling,عيب جوئي
caviller,بے وجه عيب جوئي کرنے والا
cavity,سوراخ ـ ٹھو س جسم ميں خالي جگه
cease,باز دينا ـ ترک کرنا ـ هاتھ اٹھانا ـ دست بردار هونا
ceaseless,دوامي ـ هے در هے
ceaselessly,لگاتار
ceaselessness,دوام ـ تواتر
cedar,ديو دار کي لکڑ
cedarwood,ديو دار کي لکڑي
cede,ملک حوالے کرنا ـ تفويض کرنا ـ دے ڈالنا
ceder,ملک حوالے کرنا
celebrate,جشن منانا ـ مجمع ميں مذهي رسومات ادا کرنا ـ رنگ رلياں رچانا
celebrated,مشهور ـ نامي ـ نامي گرامي
celebrating,جشن
celebration,جشن ـ تعريف ـ شهرت
celebrator,جشن منانے والے
celebrity,ناموري ـ مشهور معروف
celerity,تيز دوري ـ عجلت ـ جلدي
celery,اجوائن خراسائي
celestial,چيني ـ چين کا باشنده  ـ آسماني سماوي
celestialempire,آسماني بادشاهت يعني مملکت چي€
celestially,مقدسانهـ متبرکانه
celibacy,کنواره پن ـ تجرد
celibate,کنوارا
cell,چھت ڈالنا ـ حجره ـ کوٹھري ـ گھر ـ قبر ـ لحد
cellar,گودام ـ سرداب
cellarer,شراب خانه کا نگراں ـ تهه خانه کا محافظ
cellaret,کھانے کے کمرے ميں شراب رکھنے کي الماري
cellarflap,تهه خانے کا چور دروازه
celling,سقف ـ چادر کي چھت
cellular,حرف دار ـ جالي نما
cellularshirt,جالي دار قميض
celluloid,خانه دار مساله جو ھاتھي دانت کي طرح هوتاهے
cellulose,خانه دار
celt,قديم گال ـ کلٹي
celtic,کلٹي قوم کي
cement,گج ـ چوناـ سيمنٹ
cemetery,وه قبرستان جو گرجے کي حدود ميں هو
cenotaph,مقبره بلا قبر جو محض يادگار کيلئے بنايا جائے
cense,اگربتياں جلانا
censer,عود سود ـ عود دان ـ اگر دا€
censor,الزام لگانے والا
censorable,قابل الزام ـ قابل ملامت
censorial,احتسابي
censorious,عيب جو
censoriously,نکته گيري سے
censoriousness,حرف گيري ـ نکته چيني
censorship,احتساب ـ نظارت
censurable,قابل احتساب
censure,ڈانٹ ـ اظھار ناراضگي ـ ملامت کرنا
censurer,الزام لگانے والا
censuring,الزام
census,مردوم شماري ـ عورت مر د تعليم اور پيشه وغير ه کي فهرست کي تياري
censusing,مردم شماري
cent,في صد  ـ سو
centaur,ستاروں کا جھرمٹ  ـ شهسوار
centaury,شهسواري
centenarian,صد ساله ـ سو برس کا
centenary,صد ساله تقريب
centennial,سو برس کا
centesimal,سواں حصه کے حساب سے
centigrade,سو درجے کا
centipede,هزار ها ـ کنکھجورا
central,مرکز کا ـ ممتازـ نماياں
centralism,مرکزي نظام
centralist,مرکزي نظام  کا حامي
centralization,مرکزي نظام حکومت
centralize,مرکز ميں لانا
centralizer,مرکز ميں لانے والا
centrally,مرکز کے اختيار ميں
centralness,بالا اور اعلي اختيار ـ مرکز يت
centre,مرکز ـ مرکز ميں هوناـ گردش کا نقطه ـ مرکز معلوم کرنا
centreless,بے مرکز ـ لا مرکز
centremost,مرکز سے قريب تري€
centrically,مرکز ميں
centricity,مرکز پر هونا
centrifugal,بعيد از مرکز ـ مرکز سے دور
centrifugally,لامرکزي طور پر
centrifugation,مرکزيت
centripetal,مرکز جو
centuple,سوگنا ـ سوگنا کرنا
centuplicate,جس کي سو نقليں کي جائيںـ سو نقليں کرنا
centurion,تمندار
century,صدي ـ سو برس
cephalaigic,درد سر کي دوا ـ درد سر کي
cephalic,سر کے متعلق
ceraceous,موم کي طرح ـ مو م جيسا
cerated,موم کا مرهم ـ موم روغ€
cerates,موم روغ€
cerberus,دوزخ کا کتا
cereal,غله ـ اناج
cerebral,مغز کے متعلق ـ دماغي
cerebrum,دماغ کا اگلا حصه
ceremonial,رسومات کے ساتھ ـ رسم کا
ceremonialism,آداب ـ وسعت ـ تکليف
ceremonialist,رسم پرست
ceremonially,رسمي طور پر
ceremonious,رسم پرست
ceremoniously,پورے آداب کے ساتھ ـ تکليف سے
ceremoniousness,رسم پرستي ـ تکليف
ceremony,مذهبي رسوم ـ رسم ـ ريت ـ ظاهرداري
ceroplastic,مومي ٹھلاني کے متعلق
certain,موثر ـ صحيح ـ لازميـ کوئيـ قابل اعتبار
certainly,قابل اطمينان طور پر ـ بلا شبه ـ لاشمي ـ بے شک
certainty,يقينـ ايقان ـ يقيني امر
certifiable,يقين دلانے کے قابلل
certificate,سند ـ نيک نامي ـ صداقت نامه
certification,صداقت ـ تصديق
certified,تصديق شده
certifier,تصديق دينے والا
certify,يقين کے ساتھ اطلاع دينا ـ گوائي ديناـ تصديق کرنا
certitude,ايقان ـ يقي€
cerulean,آسماني ـ نيلگو€
cerumen,کان ميں جمع کيا هوا ميل
ceruse,سيسے ميں بنا هوا سفيد مساله
cervine,هرن کا سا
cess,خراچ ـ لگا€
cessation,آرام ـ التوا
cession,سهردگي ـ حوالگي
cesspool,گندي نالي
cetacea,دودھ پلانے والي آبي جانور وں کے متعلق
cetaceous,دودھ پلانے والي آبي جانوروںکے سلسلے کا
chafe,مالش کرناـ ملنا
chafer,مالش کرنے والا
chaff,چھلکا ـچوکر ـ بھروسه
chaffcutter,گنڈا سا ـ چاره کاٹنے کي مشي€
chaffer,خريدتے وقت تکرار کرناـ جگھڑجگھڑ کر سو دا لينا
chafferer,تکرار کرنے والا خريدار
chaffy,سبوسي ـ بھروسادار
chagrin,برهمي ـ خفگي
chain,هتھکڑي ـ سلسله ـ لڑي ـ توڑاـ گلوبند
chainbridge,جھولے کا پل ـ زنجيري جھولا
chair,کرسي ـ چوکي
chairman,مير مجلسـ مريضوںکي کرسي کا محافظ ـ صدر
chairmanship,عهده صدارت
chaise,اکا ـسيج گاڑي
chalcography,مس نگاري ـ تانبے پر نقش و نگار بنانا
chaldean,کلداني قوم کاـ بابل کا باشنده
chalice,جا شرابـ پھول کٹورا
chalk,گل سپيد ـ تخته سياه پر لکھنا
chalky,کھريا سے بھرا هوا
challenge,مقابلے کيلئے بلانا
challengeable,قابل عذر ـ قابل اعتراض
challenger,مقابلے کيلئے للکارنے والا
challenging,مقابله
chalybeate,لوها ملا هوا
chamber,کمره ـ ايوان تجارت ـ جوف
chamberlain,افسر اعلي ـ بخشي
chameleon,گرگٹ
chameleonic,متلون مزاج ـ بے اصل
chameleonlike,رنگ بدلنے والا ـ بے اصول
chamois,جنگلي بکرا ـ مرگ
champ,چباناـ چبانے کي آواز
champagne,فرانس کي اچھي قسم کي شراب
champaign,کشاده وسيع ميدا€
champerty,کسي فريق مقدمه کي مدد اس شرط پر کرنا که ڈگري ميںاس کا بھي حصه رهيـ بعض وکيل اس شرط پر مقدمه ليتے هيں
champion,بھادر ـ پهلوان ـ سور ـ غازي ـ مرد
championblunder,فاش غلطي ـ سنگين غلطي
championidiot,سخت بيوقوف ـ نرا احمق
championless,بے يارو مدد گار
championship,اول آنا ـ بهادري
chanamaniac,چين کا ديوانه ـ چين پرستي کرنے والا
chance,موقع ـ واقع سے فائد ه اٹھانا
chancel,صدر کليسا
chancellery,عهده وزارت ـ وزير کا دفتر
chancellor,امير جامعه ـ مشير ـ افسر اعلي
chancellorship,عهده امير جامعه
chancery,محافط خانه
chanceupon,اتفاقيه پالينا ـ اتافاقيه ملنا
chandelier,شيشے کا جھاڑ جس ميں متعدد چراغ هوں ـ فانوس
chandler,موم بتياں بنانے والاـ شمع ساز ـ بتي
chang,فرق ـ اختلاف ـ تبديلي ادل بدل
change,تبديل کرنا  ـ ادل بدل کرناـ بھناناـ خورده کرنا ـ پلٹنا
changeability,بے ثباتي ـ تغير پذيري
changeable,بدل دينے کے قابل
changecolour,شرما جانا ـ رنگ زد هونا
changefront,نحث ميں پهلو بدلناـ محاذ بدلنا
changeling,بدلي هوئي چيز ـ وه بچه جو دوسرے سے بدل ديا گيا هو
changer,تبديل کرنے والا
changing,تبديلي
channel,نھر ـ ناله ـ ذريعه ـ راه ـ واسطه
chant,ترنمـ نغمه  ـ گيت ـ قوالي
chanter,گائے والاـ قوال
chanticleer,مرغ ـ صيح خواں
chantry,پادريوں کو مرحوموںکيلئے دعائے مغفرت کرنے کيلئے وظيفه چھوٹاگرجا
chanty,ملاحوں کا گيت
chaos,دنيا بننے سے پهلے کا ماده ـ بے ترتيب مجموعه ـ ابتري ـ گڈمڈ
chaotic,بے ترتيب ماده
chaotically,ابتري سے
chap,چاک کرناـ شق هوناـ رخسار ـ گال
chapel,عبادت گاه ـ خانه گرجا
chaperon,کنواري لڑکي نگراني کرنے والي مسن عورت ـ آداب سکھاناـ اثاليقه
chaperonage,اثاليقي ـ نگراني
chapfallen,اندوه ناک ـمغصوم ـ غمگي€
chaplain,پادري ـ راهبه
chaplaincy,خانداني پادري کا عهده
chaplet,تسبيح ـ مالا
chapman,چيزيں بدلنيوال  ـ بيو پاري
chapmen,چيزيں بدلنے والے
chapter,کتابکي فضلل
charabanc,بھت سي نشستوں والي لمبي گاڑي ـ سير گاڑي
character,نشاني ـ علامت ـ امتيازي نشا€
characteristic,نماياں صفت
characterize,خصلت بياں کرنا ـ سيرت يا عادت بياں کرنا ـ موسوم کرنا í مشهور کرنا
charcoal,کوئله کي گيس سے خود کشي ـ کوئله
charge,قيمت ـ لاگت ـ الزام ـ تهمت ـ حمله کرناـ حوالگي
chargeable,قابل وضع ـ ادئي کے قابل
chargedaffaires,نائب سفير
charger,جنگي گھوڑا ـ سونپنے والا
charily,کفايت سے ـ هوشياري سے
chariness,تامل ـ بخلـ چوکس
chariot,جلوسي گاڑي ـ رتھ
charioteer,رتھ با€
charitable,خيراتي ـ مخير ـ سخي ـ فياضي
charitableness,نيک دل
charitably,نيک نيتي سے
charity,سخاوت ـ مهرباني
charlatan,چھوٹا ـ مدئي ـ نيم حکم
charm,موه لينا ـ جادو منتر پھونکنا ـ جادو کرناـ مسرور کرنا
charmer,حسينه ـ جادوگرـ نازني€
charming,دل پسند
charmingly,دلربائي سے
charmless,بد صورت
charnelhouse,مردوں کي هڈياںرکھنے کي جگه ـ مرده خانه
chart,نقشه ـ
charter,فرمان ـ منشور ـ سند دينا
charterer,سند عطال کرنے والا ـ جھاز کرايه پر لينے والا
chary,خبردار ـ هوشيار ـ محتاط
charyofpraise,تعريف کرنے ميں تامل کرنے والا
chase,شکار کرنا ـ تعاقب کرناـ شکار گاه ـ بندوق کي نالي
chaser,تعاقب کرنے والا
chasing,تعاقب
chasm,خالي جگه
chaste,پاک دامن ـ پاک ـ حيادار
chastely,پاکدامني سے
chasten,تزکيه کرنا ـ نفس کو رام کرنا
chastener,سدھارنے والا
chastise,تاديب کرنا سزادينا
chastisement,تاديب ـ سزا
chastiser,سزا دينے والا
chastising,سزا
chastity,پاکيزگي ـکنوار پ€
chat,بات چيت کرنا ـ گپ شپ کرنا
chateau,جاگيرداروں کي ديهاتي رهائسش  گاه
chattel,مال متاعـ اثاثه
chatter,دانت بجنا ـ بولنا ـ پرندوں کا چوں چوں کرنا
chatterbox,بک بک کرنے والا
chatterer,بکواس کرنے والا
chattering,بکواس ـ بک بک
chattery,پرزه رسائي
chatty,باتوني ـ گپي
chauffer,منقل ـ آتشدا€
chauffeur,موٹر گاڑي چلانے والا
chauffeuring,گاڑي چلانا
chauvinism,شاون جيسي وطن دوستي
chauvinist,جنگجو وطن پرست
chauvinistic,وطن پرستانه
chaw,تمباکو کا انٹا چباناـ شکست کھا جانا
chawer,چبانے والا ـ شکست کھانے والا
chawing,شکست
cheap,سستا ـ کم قيمتـ فرسوده
cheapen,سستا کرناـ گھٹاناـ ارزان کرنا
cheapening,کم قيمت ـ ارزاں
cheapish,نکماـ ارزاں
cheapjack,پھيري والاـا
cheaply,سستا ـ کم قيمت
cheapness,بے قدري ـ ارزائي
cheaptrip,کم کرايه دے کر تفريحي سفر کرنا
cheat,چال ـ دھوکه ـ جھانسا  ـ دغا
cheater,دھوکه دينے والا
cheatery,دھوکا دهي
cheating,دهوکا
cheatingly,چال سے ـ دھوکے سے
check,چوخانه کپڑا ـ کشت دينا ـ حرکت ميں رکاوٹ
checkable,قابل جانچ پڑتال
checkbook,چيک بک
checker,شطرنج کا تخته ـ شطرنج کي بساط
checking,جانچ پڑتال
checkmate,مات ديناـ شکست ديناـ هوا دينا
cheddar,ولانتي پنيرـ ايک قسم کا پنير
cheek,رخسار ـ گال
cheekily,شوخ چشمي سے ـ گستاخي سے
cheekiness,جسارت ـ گستاخي ـ شوخ
cheeky,شوخ ـ گستاخ
cheep,چيں چيں کرنا
cheeper,چوزه ـ تيتر کا بچي
cheeping,چيں چيں
cheer,دلاسا ديناـ جي خوش کرناـ دلجمعي کرناـ مزاج
cheerer,خوش کرنے والاـ همت بڑحانے والا
cheerful,شادمانـ خوش ـ شاد ـ زنده دال
cheerfully,خوش دلي سے ـ خنده پيشاني سے
cheerfulness,شادماني ـ خوش مزاجي ـ زند ه دلي
cheerily,خوش مزاجي سے  ـ زنده دلي سے
cheeriness,خنده روني ـ خوش مزاجي
cheering,خوش ـ شاد ماني
cheerless,بے رونق ـ افسرده دل
cheerlessly,مرده دلي سے
cheerlessness,بے نوري ـ بے رونقي ـ افسردگي
cheery,خنده رو ـ شادمان ـخوش و خرم
cheese,پنير ـ خطي کا پھول
cheesy,بانکا ـ طرح دار ـ پنير کي طرح
cheetah,چينا
cheiropterous,چمگادڑوں کي قسم کا ـ خفاشي
chela,هندو اور بدھ مت کا پيرو
chemical,کيميا کے متعلق
chemically,از روئے کيميا
chemise,عورتوں کا زير جامه
chemist,کيميا دان ـ دوا ساز
chemistry,علم کيمائ
chenille,مخمل کي ٹوري
cheque,چيک  ـ هنڈي
chequer,چو خانه کپڑا بنانا ـ گونا گوں کرناـ بساط کي طرح بنانا
chequered,بوقلموں زندگي ـ رنگ برنگي زندگي
cherish,پالنا پوسنا ـ پرورش کرنا
cherisher,پرورش کرنے والا
cherishing,پرورش
cheroot,چرٹـ وه سگار جس کے دونوں سرے کھلے هوں
cherry,سرخي
cherrylips,لال لب
cherryribbon,سرخ فيته
cherub,خوبصورت لڑکاـ معصوم بچهـ فرشته
chess,شطرنج
chessboard,شطرنج کي بساط
chessman,شطرنج کا مهرا
chessmen,شطرنج کے مھرے
chest,صندوق ـ لوهے کي پيٹي ـ بڑا مضبوط صندوق
chestnut,شاه بلوط کا درخت ـ سرخي مائل بھورا
chevalier,بھادر طبقه ـ امار کا نوجوان شپاهي
chew,چباناـ جگالي
chewable,چبانے کے قابل
chewer,چبانے ولا
chianti,سرخ اطالوي شراب
chicago,شکاگوـ ملک کا نام
chicagoan,شکاگو کے باشندے
chicaner,ٹال مٹول کرنے والا
chicanery,ٹال مٹول ـ هير پھير
chick,چوزه ـ مرغي کا چوزه
chicken,مرغ بچه ـ چوزه
chide,ملامت کرناـ سرزنش کرنا
chider,ملامت کرنے والا
chiding,ملامت کرنا
chief,رهنماـ حاکم  ـ صدر
chiefly,سردارنه ـ اميرانه
chieftain,مکھياـ سالار ـ فوجي سردار
chieftaincy,سردار کا علاقه
chieftainship,سرداري
chiffonier,خانه دار
chilblain,سردي سے ھاتھ پاؤں پھٹنا
chilblainy,زخمي
child,بچه ـ ساده لوح ـ شخص
childbirth,بچے کي پيدائش
childhood,بچپنـ طفلي
childish,بچوں جيساـ بچوں کي طرح
childless,بے اولاد
childlessness,بے اولادي
childlike,صاف دل ـ مخلص
childly,بچے کي مانند
children,بچے
chili,سرخ مرچ ـ فلفل سرخ
chill,سرد هو جاناـ سرد کرناـ بے حس
chiller,سرد کرنے والا
chilli,لال مرچ ـ فلفل
chillness,بے رخي ـ سرد مزاجي
chilly,سرد مزاج ـسرد مهر
chime,هم نوائيـ رٹ لگاناـ هاں ميں هاںملانا
chimer,گنٹھه بجا کر وقت بتانے والا
chimera,عجيب الخلقت ـ وهم ـ هوا
chimerical,بے اصل ـ موهوم ـ وهمي
chimerically,خيالي طور پر
chimney,آتشدان  ـ دود کش ـ مل کي چمني
chimpanzee,بن مانس ـ چمپينزي
chin,تھوڑي ـ ٹھڈي
china,چيني کے برتنـ چين کا
chinaman,چين کا رهنے والا
chinamania,ملک چيںکا خبط
chinamaniac,چين کا ديوانه ـ چين پرستي کرنے والا
chinatown,چين کا قصبه
chine,ريڑھ کے دونوں طرف کا گوشت
chinee,چين کا باشنده
chinese,چيني زبا€
chink,چھيد ـ چھن  چھن
chintz,چھپا هوا کپڑا
chip,پتھر توڑناـ چھيلناـ انڈے پھوڑنا
chippy,بے لطفـ بے مزاـ خشک
chirognomy,هاتھ ديکھ کر غيب کا حل بتانا
chirography,علم تحرير
chirogrph,دستاويز ـ تحرير
chiropodist,ھاتھ پاؤں کے علاج کا ماهر
chiropody,هاتھ پاؤںناخنوں اور گھٹنوں کا علاج
chirp,چوں چوں کرنا
chirper,چوں چوں کرنے والا
chirpiness,زنده دلي ـ شادماني
chirpy,خوش و خرم ـ شادمان ـ زنده دل
chirr,ٹڈے کي سي آواز نکالنا ـ چيں چيں کرنا
chirrup,چوں چوں کرنا ـ چرکنا
chisel,چھيني ـ بولي ـ دغا دينا ـ ٹھگنا
chiseler,دھوکا دينے والا
chit,پسته قد نازک عورت ـ کمسن ـ ننھا
chitchat,گپ شپ ـ بات چيت
chivalrous,عالي حوصله ـ نڈر ـ بااخلاق
chivalrously,جانبازي سے ـ بے غرضانه
chivalry,بانک پن ـ بهادري
chloroform,بے هوشي کي دوا
chloroformist,دوا سے کر بے هوش کرنے والا
chock,لاکھي
chocolate,ايک قسم کي انگريزي مٹھائي
choice,پسند کرنے کا حق ـ متبادل صورت ـ علاج
choicely,مناسب طريقے سے
choiceness,خوبي ـ عمدگي
choicer,پسند کرنے والا
choir,سناع خانه ـ مذھبي گيت گانا ـ سرود گاه
choke,ٹيٹوا دبانا ـ گلا دبانا ـ دم رک جانا
choker,گلا دبانے والا
choler,صفرا ـ پت ـ غصه ـ طيش
cholera,قے دست کي بيماري
choleric,تيز مزاج ـ چڑچڑا
cholerine,بد هضمي ـ تخمه
chondrule,چوهدري
choose,منتخب کرنا ـ چن لينا ـ پسند کرنا
chooser,پسند کرنے والا
choosing,انتخاب
chop,اڑا دينا ـ قلم کرنا ـ کاٹ دينا ـ پاره ـ رخ بدلنا
chopper,تيشه ـ تير ـ طع کرنے والا
chopstick,دو پتلي تلياں جن سے چيني چاول کھاتے هيں
choral,قوالوں کا ـ گيت کا ـ راگ کا
chorally,مل کر گاتے هوئے ـ ساز کے ساتھ گاتے هوئے
chord,سر ـ تال ـ دھن ـ تانت
chorister,گويا ـ قوال ـ نغمه سرا
chorralist,مل کر گانے والا
chorus,هم آهنگي ـ کم نوائي ـ مل کر گانا ـ قوالوں کي چوکي
chow,چيني نسل کا کتا ـ چين کا
chrism,متبرک تيل ـ پاک کيا هوا تيل
christ,آسماني روحاني بادشاه
christen,اصطباع دے کر عيسائي بنانا ـ تسميه
christendom,ممالک نصاري
christhood,مسيحيت
christian,مسيحي ـ عيسائي ـ نصراني
christianity,عيسائي مذهب
christianize,عيسائي بنانا يا بننا
christianlike,سچے عيسائي کي طرح
christless,بے دين ـ بے نجات دھنده
christmas,عيسائيوں کي عيد
christolatry,مسيح پرستي
christomaniac,حضرت عيسي کا عاشق
chrliferous,کيلوس پيدا کرنے والا
chromatic,رنگوں سے بھرا هوا ـ رنگي€
chromatically,رنگوں کے لحاظ سے
chrome,زرد رنگ
chromide,کرومانڈ
chromite,کرومانٹ
chromium,ايک دھاتي عنصر
chromolithograp,سنگي مطبع کي چھپي هوئي رنگين تصوير
chronic,عيبي ـ سخت شديد ـ پرانا
chronically,مزمن طور پر ـ پرانا
chronicle,سرگزشت ـ واقعات کا روز نامچه
chronicler,روزنامچه لکھنے والا ـ مؤرخ
chronograph,تاريخي مواد ـ ٹھيک ٹھيک وقت بتانے والا
chronographic,وقت نگاري کے متعلق
chronography,وقت نگاري
chronological,تاريخ وار
chronologically,واقعه نگاري کے متعلق
chronologist,تواريخ کا ماهر ـ تواريخ دا€
chronologize,واقعات کو تاريخي وار لکھنا
chronology,تاريخ وار ـ واقعه نگاري
chronometer,وقت بتانے والا آله
chronometry,عملي طور پر وقت کي پيمائش
chrysalis,ارتقائي حالت
chrysanthemum,گل داؤدي
chrysolite,يشب سبز
chub,ايک قسم کا تالا ـ چرب ماهي
chubbiness,موٹاپا ـ گدازي ـ گدگدا پ€
chubby,گدگدا ـ گداز ـ گول مول چهرے والا
chuck,کھٹ کھٹ کي آواز ـ دانه ـ کھانا ـ خرادنا ـ خراد کي اونٹ
chuckle,خوش هونا ـ هنسنا ـ منه بند کر کے هنسنا
chuckler,خوش هونے والا ـ هنسنے والا
chum,ايک کمرے ميں رهنا ـ ساتھ رهنا
chump,بکري کي پٹھ ـ دماغ ـ لکڑي کا کنده
chumup,ميل جول بڑھانا ـ بے تکلفي پيدا کرنا
chunk,موٹا ٹکڑا
church,گرجا گر ـ ديک ـ مفلس
churchgoing,گرجا گر جانا
churchy,کثر عيسائي
churl,کم ذات ـ نيچ ـ بخيل
churlish,احمق ـ بے هنگم ـ اجڈ
churlishly,بخيلانه ـ بک تميزي سے
churlishness,کنجوسي ـ بدتميزي
churn,مکھن نکالنا ـ مٹکي
churner,مکھن نکالنے والا
chutney,اچار
chyle,کيلوس
chylifaction,کيلوس بن جانا
chyme,کيموس ـ رس
cicada,ٹڈا ـ جھينگر
cicatrices,زخم کا داغ
cicatrisation,انگور بننا ـ اندمال ـ زخم کا بھراؤ
cicatrix,زخم کا داغ
cicatrize,انگور آنا ـ اچھا هونا ـ زخم مندمل هونا
cider,سيب کي شراب
cigar,چٹا ـ سگار
cigarette,سگريٹ
cimmerian,تاريک ـ اندھيرا گھپ
cinchona,سنکونا کا درخت
cincture,کمر بند ـ پٹي
cinder,کوئله کي راکھ
cinderella,وه شخص جس کے کمال يا حسن کي قدر نه هوئي هو
cinderelladance,هو رقص جو رات کے باره بجے تک هو
cinderpath,راسته جس پر کوئلے کي راکھ بجھي هو
cindery,خاکستري
cinema,سينما
cinematograph,وه آله جس سے تصويرں پردے پر دکھائي جاتي هيں
cinerary,خاک جيسا
cineraryurn,خاک دان ـ مردوں کي جلي هوئي راکھ رکھنے کي جگه
cinereous,خاکي ـ بھورا خاکستري
cingalese,لنکا کا رهنے والا ـ سنهالي
cinnabar,شنگرف جيسا
cinnamon,دار چيني کے رنگ کا
cinque,تاش کا پنجه
cipher,ناچيز ـ نکما ـ حساب لگانا ـ حساب کرنا
ciphering,حساب
circe,فريب دينے والي
circean,جاده گوئي کا ـ ساحره کا
circle,گول گھيرا ـ چکر ـ کنڈل ـ حلقه
circler,چکر دينے والا
circlet,کمر بند ـ پيٹي
circling,چکر
circuit,دوره ـ گرداب ـ چکر
circuitous,چکر دار ـ هير پھير سے
circuitously,چکر سے ـ پھير سے
circuitousness,دور ـ گردش ـ چکر
circular,چکر دار ـ مدور ـ دائره نما
circularize,گشتي اعلان جاري کرنا
circularizer,گشتي اعلان جاري کرنے والا
circularizing,گشتي اعلا€
circulate,پھرنا ـ چکر کھانا ـ گشت کرنا
circulating,گشت کرتا هوا
circulation,دور ـ چکر ـ گشت
circulative,گردش ميں لانے والي ـ گردش دينے والي
circulator,گردش کرنے والا ـ رواج دينے والا
circulatory,دوران خون کے متعلق
circumambiency,چکر ـ احاطه ـ گھيراؤ
circumambulate,طواف کرنا ـ آواره پھرنا
circumambulatin,آوارگي ـ طواف ـ چکر
circumambulator,طواف کرنے والا ـ آواره گھومنے والا
circumcise,سنت کرنا ـ تزکيه کرنا ـ ختنه کرنا
circumcising,ختنه
circumcision,ختنه
circumference,دور ـ گردا
circumferential,محيط ـگول
circumflous,جاري ـ رواں
circumfluence,چاروں طرف کا بھاؤ
circumfluent,هر چهار طرف بهنے والے
circumfuse,منتشر کرنا ـ چاروں طرف بهانا
circumfusion,پاني کا حلقه
circumjacent,چاروں طرف ـ گردا گرد
circumlocution,چکر دار ـ پيچيده ـ طولائي
circumlocutory,چکر دار ـ طولائي ـ هير پھير کي باتوں کا
circumnavigate,دنيا کے گرد جهاز ميں سفر کرنا
circumnavigator,زمين کي گرد بحري سفر کرنے والا
circumpolar,قطب کے گرد
circumscribe,محدود کرنا ـ حد بندي کرنا
circumscriber,تعريف کرنے والا ـ حد بندي کرنے والا
circumscription,احاطه ـ حد بندي
circumsolar,سورج کے گرد گھومنے والا
circumspect,چوکس ـ محتاط ـ هوشيار
circumspection,خبرداري ـ چوکسي
circumspectly,احتياط سے ـ هوشياري سے
circumspectness,هوشياري ـ احتياط
circumstance,حال ـ واقعه ـ حالات ـ شرح ـ تکف ـ اهتمام
circumstanced,صورت ميں ـ حالت ميں
circumstantial,انقلابي ـ اچانک ـ مفصل
circumstantiall,حالات کے تقاضے سے
circumvallate,چار ديواري بنانا ـ قلعه بندي کرنا
circumvallation,مورچه بندي ـ شهر پناه ـ فصيل
circumvent,دھوکا دينا ـ جل دينا
circumventable,قابل دھوکا
circumvention,چھانسا ـ جل ـ حکمت عملي
circumvolution,زمانه ـ دور ـ گھيرا ـ چکر
circus,چکر ـ گول ميدان ـ سرکس
cis,اس پار ـ اس طرف
cistern,ٹنکي ـ حوض
citadel,قلعه ـ جائے ـ جائے پناه
citation,حواله ـ مقوله ـ طلبي
citator,حواله دينے والا ـ طلب کرنے والا
cite,حواله دينا ـ طلب کرنا ـ بلا بھيجنا
citizen,شهري ـ شهريت کا حامل
citizenhood,شهريت
citizenship,حق شهريت
citrate,ليموں کا نمک
citron,چکوترا
city,نگري ـ شهر
civet,مشک بلاؤ
civic,مهونسپل کميٹي کا ـ بلديه کا
civicactivity,شهري يا مدني مشاغل
civics,شهري حقوق ـ معاشرتي مسائل
civicvirtues,مدني خوبياں
civil,ملکي ـ اجتماعي ـ شهري ـ خوش خلق ـ غير فوجي
civilian,غير فوجي محکمے کا ملازم
civilise,اصلاح کرنا ـ انسان بنانا
civility,اخلاق ـ خلق ـ انسانيت
civilizable,اصلاح پذير
civilization,تمدن ـ تهذيب ـ شائستگي
civilize,اصلاح کرنا ـ سدهارنا ـ انسان بنانا
civilizer,انسانيت سکھانے والا ـ مهذب بنانے والا
civilizing,انسانيت سکھانا ـ مهذب کرنا
civilly,مروت سے ـ خلق سے
civizable,تهذيب پذير ـ اصلاح پذير
clack,کھٹ کھٹ ـ تختوں کے ٹکرانے کي آواز ـ بکواس کرنا
clacker,بکواس کرنے والا
clad,ملبوس
claim,دعويدار هونا ـ مطالبه کرنا ـ طلب کرنا ـ حق جتانا ـ درخواست کرنا
claimable,قابل مطالبه ـ دعوے کے قابل
claimant,مدعي ـ مطالبه کرنے والا
clairvoyance,روشن ضميري
clairvoyancy,غيب داني
clairvoyant,غيب دان ـ غيب کا علم رکھنے والا
clam,لوئے کي پيٹي
clamant,رد و کد کرنے والا ـ تکرار کرنے والا
clamber,مشکل سے چڑھنا
clammy,چيپدار
clamorous,حجتي ـ تکراري ـ غوغائي
clamorously,شور کرکے ـ هنگامه برپا کرکے
clamour,شور و غل ـ هنگامه برپا کرنا ـ فرياد کرنا
clamourdown,خاموش کرنا
clamp,انبار لگانا ـ لوئے کي پيٹي
clamper,انبار لگانے والا
clamping,انبار لگانا
clan,قبيله ـ جرگه ـ خيل
clandestine,پوشيده ـ مخفي ـ پر اسرار
clandestinely,پراسرار طور پر
clang,جھنکار
clangorous,جھنکار کي آوار دينے والا
clangorously,جھنکار سے
clangour,چھنکار ـ جھن جھ€
clank,جھنک ـ جھنکار
clannish,فرقه کا ـ فرقه پرست
clannishness,گروه بندي
clap,تھپڑ ـ کڑک ـ تالي بجا کر اظهار مسرت کرنا ـ تالي بجانا
clapper,گھنتے کا لٹک€
clapperclaw,نوچنا ـ لتے لينا ـ لتاڑنا ـ عيب جوئي کرنا
claptrop,ظائر داري ـ طمطراق ـ ٹيپ ٹاپ
clarendon,ايک قسم کا موٹا ٹائپ
claret,خون ـ لهو ـ لال پاني ـ ارغواني ـ شراب
clarifiable,صاف کرنے کے قابل
clarification,صفائي
clarified,سلجھا هوا ـ صاف کيا هوا
clarify,صاف کرنا ـ مقطر کرنا
clarinet,ارگن ناجے کي کھونتي ـ بانسري
clarinetist,الغوزه بجانے والا
clarion,للکار ـ نرسنگھا ـ شهنائي
clarity,صراحت ـ صفائي
clash,تصادم هونا ـ ٹکر کھانا ـ ٹکر لينا
clasher,ٹکر لينے والا ـ تصادم کرنے والا
clashing,تصادم
clasp,بکسوا ـ قبصه ـ گلے لگانا ـ پکڑنا ـ بند کرنا
clasper,گلے لگانے والا ـ بند کرنے والا ـ قبضه کرنے والا
clasping,بکسوا لگانا ـ بند کرنا
claspknife,ايک قسم کا چاقو جو خود بخود بند نهيں هوتا
class,ذات ـ رتبه ـ درجه ـ قسم
classable,لائق قسم بندي ـ درجه بندي کے قابل
classic,معياري ـ اعلي درجے کا مسلم ـ فصيح
classical,مستند ـ اعلي درجے کا
classics,قديم يوناني اور لاطيني تصائيف ـ مستند اور معياري کتابيں
classifiable,ترتيب دينے کے لائق
classifier,درجه بندي کرنے والا
classify,درجه وار ترتيب دينا ـ درجه بندي کرنا
clatter,بک بک کرنا ـ چخ چخ کرنا ـ کھڑکھڑاهت
clatteralong,کھٹ کھٹ کرتے جانا
clatterdown,کھٹ کھٹ کرتے نيچے کرنا
clatterer,بک بک کرنے والا
clattering,کھڑ کھڑاهت
claudcastle,شيخ چلي کي سي باتيں ـ خيالي پلاؤ
claus,شرط ـ دفعه ـ فقره ـ جزو
clause,جزو ـ جمله ـ دفعه ـ شرط
clavate,گزر سا ـ مگدر جيسا
claw,چنگل مارنا ـ نوچنا ـ پنجه ـ زنبور
clawed,زنبوري ـ پنجه دار
clawless,بے پنجه ـ بے چنگل
clay,گارا ـ چکني مٹي
clayey,مٹي کا
claymore,ايک قسم کي تلوار
clean,طاهر ـ بے داغ ـ پاک ـ صاف ـ خوبصورت
cleanable,صاف هونے کے قابل
cleaner,صاف رکھنے والا
cleanfingered,رشوت سے دور رهنے والا
cleanhanded,بے قصور ـ بے گناه
cleanliness,نفاست ـ اجلا پ€
cleanly,صفائي سے ـ خوش اسلوبي سے ـ نفاست سے
cleanness,اجلا پن ـ طهارت
cleanse,پونچھنا ـ جھاڑنا
cleanser,صاف کرنے والا
cleansweep,پوري جيت ـ پورا صفايا
cleantimber,بے گره لکڑي ـ بے داغ لکڑي
cleantongue,فحش کلامي سے اجتناب کرنے والا
clear,صاف ـ واضح ـ آشکارا ـ نماياں ـ صاف کرنا ـ واضح کرنا ـ رها کرنا ـ خالي کرنا
clearable,قابل و وضاحت ـ صاف کرنے کے قابل
clearance,صفائي ـ بچت
clearer,صفائي کرنے والا ـ بچت کرنے والا
clearing,تبادله
clearinghouse,تبادله زر کا بنک
clearly,کھلے طور پر ـ بلاشبه
clearness,صراحت ـ صفائي
clearwater,صاف پاني
cleat,تکمه ـ بگ ـ پيٹي
cleavage,شگاف ـ درز
cleave,فارق هونا ـ راسته کاٹنا ـ حائل هونا ـ جما رهنا
cleaver,کاٹنے والا ـ قصائي کا چھرا
cleaving,کاٹنا
cleft,چاک ـ شگاف
clematis,بيل کي ايک قسم
clemency,نرمي ـ حلم ـ رحم ـ بخشش ـ معافي
clement,رحمدل ـ بخشنے والا ـ حليم
clemently,رحمدلي ـ بردباري
clench,مستحکم کرنا ـ مضبوظ کرنا
clenching,مستحکم
clepsydra,پن گھڑي ـ پاني کي گھڑي
clergy,اهل کليسا
clergyman,جماعت کليسا کا رک€
clergymen,جماعت کليسا کے ارکا€
cleric,پادري ـ پادريوں سے متعلق
clerical,محررانه ـ پادرانه ـ بابا شاهي
clericalise,پادري بنانا
clericalism,پادريوں کا پيشه
clericalist,کليسا پرست
clerically,اهلکارانه ـ پادريوں کي طرح
clerk,محرر ـ منشي ـ پادري ـ عالم
clerkdom,پادري شاهي
clerkly,اهلکارانه ـ منشيانه
clerkship,اهلکاري ـ نظارت مذئبي
clever,چالاک ـ سيانا ـ هنر مند ـ باکمال
cleverish,هوشيار ـ چالاک
cleverly,هوشياري سے ـ چالاکي سے
cleverness,کار يگري ـ پھرتي ـ هوشياري
clew,کھوج ـ نشان ـ پته
click,کٹ کٹ کي آواز ـ نعل کا ٹکرانا
client,موکل ـ حاشيه نشي€
clientele,نوکر چاکر ـ موکل ـ گاهک
cliff,ٹيله ـ کھڑي چٹا€
climactic,آب و هوا کے متعلق
climactically,بلحاظ آب و هوا
climate,آب و هوا ـ موسم ـ رت ـ ديار
climatic,آب و هوا کے متعلق
climatically,بلحاظ آب و هوا
climax,پرواز ـ ترقي ـ درجه کمال ـ عروج
climb,کوشش سے ترقي کرنا ـ بلند هونا ـ اوپر جانا
climbable,سواري کے قابل
climbdown,بلنک پروازي چھوڑ دينا ـ مزاج ٹھکانے لگنا
climber,سوار هونے والا ـ چھڑهنے والا
climbing,چڑھائي
clime,سر زمين ـ ديار ـ اقليم
clinch,مضبوطي پکڑنا
clincher,مضبوطي پکڑنے والا
cling,چمٹانا ـ چمٹ جانا ـ چپکانا ـ قائم رهنا ـ پابند رهنا
clinic,کلينک
clink,قيد خانه ـ جيل خانه ـ جھنکار
clinometer,نشيب پيما ـ ڈھلوان ناپنے کا آله
clip,کاٹنا ـ کترنا ـ تراشنا ـ قلم کرنا ـ حذف کرنا ـ مختصر کرنا
clipper,کم کرنے والا ـ کاٹنے والا
clipping,ايلي درجے کا ـ کترن ـ ريزگي
clique,منڈلي ـ گروه
cliquish,جتھا بنانے والا
cliquishness,دوسروں سے الگ اپنا جتھا بنانے کا عمل
cloak,چوغه ـ لباده ـ جبه ـ چادر
cloakroom,لباده رکھنے کا کمره
clock,گھڑي
clocker,ساعت بتانے والا
clockinghen,انڈے سيتي هوئي مرغي
clod,کلوخ ـ روڑا ـ ڈھيل
cloddish,بھونده ـ گنوار سا
cloddishness,سفاهت ـ گنوار پ€
clodhopper,دھقائي ـ گنوار
clog,بوجھ بار ـ روک ٹوک ـ مزاحمت
cloister,محراب دار چھت
cloistered,چھتے دار ـ گنبد والي
closable,بند کرنے کے قابل
close,پورا کرنا ـ تکميل کرنا ـ بند کرنا ـ تسليم کرنا ـ طے کرنا
closeable,بند کرنے کے قابل ـ طے کرنے کے قابل ـ قابل تکميل
closeargument,بنک کرنے والي دليل
closegrained,قريب قريب ريشوں کا بله
closein,محاصره کرنا ـ گھيرا تنگ کرنا
closely,غور سے ـ قريب قريب
closeprisoner,قيدي جو کڑي نگراني ميں رکھا جائے
closer,بند کرنے والا
closet,نجي کمره ـ خلوت خانه
closethicket,گنجان جھاڑي
closure,قيد ـ بندش ـ احاطه ـ رکاوٹ
clot,ڈلا ـ جما هوا مادا ـ چکنا ـ گاڑھا هونا
cloth,کپڑا ـ جامه
clothe,ملبوس
clothier,بزاز
clothing,لباس ـ پوشاک
cloud,بادل ـ ابر ـ رنج ـ تکليف ـ فکر ـ غم ـ دھندلا پ€
cloudburst,طوفاني بارش
cloudcapped,بادلوں سے ڈھکي هوئي
clouddrift,بادلوں کے ٹکڑے ـ اڑتے هوئے بادل
cloudiness,تکدر ـ ظلمت ـ گھٹا
cloudless,صاف ـ بے ابر
cloudlessness,مطلع کا صاف هونا
cloudlike,بادل کي طرح
cloudy,ابر آلود
clourist,رنگ کا ماهر ـ رنگ آميز
clout,دست مال ـ پيوند ـ گھونسا ـ مکا ـ مکا مارنا
clouter,پوند لگانے والا
clouting,پيوند کاري
clove,لونگ ـ لونگ کا درخت
clover,تيپا گھاس
clown,اجڈ ـ مسخره ـ بے تميز
clownery,مسخره پ€
clownish,بھانڈ کي طرح ـ اجڈ
clownishly,مسخرے پن سے
clownishness,بے تميزي ـ تمسخر
cloy,سير هونا ـ جي بھر جانا ـ اکتا دينا
club,ڈنڈا ـ گلف کھيلنے کي چھڑي ملانا ـ متحد کرنا ـ حرکت کرنا
clubable,کتاب ميں شامل هونے کے قابل
clublaw,مگدر کي جوڑ ي
cluck,کٹ کٹ کرنا
clucking,کٹ کٹ
clue,سراغ ـ کھوجـ پتهـنشا€
clumber,اسپينل کي قسم کا کتا
clump,انبار لگاناـ گنجان درخت لگانا
clumsiness,اجڈ پن ـ بے ٹھگا پ€
clumsy,بے سليقه ـ اناڑي ـ بھدا
cluster,غول ـ جھرمٹ ـ گچھا
clutch,چھين لينا ـ قصبه ميں لانا ـ چنگل مارنا
clutter,شور ـ هلچل ـ بوکھلاهٹ ـ پريشاني
cluttering,پريشاني
clyster,پچکاري ـ حقنه
co,ساتھ ـ مع
coach,شاهي گاڑي ـ امتحان کيلئے تيار کرناـ استاد
coachbox,گاڑيباں کے بيٹھنے کي جگه
coaching,گھر پر تعليم دلانا ـ اتاليقي
coadjutant,شريک  ـ  مددگار
coadjutor,معاون ـ مددگار ـ شريک
coagency,مشارکت ـ  شر کت
coagent,شريک
coagula,جھانے والي چيز
coagulable,قابل منجمد
coagulant,شريک ـ مددگار
coagulate,بسته بوناـ جماناـ منجمد بونا
coagulation,انجماد ـ جماد
coagulator,جمانے والي چيز
coagulometer,منجمد پيما
coal,کوئله
coalback,کوئلے کے رنگ کا
coalesce,متحد هونا ـ ملنا
coalescence,اتحاد ـ امتزاج
coalescent,متحد ـ جڑا هوا ـ مربوط
coalition,مل کر ايک هوناـ سياسي جماعتوں کا اتحاد
coalitioner,مل کر ايک هونا
coalitionist,سياسي جماعتوں کے اتحاد کا حامي
coalminepit,کوئلے کا غار ـ کوئلے کي کا€
coalscuttle,کوئله دا€
coarish,گھٹيا سا ـ کھر دار سا
coarse,کم حيثيت کاـ معمولي درجے کا
coarsely,اناڑي پن سے
coarsen,بھدا سا
coarseness,کرختگي ـ سختي ـ گھٹيا پ€
coast,دريا کا کناره ـ بلندي سے نيچے کي طرف باهسکل پر آنا
coaster,بغير پير چلائے باهسکل نيچے کي طرف لانے والا
coasting,ساحل کے آس پاس جهاز راني کرنا
coat,کوٹ ـ بال ـ سمود
coatcard,تاش کا تصوير دار پتا
coated,تهه چڑھا هوا ـ لپٹا هوا
coatee,بے دامن کا کوٹ
coating,کوٹ کا کپڑا
coatroom,کوٹ رکھنے کا کمره
coattail,کوٹ کا گاودم دام€
coax,فريب دينا ـ پھسلانا
coaxer,فريب دينے والا
cob,ٹانکن ـ راج هنس ـ تھپڑ مارنا
cobalt,ايک قسم کي دھات
cobble,پن پتھر پاني کے گول پتھر ـ گول کا فرش کرنا
cobbler,موچي ـ اناڑي
cobra,کالا ناگ
cobradecapello,پھنير سانپ
cobweb,جالے ـ مکڑي کا جالا ـ فريب ناپائيدار
cobwebbery,ايچ بيچ ـ هير پھير
cobwebby,مکڑي کے جالے سے بھرا هوا
cocaine,ايک دوا جس سے جلد سن هو جاتي سے ـ کوکي€
cocainisation,کوکين سے سن کرنا ـ بے حسي
cochant,آلتي پالتي ـ سگ نشست
cochineal,قرمز
cock,خروس ـ مرغ ـ نر پرنده
cockade,تمغه ـ کلغي ـ طره
cockaded,کلغي دار ـ طره دار
cockatoo,بڑي کلغي والا طوطا
cockatrice,يوناني قصوں کا فرضي سانپ ـ افعي
cockcrow,بانگ مرغ ـ آواز خروس
cockenyfy,لندنيوں کي طرح رهنے والا
cocker,ناز اٹھانا ـ لاڈ کرنا
cockered,لاڈلا ـ ناز پرورده
cockerel,جھگڑالو لڑکا ـ پٹھا مرغ
cockeyed,احول ـ بھينگا
cockfight,مرغ لڑائي
cockhorse,کاٹھ کا گھوڑا
cockle,گھاس پھوس ـ ابھار ـ شکن ـ موڑنا ـ سيبي
cockney,لندني زبا€
cockneyfy,لندني جيسے خصائل پيدا کرنا ـ لندني بنانا
cockneyish,لندنيوں کي طرح رهنے سهنے والا
cockneyism,لندني بول چال
cockpit,مرغوں کا دنگل
cockroach,تل چٹا ـ بھونرے کي طرح کا کيڑا
cocksiness,خود پسندي ـ گستاخي
cocksure,يقيني طور پر
cocksy,بننے والا ـ خود پسند
cocktail,دم کٹا ـ اوچھا ـ دم بريده
cocoa,ايک قسم کي بارود
cocoanut,ناريل ـ کھوپڑا
coconut,ناريل
cocoon,ريشم کے کيڑے کا خول
cocoonery,ريشم کے کيڑوں کي پرورش کي جگه
coction,ايک قسم کي پھلي ـ دانه دار پھلي
coddle,ناز برداري کرنا
coddler,ناز برداري کرنے والا
coddling,ناز برداري
code,مجموعه قوانين يا قواعد ـ اشاروں کي زبا€
codeword,خفيه لفظ
codger,ضعيف آدمي ـ ناکاره ـ عجوبه
codification,ترتيب قواني€
codified,قانون کي ترتيب اور تدويا€
codifier,قوانين کا ترتيب دينے والا
codify,قانون کي تدوين کرنا
codliveroil,کاڈ مچھلي کا تيل
coeducation,کو تعليم
coequal,برابر ـ مساوي
coerce,مجبور کرنا ـ دباؤ
coercer,دباؤ ڈالنے والا
coercible,جبر کئے جانے کے قابل
coercing,جبر
coercion,جبر ـ زور
coercionary,سخت گير ـ استبدادي
coercionist,استبداديت کا حامي ـ سخت گير
coercive,تشدد آميز ـ سخت
coessential,هم اصل ـ هم ماده
coeternal,هم قدم ـ هم ابد ـ هم قياس
coeval,هم عهد ـ هم عصر
coevally,هم عصري
coexecutor,هم وثيقه ـ شريک وصي
coexist,کسي دوسرے کے ساتھ موجود هونا
coexistence,هم بودي ـ هم موجوديت
coexistent,هم بود ـ هم وجود
coexixtence,هم بودي ـ هم موجوديت
coextensive,هم زمان ـ هم مکا€
coextensively,هم مکاني ـ هم زماني
coextistent,هم بود ـ هم وجود
coffee,قهوه ـ چائے ـ حاضري
coffeehouse,کافي هاؤس
coffeepot,کافي کي پيالي
coffer,خزانے کا صندوق ـ زيور
coffin,تابوت ـ تابوت ميں رکھنا ـ کفنانا
coffing,تابوت
cog,دندانے ـ خوشامد سے حاصل کرنا
cogence,معقول ـ دلنشي€
cogency,معقوليت ـ دلنشيني
cogent,قوي ـ مضبوط
cogently,پخته طور پر ـ معقول طور پر
cogitable,قابل قبول ـ قابل فهم
cogitate,خيال کرنا ـ کسي شے کا تصور کرنا
cogitating,سوچنا
cogitation,خيال ـ تصور ـ تفکر
cogitative,فکر کرنے والا
cogitatively,سوچ بچار سے ـ متفکرانه
cogitativeness,رشته داري ـ هم جنس ـ متعلقه
cogitator,فکر کرنے والا
cognac,ايک قسم کي شراب
cognate,هم اصل ـ هم جنس
cognateness,رشته داري ـ هم جنس
cognation,قرابت ـ رشته داري
cognisable,رشته کے قابل
cognition,گيان ـ علم ـ آگاهي
cognitional,علمي اداراکي
cognitive,عارف ـ واقف
cognizable,قابل سماعت ـ قابل ادراک
cognizance,قانوني ـ سنوائي ـ علم ـ سماعت
cognizant,محرم ـ واقف
cognize,توجه دلانا ـ شناخت کرنا
cognizer,شناخت کرنے والا
cognizing,شناخت
cognomen,اسم ـ سرنامه ـ لقب ـ عرفيت
cognomina,هم اسم
cognominal,هم اسم ـ هم نام
cognovit,اقبال دعوي ـ مدعليه کا اقبال که مدعي کا دعوي حق بجائب هے
cohabit,صحبت کرنا ـ هم بستر هونا
cohabitation,هم بستري
cohabiting,هم بستر هونا
coheir,هم ورثه ـ هم ميراث
cohere,جمنا ـ چمٹنا ـ لگنا
coherence,ربط ـ اتصال
coherency,ربط ـ اتصال
coherent,باندھا هوا ـ جڑا هوا
coherently,ربط کے ساتھ
cohesion,اتصال ـ لگاؤ
cohesive,پاس پاس ـ متصل
cohesively,متصلي
cohesiveness,پيوستگي ـ چسپيدگي
cohort,جماعت  ـ گروه ـ فوج کا دسته
coif,ايک قسم کي ٹوپي
coiffeur,بال بنانے والا
coiffure,کنگھي چوٹي
coiffuring,کنگھي
coil,کنڈل ـ ڈور کا گوله
coin,سکه
coinable,ضرب کرنے کے قابل
coinage,نظام سکه ـ اختراع
coincide,ايک وقت ميں هونا ـ مطابق هونا
coincidence,زماني مطابقت ـ اتفاقي ـ مطابقت
coincident,هم وقت ـ موافق ـ ساتھ ساتھ
coincidental,هم مکاني ـ هم زماني
coincidentally,هم مکاني سے
coincidently,هم وقتي سے ـ هم زماني سے
coiner,جعلي سکے بنانے والا
coir,ناريل کے ريشے
coition,وصال ـ صحبت
coke,نيم سوخته کوئله
colander,چھلني ـ غريال
coldish,ٹھنڈا سا
coldlivered,ٹھنڈي مٹي کا ـ بے حس
coldly,بے پروائي سے ـ بے اعتنائي سے
coldmeat,ٹھنڈا گوشت
coldness,سرد مهري ـ رکھائي
cole,بوجھ ڈھونے کا ڈنڈا يا بلي
colic,مروڑ ـ رياحي درد ـ پيٹ کا درد
collaborate,ساتھ مل کر کام کرنا ـ هاتھ بٹانا
collaborating,هاتھ بٹانا
collaboration,کام ميں شرکت
collaborator,کام ميں شرکت کرنے والا
collapse,گر پڑنا ـ ڈھير هو جانا ـ جواب دے دينا
collar,کالر ـ گلو ـ کنٹھا ـ گريباں ميں هاتھ ڈالنا
collate,مطابق کرنا ـ مقابله کرنا
collateral,هم اصل ـ برابر ـ هم پهلو
collaterally,خانداني حيثيت سے ـ برابر برابر
collating,خانداني حيثيت
collation,مطابقت ـ موازنه
collator,مقابله کرنے والا
colleague,ساتھي ـ هم منصب ـ رفيق
collect,جوڑنا ـ جمع کرنا ـ هوش ميں آنا
collectable,جمع کرنے کے قابل
collected,غير جذباتي طور پر ـ حواس مجتمع کرکے ـ دلجمعي سے
collection,انبار ـ ذخيره ـ جمع
collective,مجموعي ـ يکساں ـ اکٹھا
collectively,سب مل کر
collector,جوڑنے والا ـ جمع کرنے والا
collectorate,کلکٹر ـ کلکٹر کا دفتر
collectorship,اول تعلقه داري ـ ڈهٹي کمشنري
college,کالج
collegian,کالج کا طالب علم
collegiate,اعلي درجے کا مدرسه
collide,متصادم هونا ـ ٹکر کھانا
collier,کوئله بيچنے والا
colliery,کوئلے کي کا€
colligate,ترتيب دينا ـ مربوط کرنا ـ اکٹھا کرنا
colligation,اتصال ـ ترتيب
collision,ٹکر ـ تصادم
collocate,سجانا ـ ترتيب دينا
collocation,سجاوٹ ـ ترتيب
collop,گوشت کا تکه ـ بوٹي
colloquial,عام بول چال کا
colloquialism,روز مره ـ بول چال کا محاوره
colloquialist,خوش بيان ـ شيريں گفتار
colloquy,بات چيت ـ محاوره
collude,مل جانا ـ سازش کرنا
colluder,سازش کرنے والا
colluding,سازش کرنا
collusion,سازش
collusive,سازش کا ـ جعلسازي کا
collusively,سازش سے ـ دغا بازي سے
colly,بے مروتي ـ سر مهري سے
collyrium,سلائي ـ کاجل
colocynth,تلخ سيب ـ کڑوا کھيرا
colombia,کولمبيا
colombian,کولمبيا کے باشندے
colombo,کولمبو
colon,بڑي آفت
colonel,کوئل
colonelship,کوئل کا عهده
colonial,نو آبادکاري
colonially,نو آبادي کي حيثيت سے
colonise,نئي جگه آباد کرنا
colonist,نو آبادي کو بسانے اور آباد کرنے والا
colonization,نو آبادي بنانے کا عمل
colonize,نئي بستي بسانا
colonizer,نئي بستي بسانے والا
colonizing,نئي بستي بسانا
colonnade,درختوں کي قطار ـ ستونوں کي قطار
colony,کالوني ـ مهاجرين کي نوآبادي
color,رنگ
colorific,رنگ چھوڑنے والا ـ رنگ فشاں
colossal,شاندار ـ شوخ نما ـ بڑے قد کے ـ خوشنما
colossus,بڑي بھاري مورت ـ ديو پيکر کا مجسمه
colour,رنگ ـ لون ـ رنگ روغن ـ شکل ـ صورت ـ کسي فوج کا نشا€
colourable,نمائشي ـ مصنوئي ـ بناوٹي ـ جعلي
colourblind,رنگ نه پهچان سکنے والا ـ رنگ اندھا
colourer,رنگ بھرنے والا
colouring,رنگ بھرنا
colourless,روکھا پھيکا ـ بے رنگ
colporteur,پھيري لگا کر مذھبي کتابوں بالخصوص انجيل بيچنے والا
colt,بے وقوف ـ بچھيرا ـ نوجوان گھوڑا ـ احمق اناڑي
colter,هل کا لوها ـ هل کا پھل
columbine,هارلي کن مسخرے کي بيوي ـ ايک درخت
column,ستون ـ تھم ـ لاٹ
coma,بے هوشي کي نيند ـ ريشه دار بيج
comb,کنگھي کرنا ـ شانه ـ موج کا بل کھانا
combat,لڑنا ـ جنگ کرنا
combatant,جنگجو ـ لڑنے والا
combative,جھگڑالو
combination,اتحاد ـ اتفاق ـ ميل
combine,مل جانا ـ متحد هونا ـ جمع هونا
combined,جڑا هوا ـ ملا هوا
combiner,متحد هونے والا ـ جمع هونے والا
combings,ٹوٹے يا گرے هوئے بال
combustibility,آتش انگيزي ـ اشتعال پذيري
combustible,اشتعال پذير ـ آتش گير ماده
combustibly,اشتعال پذيري سے
combustion,جلنے کي حالت ـ جل جانا
come,اترنا ـ واقع هونا ـ آنا ـ چلو ـ آؤ
comeback,واپس آنا
comedian,مراج نگار ـ تمثيل نگار
comedic,تمثيل نگاري
comedienne,رقاصه ـ ناٹکي عورت
comedy,تمثيل ـ طنز و مزاج ـ نقل
comeliness,خوش اندامي ـ جوبروئي
comely,شکيل ـ خوشنما ـ خوش اندام
comeoff,الگ هونا ـ بچ نکلنا ـ مکمل هونا
comer,هو وارد ـ آنے والا
comestible,اشيائے خوردني
comet,دم دار تارا
comfit,الائچي دانه ـ نقل
comfort,آرام ـ تشفي ـ تسلي
comfortable,آرام ده ـ خوشحال ـ آسوده
comforter,غم خوار ـ تسلي دينے والا
comforting,تسلي دينا
comfortless,بے سکون ـ بے آرام
comic,مسخره ـ هنسانے والا
comical,تمسخرانه ـ نرالا
comintern,ورس کي سياسي جماعت ـ انقلابي جماعت
comity,بين الاقوامي انداز ـ قوموں کي راه و رسم
comma,رمز وقف
command,حاکم هونا ـ ارشاد کرنا
commandant,فوجي سردار
commandeer,فوج کے لئے جبري بھرتي کرنا
commander,امير ـ سپه سالار
commanderinchie,امير فوج
commanding,شاندار ـ نهايت مؤثر
commandment,خدا کا حکم ـ حکم الهي
commando,فوجي دسته
commandpaper,فرمان شاهي
commemorate,ذکر کرنا ـ يادگار قائم کرنا
commemoration,عرس ـ تقريب ـ يادگار
commemorative,يادگاري ـ ياد دلانے والي
commemorator,ياد دلانے والا
commence,کام شروع کرنا ـ آغاز پهل کرنا
commencement,دستار بندي ـ آغاز ـ ابتدائ
commend,سپرد کرنا ـ تعريف کرنا ـ سفارش کرنا
commendable,قابل تعريف
commendation,سفارش ـ تعريف ـ توصيف
commendatory,سفارشي ـ توصيفي ـ تعريفي
commensurable,مناسب ـ هم وزن ـ هم آواز
commensurably,هم عدادي سے ـ هم مقداري سے
commensurate,موافق ـ مطابق
commensurately,مطابقت سے
commensuration,مطابقت
comment,رائے زني کرنا ـ تبصره کرنا ـ حاشيه لکھنا ـ نکته چيني کرنا
commentary,حاشيه ـ شرح
commentate,تبصره کرناح
commentation,شرح نويسي ـ حاشيه آرائي
commentator,تبصره کرنے والا ـ تشريحي بيان دينے والا
commerce,تجارت ـ سوداگري ـ راه و رسم
commercial,تجارتي ـ سودا گري کا ـ تجارتي معامله
commercialism,تجارت پسندي
commercialist,تجافت پسند
commercialize,تجارت کے قابل بنانا
commercially,تجارتانه نقطه نظر سے
commination,وعيد ـ خداکاقهر
comminatory,ڈرانے والي
commingle,گھل مل جانا ـ ملنا ـ امتزاج کرنا
commiserate,رحم کرنا ـ ترس کھانا
commiserating,رحم
commiseration,ترس ـ رحم
commiserative,رحمدل ـ ترس کھانے والا
commiseratively,رحمدلانه
commissar,محکمه کا افسر اعلي
commissarial,افسر محکمه کے متعلق
commissariat,روس ميں محکمه خوراک
commissary,محکمه رسد کا افسر
commission,اختيار ـ حکم ـ سند دينا ـ سپرد کرنا
commissionaire,لندن کے وظيفه ياب ـ باوردي هر کارے فوجي ملازموں کي جماعت کا رک€
commissioned,عهده دار ـ ناظر ـ سند يافته
commissioner,سند دينے والا ـ حکم دينے والا
commit,حواله کرنا ـ سوبپنا ـ ذمه لگانا
commitment,پابندي ـ قيد ـ حواله
committable,قابل حواله ـ قابل قيد
committal,قيد پابندي
committee,مجلس ـ کميٹي ـ سبھا
commode,طشت ـ کمود ـ چوکي
commodious,کشاده ـ وسيع ـ آرام ده
commodiously,فراخي سے ـ کشادگي سے
commodiousness,فراخي ـ کشادگي ـ راحت
commodity,مفيد شے ـ اسباب ـ مال جنس
commodore,مير بحريه کا ما تحت عهده دار
common,سب کا ـ عوامي ـ مشترکه ـ بن چرائي ـ ادني ـ گنوار
commonality,خلق خدا ـ عام لوگ
commonly,عام طور پر
commonplace,خاص خاص باتيں ـ معمولي ـ گھٹيا
commonroom,بيٹھنے کا کمره ـ عام لوگوں کي نشست کا کمره
commons,عوام جمهور ـ انگلستان کے منتخب نمائندے ـ دارالعلوم ـ مشترک کھانا
commonwealth,دولت مشترکه
commotion,شورش ـ هل چل ـ بے کلي
communal,پيرس کمون کا رکن ـ بستي کا ـ آبادي کا
communalism,جداگانه انتخابات کا نظريه
communalist,فرقه پرست
communalization,قرشه کي ملکيت قرار دينا
communalize,مشترکه ملک بنانا
commune,ملکي پنچائيت ـ بات چيت کرنا ـ کلام کرنا ـ راز و نياز کرنا
communicable,کهنے کے قابل
communicate,ربط پيدا کرنا ـ خبر دينا ـ آگاه کرنا
communicating,خبر دينا ـ آگاه کرنا
communication,خبر رسائي ـ اطلاع
communicator,اطلاع دينے والا ـ خبر رساں
communion,دل کي بات ـ راز و نياز
communism,اشتماليت ـ اشتراکيت ـ مساوات
communist,اشتمال پسند شخص
community,حصه داري ـ شراکت ـ مشترکه ملکيت
communization,اشتمال کا اصل اصول جاري کرنا
communize,جمهوري يا قومي بنانا ـ مال مشترکه بنانا
communtator,حاکم مجاز تبديل ـ بدلنے والا
commutability,تبادلے کي قابليت ـ بدل پذيري
commutable,جس ميں رد و بدل کي صلاحيت هو ـ مبادله پذير
commutation,عوض معاوضه ـ هيرا پھيري ـ قيمت
commute,تبديل کرنا ـ معاوضه دينا ـ بھاري سزا سے بدل دينا
compact,مضبوط کرنا ـ کسنا ـ پيوسته کرنا ـ معاهده ـ عهد و پيما€
compactly,متانت سے ـ پخته طور پر
compactness,متانت ـ چستي ـ گھنا پ€
companion,ساتھي ـ شريکک ـ هم صحبت
companionable,خوش صحبت ـ زنده دل ـ ملنسار
companionship,صحبت ـ رفاقت ـ هم نشيني
company,گروه ـ جتھا ـ ٹولي ـ جماعت ـ صحبت ـ رفاقت
companymanners,مصنوعي اخلاق
comparable,ٹکر کا ـ هم رتبه ـ هم پله
comparative,متناسب ـ نسبتي
comparatively,نسبتا ـ مقابلتا
compare,تشبيه دينا ـ جانچنا ـ موازنه کرنا ـ مقابله کرنا
comparenotes,نتائج نکالنا ـ تحريروں کا مقابله کرنا
comparison,مماثلت ـ نظير ـ موازنه
compart,درجوں ميں تقسيم کرنا ـ الگ الگ حصے کرنا
compartment,خانه ـ کمره ـ حجره ـ درجه ـ ڈبه
compass,گردا ـ احاطه ـ چکر ـ گھيرا
compassable,احاطه کرنے کے قابل ـ قابو ميں آنے کے قابل
compassion,دينا ـ رحم ـ خدا پرستي ـ تلطف
compassionate,رحم کرنا ـ غم خواري کرنا ـ ترس کھانا
compassionately,رحمدلي سے ـ خدا پرستي سے
compatibility,مطابقت ـ موافقت ـ معاشرتي ميل جول
compatible,ساتھ ساتھ رهنے والا ـ ملتا جلتا ـ موزوں
compatriot,ايک ملک کا رهنے والا ـ ايک ديس کا باشنده
compeer,همجولي ـ هم رتبه ـ رفيق
compel,برور داخل کرنا ـ زبردستي کرانا ـ لاچار کرنا ـ مجبور کرنا
compellable,زبردستي کرانے کے قابل
compendious,جامع ـ خلاصه ـ مجمل
compendium,خلاصه ـ انتخاب ـ اختصار
compensate,کسر نکالنا ـ بدله دينا ـ معاوضه دينا ـ تلافي کرنا ـ کفاره ادا کرنا
compensation,هرجانه ـ معاوضه ـ بدلا
compensative,پورا معاوضه ـ تلافي ک€
compensator,معاوضه دينے والا ـ تلافي کرنے والا
compensatory,معاوض
compete,ريس کرنا ـ مقابله کرنا ـ هم سري کرنا ـ برابري کرنا
competence,مرفه الحالي ـ فراغت
competency,مرفه الحالي ـ فراغت
competent,صاحب اختيار ـ قابل ـ لائق ـ کافي وافي ـ مختار
competition,مقابله ـ برابري ـ همسري ـ رقابت
competitive,هم سري کا ـ مقابله کا
competitor,حريف ـ هم چشم ـ مقابله کرنے والا
compilation,ترتيب ـ تدوين ـ تاليف
compile,جمع کرنا ـ تاليف کرنا ـ ترتيب دينا
complacence,مروت ـ اخلاق ـ خوشي ـ آسودگي
complacency,مروت ـ خوشي ـ اخلاق
complacent,مطمئن ـ خوشدل ـ خليق
complacently,خوش خلقي سے ـ اطمنان سے
complain,شکايت کرنا ـشکوه کرنا ـ نالش کرنا ـاستغاثه کرنا
complaint,آه زاري ـ فرياد ـ شکوه ـ شکايت
complaisance,فروتني ـ تهذيب ـ انسانيت ـ اخلاق
complaisant,آسوده خاطر ـ مطمئن ـ خوشدل
complement,هو زاويے جو زاويه قائمه کي تکميل کرتے هيں ـ مکمل کرنے والا
complemental,تکميلي ـ بھرتي پوري کرنے والا
complementary,زائد امدادي ـ مکمل کرنے والا ـ پورا کرنے والا
complete,تمام ـ بالکل ـ مکمل ـ کامل ـ ختم کرنا ـ تمام کرنا ـ مکمل کرنا
completeness,کمال ـ تکميل ـ اختتام ـ تمام
completion,تکميل ـ اختتام
completive,اختتامي ـ اتمامي
complex,ذھني الجھاؤ ـ دماغي وهم ـ شاکله
complexion,سبھاؤ ـ رنگ و روپ ـ صورت ـ خصلت
complexity,پيچيدگي ـ الجھاؤ
compliance,فرمانبرداري ـ اطاعت ـ حکم ـ تکميل
compliant,حکم کي تعميل کرنے والا ـ فرمانبرداري
complicate,الجھانا ـ خلط ملط کرنا ـ پيچيده کرنا
complicating,الجھانا
complication,پيچيدگي ـ الجھاؤ
complicator,الجھانے والا
complicity,ساز باز ـ سازش
compliment,تعريف کرنا ـ سراھنا
complimentary,ستائش کے طور پر ـ تعريفي
comply,تسليم کرنا ـ ماننا
component,اهم ـ جزوي ـ ضروري
comport,موافق هونا ـ متفق هونا
comporting,موافقت
compose,مرکب کرنا ـ ترتيب دينا ـ تصنيف کرنا
composedly,تسلي کے ساتھ
composedness,خاطر جمعي ـ دل جمعي
composer,شاعر ـ ترتيب کرنے والا
composing,حروف جوڑنے کا کام
composite,جڑا هوا ـ مرکب
composition,ميل ـ آميزش ـ ساخت
compositive,جوڑنے والا ـ ملانے والا
compositor,چھائے کے حروف جوڑنے والا
composure,تسلي ـ دل جمعي
compotation,ساتھ کھانا پينا ـ هم مشربي
compound,آميزش کرنا ـ مرکب کرنا ـ ملانا ـ آنگن ـ صحن مکان ـ احاطه
compoundable,مصالحت کے قابل ـ لائق معافي
compounder,در گزر کرنے والا
compounding,احاطه کا کام
comprehend,ادراک کرنا ـ سمجھا ـ داخل کرنا
comprehendible,قابل ادراک ـ اندر لانے کے قابل
comprehensible,قابل فهم
comprehension,ادراک ـ فهم
comprehensive,کشاده ـ محيط ـ زيرک
compress,خلاصه کرنا ـ دبا کر چھوٹا کرنا
compressible,ايجاز پذير
compression,اقتباس ـ ايجاز ـ اختصار
compressive,دبانے والي شے
compressor,دبانے والا
comprise,شامل هونا ـ شامل کرنا ـ محيط هونا
compromisable,قابل فيصله ـ قابل صلح
compromise,راضي نامه ـ باهمي فيصله ـ مصالحت ـ معاملے کو رفع دفع کرنا
compromiser,مسالحت کرنے والا
compromising,مصالحت کا کام
comptroller,مهتمم ـ ناظر
compulsion,زور آوري ـ دباؤ
compulsive,مجبور ک€
compulsively,مجبوري سے
compulsory,بالجبر ـ لازمي
compunction,خلش ـ دکھ ـ پريشاني
compunctious,دکھني ـ پشيمان ـ متاسف
compurgation,حلف کے ذريعے سے بريت ـ الزام سے  بريت
computability,حساب کتاب
computable,شمال کے قابل
computation,تخمينه ـ محاسبه ـ تعداد
computative,حساب ميں لگانے کے قابل
compute,شمار کرنا ـ حساب کرنا
computer,شمار کرنے والا ـ کمپيوٹر
comrade,يار ـ ساتھي ـ رفيق
comradeship,دوستي ـ ياري
concave,محراب دار ـ کمان نما
conceal,پوشيده رکھنا ـ مخفي رکھنا
concealable,چھپانے کے قابل
concealer,چھپانے والا ـ مخفي کرنے والا
concealing,چھپانا
concealment,پرده داري ـ راز داري
concede,تسليم کرنا ـ منظور کرنا ـ اجازت دينا
conceder,تسليم کرنے والا ـ اجازت دينے والا
conceit,خود بيني ـ خيال خام
conceited,شيخي باز ـ مغرور ـ خود بي€
conceitedly,خود پسندي سے ـ خود فريبي سے
conceivable,قابل ادراک ـ قابل فهم
conceive,حامله هونا ـ تطفه قبول کرنا ـ تصور کرنا ـ خيال کرنا ـ قياس کرنا
conceiver,خيال کرنے والا ـ تصور کرنے والا
conceiving,خيال ـ تصور
concentrate,يکجا جمع هونا ـ مجتمع هونا
concentrater,مجتمي کرنے والا
concentrating,مجتمع
concentration,ايک مرکز پر اکٹھا هونا
concentrative,مجموعي ـ اجتماعي
concentrator,مجتمع کرنے والا
concentric,هم مرکز
concept,جو چيز ذهن ميں هو ـ تصور ـ قياس
conception,ذھني صورت ـ گما€
conceptual,خيالي ـ تصور کا
conceptualism,يه نظريه که کائنات کا وجود صرف مثالي هے خارجي نهيں
conceptualist,تصور کيش
concern,غرض يا شوق رکھنا ـ تعلق رکھنا ـ فکر کرنا ـ متاسف هونا
concernment,ضرورت ـ اهميت ـ فکر ـ کاروبار
concert,هم آهنگي ـ اتحاد ـ رضامندي
concession,منظوري ـ رعايت ـ مراعات
concessionaire,اجاره دار ـ مراعات يافته
conch,برج ـ سيپ ـ شه نشي€
conchology,صدفيات ـ گھونگھوں اور سيپوں کا علم
conciliate,خوش کرنا ـ منا لينا ـ راضي کر لينا ـ تاويل کرنا
conciliating,خوش کرنا
conciliation,مصالحت ـ اتفاق ـ ميل ملاپ
conciliator,مصالحت کرنے والا ـ اتفاق کرنے والا
conciliatory,مصالحت ساز ـ دلکش
concinnity,گفتگو کي دل کشي ـ صفائي خوبي ـ طرز بيان کي شائستگي
concise,مجمل ـ مختصر ـ بليغ
conciseness,بلاغت ـ ايجاز ـ اختصار
conciser,مختصر کرنے والا
concision,اختصار ـ قطع و بريد
conclave,جلسه گاه ـ مجسل خاص
conclude,انجام کو پهنچنا ـ نتيجه نکلنا ـ ختم کرنا ـ تمام کرنا
concluder,ختم کرنے والا ـ تمام کرنے والا
conclusion,فيصله ـ خاتمه ـ نتيجه
conclusive,دو ٹوک ـ فيصله ک€
conclusiveness,اختيتاميت ـ قطيعت
concomitance,لازم ملزوم ـ لزوم
concomitant,هم رکاب ـ همرائي ـ ساتھي ـ شامل حال
concord,ميل ـ مطابقت ـ سازگاري
concordance,هم آهنگي ـ مطابقت ـ لگاؤ
concordant,مطابق ـ موافق ـ هم آهنگ ـ هم رنگ
concourse,بھيڑ ـ جماعت ـ انبوه
concrete,تھوس چيز ـ محسوس ـ موجود ـ جامد
concretion,انجماد ـ بستگي ـ ٹھوس پ€
concubinage,ناجائز جنسي تعلقات ـ آشنائي
concubinary,داشته پن ـ آشنا يا داشته کا ـ حرام کا
concubine,داشته عورت ـ مدخوله ـ آشنا
concupiscence,نفسياتي خواهش ـ مستي ـ شهوت
concupiscent,مست ـ شهوتي ـ شهوت پرست
concur,هم خيال هونا ـ موافقت کرنا
concurrence,اتفاق يکدلي ـ مرضي ـ منظوري
concurrent,ايک ساتھ واقع هونے والا ـ ايک ساتھ ـ متفق
concurrently,هے در هے ـ ساتھ ساتھ
concuss,دھمکي دينا ـ دباؤ ڈالنا
concussion,چوٹ ـ صدمه ـ ٹکر ـ دھکا ـ سر کي چوٹ
condemn,ضبطي کا حکم دينا ـ سزا دينا ـ عيب لگانا
condemnable,قابل الزام
condemnation,ضبطي ـ ملامت ـ وجه سزا
condemnatory,ملامت آميز
condemner,ملامت کرنے والا
condensability,گاڑھا هونے کي صلاحيت ـ انجماد
condensate,گاڑھا هونا
condensation,تکثيف ـ انجماد ـ بستگي
condense,تثيف هونا ـ جمنا ـ دبا کر چھوٹا کرنا
condenser,آله تکثيف
condescend,اپنے بڑے هونے کا خيال نه کرنا ـ فروتني کرنا ـ کرم کرنا
condescending,منکسر مزاج ـ خليق ـ شفيق
condescendingly,منکسرانه ـ متواضعانه
condescension,کرم فرمائي ـ شفقت
condign,لائق ـ سزا وار ـ مناسب حال
condignly,واجبانه ـ سزاوارانه
condiment,مساله ـ چٹني ـ اچار ـ نمک ـ مرچ ـ ذائقه
condimental,چاشني والا ـ چٹ پٹا
condition,حالت ـ حال ـ کيفيت ـ طور
conditional,لازم ـ منحصر ـ مشروط
conditionally,مشروط طور پر
conditioned,مکاف ـ مفيد ـ کدي خاص حالت ميں
condolatory,همدردانه ـ غم خوارانه
condole,همدردي کرنا ـ تعزيت کرنا
condolence,همدردي ـ تعزيت
condoler,همدردي کرنے والا ـ تعريف کرنے والا
condonable,معاف کرنے کے قابل
condonation,معافي ـ چشم پوشي
condone,اغماض کرنا ـ نظر انداز کرنا ـ چشم پوشي کرنا ـ معاف کرنا
condoner,معاف کرنے والا
condoning,معافي
conduce,رهنما هونا ـرجوع هونا ـ مائل هونا
conducer,مائل هونے والا ـ رجوع کرنے والا
conducive,جاعث ـ رجوع ـ ممد
conduciveness,رجوع ـ ميلان ـ جھکاؤ
conduct,عمل کرنا ـ رئنمائي کرنا ـ انتظام کرنا ـ سلوک ـ چال چلن ـ هدايت
conduction,رسائي ـ منتقل کرنا
conductor,مهتم ـ رهنما ـ ٹکٹ دينے والا
conduit,نل ـ نالي
cone,ھرم ـ مخروطه ـ صنوبر کا پھل ـ ايک آله
coney,سوسا ـ خرگوش
confabulate,بولنا ـ گفتگو کرنا ـ بات چيت کرنا
confabulating,گفتگو
confabulation,بات چيت ـ گفتگو
confabulatory,قيل و قال کا سا ـ گفتگو کا
confection,ملانا ـ مخلوط کرنا ـ مرکب بنانا
confectioner,حلوائي
confectionery,حلوائي
confederacy,سازش ـ اتحاد ـ ايکا
confederate,شريک کار ـ حليف
confederating,ساتھي بنانا
confederation,متحد رياستيں
confer,عطا کرنا ـ عنايت کرنا
conferable,قابل عطا
conference,مشوره ـ صلاح ـ مشاورت
conferment,نوازش ـ بخشش ـ عطيه
conferrer,عطا کرنے والا ـ مرحمت کرنے والا
conferring,مرحمت
confess,اقرار کرنا ـ تسليم کرنا ـ قبول کرنا
confessable,تسليم کرنے کے قابل ـ قابل اقرار
confessedly,تسليم کرتے هوئے ـ به اقرار
confessing,اقرار
confession,اعتراف ـ اقبال
confessional,مسلمه ـ اقبالي ـ اقراري
confessor,اعتراف کرنے والا
confidant,هم راز ـ ھمدم
confide,اعتماد کرنا ـ بھروسه کرنا ـ راز دار بنانا
confidence,اعتماد ـ بھروسه ـ ابني ذات پر بھروسه
confidencetrick,فريب دينا ـ پھسلاوا ـ جھانسا
confident,همراز ـ بے باک ـ يقين کرنے والا ـ راز دار
confidential,بصيغه راز ـ راز ميں ـ راز کے کام کرنے والا ـ راز کا حامل
confidentially,راز داري سے
confidently,يقين کے ساتھ
confider,يقين کرنے والا
confiding,يقي€
configuration,ترتيب اجزائ ـ وضع
configure,وضع
confine,پابند کرنا ـ روک رکھنا ـ قيد کرنا ـ حد ـ سرحد
confinement,خلوت گزيني ـ کناره کشي ـ زچگي ـ قيد و بند ـ آڑ
confiner,قيد کرنے والا ـ پابند کرنے والا
confirm,مضبوط کرنا ـ پکا کرنا ـ تصديق کرنا
confirmable,قابل تصديق ـ منظوري کے قابل
confirmation,منظوري ـ تصديق
confirmative,طاقت رساں ـ تصديق کننده
confirmatory,معاون ـ تصديقي
confirmed,کهنه ـ مضبوط ـ ثابت ـ پکا
confirmor,تصديق کرنے والا
confiscable,قابل ضبطي
confiscate,ضبط کرنا
confiscating,ضبطگي
confiscation,ضبطي ـ قرقي
confiscator,قرق کرنے والا
confiscatory,ضبطي کے متعلق
conflagration,آتش ـ آگ
conflict,تصادم ـ آويزش ـ لڑائي
conflicting,مقابله
confluence,ملنے کي جگه
confluent,مل کر رهتے هوئے
conflux,اجماع ـ مل کر بهنا
conform,موافق هونا ـ مطابق هونا
conformable,يکساں ـ مشابه ـ موافق ـ مطابق ـ اصلاح پذير
conformation,بناوٹ ـ ترکيب
conformer,موافق کرنے والا
conformist,کليسائے انگلستان کا پيرو
conformity,موافقت
confound,خدا ستيا ناس کرے ـ خدا غارت کرے
confoundedly,پشيماني سے
confoundit,ناس جائے ـ خدا غارت کرے
confront,سامنا کرنا ـ مقابل هونا
confrontation,مقابله
confucian,چيني فلسفي کنفوشس کا پيرو
confuse,پريشان کرنا ـ درهم برهم کرنا
confusedly,الجھاؤ سے
confusion,الجھن ـ ابتري
confutable,قابل ترديد
confutation,ترديد
confutator,ترديد کرنے والا
confute,ترديد کرنا ـ مات کرنا
confuter,ترديد کرنے والا
congeal,منجمد کرنا ـ جمانا
congealable,جمنے کے لائق
congelation,بستگي ـ انجماد
congener,هم جنس ـ ايک ذات کا
congenial,خوش گوار ـ پسنديده ـ همدرد
congeniality,خوش مزاجي ـ همدردي
congenially,دلپسندي سے
congenital,مادر ذات ـ پيدائشي
congenitally,پيدائشي طور پر
congeries,ذخيره ـ توده ـ ڈھير
congest,پھر جانا ـ جمع هونا ـ غلبه هونا
congested,پر خون ـ انسانوں سے بھرپور
congestion,خون کا انجماد ـ کثرت آبادي
conglomerate,گول انبار کي شکل کا
conglomeration,انبار ـ ڈھير
congratulate,مبارک باد دينا ـ اظهار مسرت کرنا
congratulating,مبارک بادي
congratulation,مبارک باد
congratulatory,مبارک باد کا
congregate,فراهم کرنا ـ جمع کرنا ـ ڈھير لگانا
congregation,کوئي قومي اجتماع ـ مجلس
congregational,مذئبي مجلس کے متعلق
congress,ملک کے نمائندوں کا جلسه
congressional,مجلس کا
congressman,مجلس کے شرکائ
congressmen,مجلس کے شرکائ
congruent,موافق ـ موزوں
congruity,موافقت
congruous,موافق ـ مناسب
congruously,موافقت سے
conic,گاؤ دم ـ مخروط
conical,گاؤ دم
conjecturable,قياس آرائي کے قابل
conjectural,خيالي ـ قياسي
conjecture,قياس کرنا ـ خيال کرنا ـ تاويل
conjecturing,قياس آرائي
conjoin,متحد کرنا ـ ملانا
conjoined,ملا هوا ـ جڑا هوا
conjoint,ملا هوا ـ جڑا هوا
conjointly,باهم مل کر
conjugal,ازدواجي ـ بياه کا
conjugate,مباشرت کرنا ـ تعريف کرنا ـ فعل کي گردان کرنا ـ هم بستير هونا
conjugating,مباشرت
conjugation,تعريف ـ فعل کي گردان ـ پيوند
conjugator,تعريف کرنے والا
conjunct,آپس ميں ملے هوئے
conjunction,حرف ربط ـ تلازم ـ جوڑ
conjunctive,جڑا هوا ـ عطفي
conjunctively,عطفي طور پر ـ باهم
conjuncture,اتفاق ـ نازک وقت
conjuration,حلف ـ سوگند ـ قسم
conjure,صدق دل سے درخواست کرنا ـ جادو کرنا ـ قسم دينا
conjurer,جادو گر
conjuring,جادو
connate,هم راد ـ مادر زاد
connect,متحد کرنا ـ ملانا
connected,جڑا هوا ـ مسلسل
connecter,متحد کرنے والا
connection,قرابت ـ ناطه
connective,ملانے والا ـ تعلق
connector,ملانے والا
connivance,چشم پوشي ـ نظر اندازي
connive,جانے دينا ـ نظر انداز کرنا
connivent,چشم پوشي کرنے والا ـ اغماض کرنے والا
conniver,نظر انداز کرنے والا
connivery,نظر اندازي
connoisseur,مبصر ـ صاحب ذوق ـ صاحب
connoisseurship,قوت تميز ـ تربيت يافته
connotation,دلالت ـ تعبير
connote,اشاره کرنا ـ دلالت کرنا
connoting,اشاره
connubial,مياں بيوي کے متعلق
conquer,فتح کرنا ـ مطيع کرنا
conquerable,قابل فتح
conqueror,فاتح
conquest,نصرت ـ ظفر ـ فتح
consanguine,ناطه دار ـ رشته دار ـ هم قبيله
consanguinity,برداري ـ يگانيت ـ خون کا رشته
conscience,ايمان ـ عدل ـ ضمير ـ دل کي گوائي
conscientious,ديانت دار ـ ايماندار
conscious,هوشمند ـ باخبر ـ واقف
consciously,جان بوجھ کر
consciousness,احساس ـ وقوف ـ شعور ـ آگاهي
conscript,جبري بھرتي کيا هوا ـ جبري سپاهي
conscription,جبري فوجي خدمت ـ جبري فوجي بھرتي
consecrate,نذر کيا هوا ـ تبرک
consecration,احترام ـ تقديس ـ وقف
consecrative,متواتر ـ لگاتار
consecrator,نذر و نياز کرنے والا
consecratory,مقدس ـ متبرک
consecutive,متواتر ـ سلسله وار
consecutively,لگاتار ـ تسلسل کے ساتھ
consensus,موافقت ـ اتفاق
consent,راضي هونا ـ قبول کرنا ـ سن بلوغ ـ سن شعور
consenter,شعور رکھنے والا
consentient,راضي به رضا ـ ايک رائے هو کر
consequence,انجام ـ نتيجه
consequent,انجام ـ متعاقب
consequential,متتبح ـ متعاقب
consequently,اس لئے ـ اس وجه سے
conservancy,حفاظت
conservation,نگراني
conservatism,قدامت پرستي
conservative,قدامت پسند
conservator,آثار قديمه کي ديکھ بھال کرنے والا ـ محافظ
conservatory,شيشے کا کمره
conserve,محفوظ رکھنا ـ قائم رکھنا
consider,غور کرنا ـ توجه کرنا ـ قياس کرنا
considerable,قابل غور
considerably,توجه سے
considerate,اوروں کے آرام کا خيال کرنے والا ـ دور انديش
consideration,التفات ـ غور ـ سوچ بچار
considering,اس خيال سے
consign,امانت رکھنا ـ بخشنا ـ حواله کرنا
consignable,قابل امانت ـ قابل ترسيل
consignee,جس کو کوئي چيز ڈاک يا ريل کے ذريعے بھيجي گئي هو
consignment,سپرد کرده مال
consist,رهنا ـ هونا ـ مرکب هونا ـ مشتمل هونا ـ هم وجود هونا
consistence,مضبوطي ـ ٹھوس پن ـ يکساں روي
consistency,استحکام
consistent,با اصول ـ يک رنگ
consistently,ايک چال سے ـ يکساں طور پر
consolable,تسلي دينے کے قابل ـ دلجوئي کے قابل
consolation,اشک شوني ـ دلجمعي ـ تسلي
console,تسلي دينا ـ اشک شوئي کرنا ـ دلجوئي کرنا
consoler,تسلي دينے والا
consolidate,جوڑنا ـ مضبوط کرنا ـ سخت کرنا
consolidated,مضبوط ـ منجمد ـ سخت
consolidation,انجماد ـ مظبوطي
consolidator,مضبوط کرنے والا
consols,تمسکات
consonance,اتفاق ـ ميل
consonant,هم آهنگ ـ موافق ـ مطابق
consort,همراهي ـ ملکه ـ هم نوا ـ محبت کرنا ـ ساتھ رهنا
conspicuity,نماياں پن ـ امتيازي خصوصيت
conspicuous,نامور ـ مشهور ـ طاهر
conspicuousness,امتيازي خصوصيت
conspiracy,سازش ـ مجرمانه اتحاد
conspirator,سازش کرنے والا
conspire,سازش کرنا ـ ايکا کرنا
conspirer,سازش کرنے والا
constable,پوليس کا سپاهي
constabulary,پوليس کے سپاهيوں کي جماعت
constance,قيام
constancy,قيام ـ استحکام ـ ثابت قدمي
constant,ثابت قدم
constantly,پر دم ـ هميشه
constellation,ستاروں کا جھمکا
consternate,مضطرب هونا ـ گھيرا جانا
consternation,حيرت ـ خوف
constipate,قبض کرنا ـ قبض هونا
constipation,يبس معده ـ قبض
constituency,انتخاب کرنے والا ـ خريدار
constituent,ٹکڑا ـ حصه
constitute,کھڑا کرنا ـ تشکيل دينا ـ مقرر کرنا ـ مرتب کرنا
constitution,سيرت ـ ترکيب ـ بناوٹ ـ قوانين رياست
constitutional,ذاتي ـ خلقي
constrain,روکنا ـ مجبور کرنا ـ قيد کرنا
constrainable,روکنے کے قابل
constrainer,روکنے والا
constraint,قابو ـ قيد ـ روک ـ جبر
constrict,سکيڑنا ـ دبانا ـ پيٹنا
constriction,قبص ـ کھچاوٹ
constrictor,ايک قسم کا بڑا سانپ ـ دبانے والا آله
constringe,سکيڑنا ـ بھيجنا ـ دبانا
constringecy,سکڑنا ـ کھنچنا ـ دبنا
constringent,سمٹنے والا ـ سکڑنے والا
construct,مرتب کرنا ـ عمارت بنانا ـ تعمير کرنا ـ عبارت بنانا
construction,بناوٹ ـ ساخت ـ توضيع
constructional,تعميري ـ تفسيري ـ ترکيبي
constructive,اصلاحي ـ تعميري ـ تعبيري
constructor,ترتيب دينے والا ـ تعمير کرنے والا
construe,جملے بنانا ـ معني لگانا
construer,جملے بنانے والا
consubstantial,هم ماده ـ هم ذات ـ هم جنس
consubstantiate,جمع في الذات هونا ـ ايک ذات کرنا
consuetude,رواج جسے قانون کي حيثيت حاصل هو جائے ـ عادت ـ معاشرت
consul,وکيل ـ نائب ـ قونصل
consular,بائب سفير
consulate,قونصل خانه
consult,رائے لينا ـ مشوره لينا
consultant,مشوره لينے والا
consultation,انجمن ـ مشوره صلاح
consultative,مشوره کے لئے ـ مشاورتي
consulter,مشوره دينے والا
consumable,خرچ کرنے کے قابل
consume,ضائع کرنا ـ ختم کرنا ـ صرف کرنا
consumer,خرچ کرنے والا
consummate,اعلي درجے کا ـ کامل ـ پورا ـ پکا
consummation,انجام آخرت ـ طے ـ منزل مقصود
consummative,انجام ـ آخرت ـ عاقبت ـ تکميل
consumption,تپ کهنه ـ تپ دق ـ خرچ ـ تباهي ـ صرف
consumptive,تپ دق کا مريض ـ مدقوق ـ خراچ
contact,ربط ـ اتصال ـ لگاؤ ـ تعلق
contagion,وبائي مرض ـ چھوت ـ لگاؤ
contagious,مضر عادت ـ خراب ـ لگنے والا مرض
contain,حامل هونا ـ شامل هونا ـ رکھنا ـ محيط هونا ـ ضبط کرنا
containable,شامل هونے کے قابل
contaminate,ناپاک کرنا ـ خراب کرنا ـ آلوده کرنا
contamination,نجاست آلودگي ـ غلاظت ـ ناپاکي
contaminator,ناپاک کرنے والا ـ خراب کرنے والا
contemn,خفت دينا ـ حقير جاننا
contemner,حقير جاننے والا
contemnor,حقير جاننے والا
contemplate,نيت کرنا ـ اراده کرنا ـ تصور کرنا
contemplation,تصور ـ دھيا€
contemplative,فکر مند ـ متفکر
contemplatively,فکر مندي سے
contemplator,تصور کرنے والا ـ نيت کرنے والا
contemporaneous,هم زمان ـ هم عهد
contemporary,هم عصر
contemporize,هم زماں ـ هم عهد کرنا ـ معاصر بنانا
contempt,خواري ـ ذلت ـ تحقير
contemptible,قابل نفرت ـ حقير ـ خوار
contemptuous,مغرور ـ دوسروں کو حقارت سے ديکھنے والا
contend,هم چشم هونا ـ مقابله کرنا ـ لڑنا
contender,مقابله کرنے والا ـ لڑنے والا
content,خوشدل ـ قناعت ـ مواد
contentedness,خوشي ـ راحت ـ حالت اطمينا€
contenting,اطمينا€
contention,لڑائي ـ دنگا ـ جھگڑا ـ تنازعه ـ بحث
contentious,فتنه ساز ـ جھگڑالو
contentiousness,تکرار بازي
contentment,اطمينان ـ دلجمعي ـ قناعت
conterminal,مشترک سرحد والا ـ ديک سوانے والا
conterminous,ملي هوئي سرحد والا
contest,تکرار ـ جھگڑا ـ مقابله کرنا ـ هم سري کرنا ـ جنگ و جدل کرنا ـ لڑنا
contestable,قابل جنگ
contestant,حريف ـ مقابله کرنے والا
context,مضمون ـ سياق و سپاق
contextual,سياق و سپاق کا
contextually,سياق و سپاق کي رو سے
contiguity,ربط ـ جوڑ ـ اتصال
contiguous,ملا هوا ـ متصل ـ قريب
continence,قيد ـ رکاؤ ـ دباؤ
continent,براعظم ـ متقي
continental,براعظم سے متعلق
continentalism,براعظميت
contingence,حادثه ـ اتفاقي واقعه
contingency,حادثاتي واقعه ـ اتفاقي واقعه
contingent,عارضي
continuable,جاري رکھنے کے قابل
continual,رواں ـ جاري ـ دوامي
continuance,قرار ـ تسلسل
continuant,ايسا حرف جسکي آواز کو کھينچ کر لمبا کيا جا سکے
continuate,لگاتار ـ مسلسل
continuation,تسلسل
continuative,رواں ـ جاري رهنے والا ـ مسلسل
continue,جاري رهنا ـ برقرار رهنا
continuer,جاري رکھنے والا
continuing,جاري
continuity,لگاتار
continuous,برابر جاري ـ مدامي ـ جاريه ـ لگاتار
continuously,لگاتار
contort,بگاڑنا
contorting,بگاڑ
contortion,بل ـ بگاڑ ـ پيچ
contortionist,مصور ـ سنگ تراش
contour,حليه ـ چهره ـ نقش و نگار ـ صورت
contra,مخالف ـ اطالوي باجوں ميں سر گم کے نشا€
contraband,خلاف قانو€
contraceptive,مانع حمل اشيائ
contract,نکاح نامه ـ اقرار نامه ـ کم کرنا ـ تنگ کرنا ـ ٹھيکه لينا
contraction,تنگي ـ بندش ـ ترخيم
contractor,ٹھيکيدار
contradicatble,نقيض ـ تناقض ـ ترديد
contradict,ترديد کرنا ـ رد کرنا
contradicting,ترديد
contradiction,ترديد ـ انکار
contradictory,مخالف ـ برعکس
contralto,مدهم سر ميں گانے والي عورت
contrariant,منافي ـ مخالف ـ متضاد
contraries,اشيا جو ايک دوسرے کي ضد هوں ـ ضدي€
contrariety,اشيائ جو ايک دوسرے کي ضد ميں هوں
contrariwise,دوسري طرف ـ برعکس
contrary,عکس ـ ضد
contrast,فرق ديکھنا
contrastable,قابل امتياز
contravallation,محاصرين اپني حفاظت کے ليے جو تدابير اختيار کريں ـ سد قلعه ـ روک
contravene,ٹوکنا ـ تجاوز کرنا ـ حائل هونا
contravention,مزاحمت ـ مخالفت
contribute,مضمون لکھ کر مدد کرنا ـ مدد کرنا
contributing,مدد
contribution,امداد ـ مراسله ـ چنده
contributor,مدد کرنے والا ـ چنده دينے والا
contributory,وه شخص جو کسي کمپني کے ٹوٹ جانے پر اس کے قرضوں کے ادا کرنے ميں شريک هو ـ کسي حادثے ميں زخمي هونے والے کي امداد
contrite,پشيمان ـ نادم ـ متاسف
contrition,ندامت ـ پشيماني ـ توبه
contrivance,کل ـ آله ـ ايجاد ـ حکمت
contrive,سازش کرنا ـ حليه کرنا ـ ايجاد کرنا
contriver,جلد سازي ـ موجد
control,قابه ـ اختيار ـ نگراني ـ روک ـ ضبط ـ موٹروں کا اڈا
controllable,قابل ضبط
controller,ناظر ـ مهقم ـ سرکاري محاسب
controlling,قابو
controversial,تکراري ـ نزاعي
controversy,نزاع ـ قضيه ـ تحريري جواب و سوال
controvert,ترکرار کرنا ـ نحث کرنا ـ انکار کرنا ـ جرح کرنا
controvertible,قابل جرح ـ انکار کے قابل
controvertist,جارح ـ حجتي
contumacious,بے ادب ـ گستاخ ـ سرکش
contumacy,ضد ـ نافرماني
contumelious,بے ادب ـ گستاخ
contumely,حقارت ـ يهودگي ـ نامعقوليت
contuse,مارنا ـ کچلنا
contusion,گپت مار
conundrum,ميمه ـ پهيلي
convalesce,صحت بحال هونا
convalescence,افاقه ـ صحت يابي
convalescent,صحت پذير ـ رو به صحت
convene,طلب کرنا ـ اجلاس کرنا
convener,طلب کرنے والا ـ اجلاس بلانے والا
convenience,اسائش ـ آرام ـ فراغت
convenient,آسان ـ مفيد ـ موزوں ـ معقول
convent,عيسائي ـ راهباؤں کي خانقاه ـ خانقاه
conventicle,مخفي جلسه
convention,جماعت ـ اجتماع ـ مجلس ـ روايت ـ رسم و رواج ـ عوام کي مرضي
conventional,قرار يافته ـ رسمي
conventionalism,رسوم و قواعد کي پابندي
conventionalist,رسم پرست ـ پابند ـ رسوم و رواج
conventionally,روايات کے مطابق
converge,مائل هونا ـ ايک طرف جھکنا
convergence,ميلان به مرکز
convergency,کسي طرف سے ايک هي مرکز پر آ ملنا
convergent,مرکز کي طرف مائل هونا
conversable,خوش بيان ـ ملنسار ـ ملنے کے لائق
conversance,خبرداري ـ واقفيت
conversant,واقف ـ آشنا
conversation,گپ شپ ـ گفتگو
conversational,بات چيت کا شوقي€
conversazione,علمي گفتگو ـ علمي جلسه
converse,هم کلام هونا ـ بات چيت کرنا
conversely,اس کے برخلاف
conversion,تبديلي مذهت ـ تغيز ـ سدھار
convert,مذھب تبديل کرنا ـ بدل ڈالنا ـ نومسلم
converter,بدلنے والا
convertible,تغير پذير
convertor,بدلنے والا
convex,کره ـ حدب ـ قيه دار ـ ابھرا هوا
convey,سمجھانا ـ پهنچنا ـ بيان کرنا
conveyable,قابل انتقال
conveyance,لے جانا ـ انتقال ـ تحويل ـ گاڑي ـ سواري
conveyancer,دستاويز نويس
conveyancing,دستاويز نويسي
conveyer,بيان کرنے والا
convict,مجرم ـ گنهگار
conviction,احساس جرم ـ سزا دهي
convince,يقين دلانا ـ قائل کرنا
convincer,يقين دلانے والا
convincing,يقين دھائي
convivial,جشن کے لئے موزوں ـ دعوتي ـ زنده دل
convivialist,دوستوں کا دلداده ـ يار باش
conviviality,زنده دلي
convivially,زنده دلي سے
convocation,دعوتي اجتماع ـ طلبي ـ يونيورسٹي کے شرکائ کا اجتماع
convocational,اجتماعي ـ جامعه کے اجتماع کے متعلق
convoke,جمي کرنا ـ اکھٹا کرنا
convoker,جمع کرنے والا
convolute,بل کھايا هوا ـ مڑا هوا
convoluted,لپٹا هوا ـ بيچ ـ لپيٹ
convolution,پيچ ـ لپيٹ
convolve,گولا بنانا ـ تهه کرنا ـ پيچ دينا ـ لپيٹنا
convoy,محفوظ رکھنا ـ حفاظت سے پهنچانا ـ حراست ـ نگهباني
convulse,زور سے بلانا ـ اکڑنا
convulsion,کپکپي ـ تشنج
convulsive,اکڑانے والا
cony,خرگوش ـ سرخ چشم ـ سوسا
coo,گنکنا ـ فاخته يا کبوتر کي آواز نکالنا ـ غوں غوں کرنا
cook,کھانے پکانے والا ـ باورچي ـ پکانا ـ ملمع سازي کرنا
cookable,پکانے کے قابل
cookbook,پکانے کي کتاب
cooker,دم دينے يا پکانے کا برتن ـ کھانا پکانے کا ظرف ـ چولھا ـ جعلي حساب بنانے والا
cookery,باورچي گري
cookey,باورچ€
cooking,پکانا
cookshop,هوٹل
cooky,باورچ€
cool,خنک ـ ٹھنڈا ـ سرد مهر
cooler,ٹھنڈا کرنے کا برت€
coolest,بهت ٹھنڈا
coolish,ٹھنڈا سا
coolness,بے مروتي ـ سرد مهري
cooly,قلي ـ مزدور
coop,چھکڑا ـ خوانچه ـ بند کرنا ـ ٹاپے ميں رکھنا
cooper,ايک قسم کي مرکب شراب
cooperage,کپے اور پيچے بنانے کا کارخانه
cooperate,متفق هونا ـ ساتھ دينا ـ مل کر کام کرنا
cooperation,تعاون ـ موالات
cooperative,امداد باهمي ـ معاونت کرنے والا
cooperator,مدد گار ـ تعاون کرنے والا
coopery,پيچے بنانا
coopt,ساتھي چن لينا
coordinate,هم رتبه ـ هم پله ـ مربوط کرنا
coordination,اتحاد ـ ربط ـ مطابقت
coordinator,ترتيب دينے والا
coot,مرغابي جس کا سر سفيد هو ـ ساده لوح
cop,تاگے کا گولا ـ برقنداز ـ پکڑ لينا
copal,ايک قسم کا گوند
coparcenary,مشترک حصه دار
copartner,رفعق ـ شريک کار
copartnership,حصه دار
cope,سر پوش ـ مقابله کرنا
coper,مقابله کرنے والا
coping,چھجا ـ کارنس
copious,لبريز ـ زياده ـ وسيع
copiously,جامع طور پر
copiousness,افراط ـ فراواني
copper,مس ـ پوليس کا جوا€
copperas,زنگار ـ نيلا تھوتھا
coppice,کوپي ـ جھاڑي
coppression,اقتباس ـ ايجاز ـ اختصار
copula,ربط ـ جوڑ ـ بند ـ هڈيوں کا جوڑ
copulate,هم بستر هونا ـ جماع کرنا ـ لگانا ـ جوڑنا
copulating,مباشرت کرنا
copulation,صحبت ـ مباشرت
copulative,حرف عطف ـ ملانے والا
copy,جمع بندي ـ نقل
copyhold,کاشت ـ اجاره ـ زمين کا پٹه
copyist,نقل کرنے والا
copyright,حق تاليف
copyrightable,حق تصنيف کے قابل
copywriter,تصنيف کرنے والا
coquet,محبت کرنا ـ ناز کرنا ـ نخره يا غمزه کرنا
coquetry,ناز نخرے
coquettish,چنچل ـ بانکي
coradiation,ايک هي نقطه پر شعاعوں کا ميل
coral,مونگے کا ـ مرجان ـ مونگا
corban,خيرات دان ـ نذر نياز کا صندوق
cord,رسي ـ ڈوري ـ ريشه
cordage,مستول کے رسے
cordial,مقوي قلب مشروب ـ دلي ـ قلبي ـ پرجوش
cordiality,گرم جوشي
cordially,گرم جوشي سے
cordon,حلقه ـ چکر ـ کناره
corduroy,ماٹا کپڑا
core,گوده ـ مغز ـ لوئے کا نرم تار
coreligionist,ايک هي فرقے کے لوگ
corespondent,طلاق کے مقدمے ميں دوسرا مديا عليه
coriander,دھنيا
cork,کاگ ـ ڈات ـ روکنا
corkage,شراب کي بوتليں کھولنا اور ڈاٹ لگانا
corked,اچھي طرح کي ڈات لگي هوئي بوتل
corker,سفيد جھوٹ
corky,زنده دل ـ چھچھورا ـ چل ملا
corm,پير کا گو گھرو ـ اناج کا پودا ـ غله
cormorant,بڑا ماهي خور آبي پرنده ـ پيٹو آدمي
corn,اناج ـ دانه
cornea,آنکھ کا شفاف پرده
corner,کونا ـ گوشه
cornerstone,بنياد کا پتھر
cornice,کارنس ـ کگر ـ کنگي
corniced,کنگي دار ـ کگر دار
corolla,کاسه گل
corollary,منطقي نتيجه
corona,روشني کا پاله
coronal,پاله
coronation,رسم تخت نشيني
coroner,ايک طبي افسر جو موت کا سبب دريافت کرتا هے
coronersinquest,طبي افسر کي تحقيق و تفتيش
coronet,مکٹ ـ چھوٹا تاج
corporal,بدني ـ جسماني ـ دفعدار
corporate,مستند ـ متحد ـ منظم
corporation,متحد سند يافته جماعت
corporeal,مادي ـ جسماني
corpse,ميت ـ لاش ـ انساني لاش
corpulency,موٹاپا ـ ڈبل ڈول
corpulent,موٹا ـ جسيم
corpus,بدن ـ جسم ـ کتابوں کا مجموعه
corpuscle,جوهر فرد ـ چھوٹا جز
corpuscular,جوهر فرد کے ميعلق
correct,درست ـ مناسب ـ سنوارنا ـ صحيح کرنا ـ درست کرنا ـ سزا دينا
correctable,پسند کے قابل
correction,درستي ـ تاديبي
correctional,اصلاحي ـ تاديبي
corrective,ٹھيک کرنے والا
correctly,ٹھيک طريقے سے
correctness,درستي ـ صداقت
corrector,اصلاح کرنے والا
correlatable,باهمي رشتے کے قابل
correlate,لازم و ملزوم ـ باهمي رشته هونا
correlation,باهمي يعلق
correlative,هم نسبت ـ هم رشته
correlativity,متلارميت ـ هم اضافت
correspond,جوڑ هونا ـ مشابه هونا ـ مطابق هونا
correspondence,خط و کتابت ـ مطابقت ـ ربط و ضبط
correspondent,خط بھيجنے والا ـ خط و کتابت کرنے والا
corresponding,خط و کتابت
correspondingly,خط و کتابت سے
corridor,وه راسته جس پر متعدد کمرے کھليں ـ غلام گردش
corrigendum,صحت نامه ـ ترميم
corrigible,قابل اصلاح
corroborant,تائيد کرنے والا ـ تصديق کرنے والا ـ مصدق
corroborate,تائيد کرنا ـ تصديق کرنا ـ مضبوط کرنا
corroboration,مضبوطي ـ تقويت ـ تائيد
corroborative,تائيدي
corroborator,تائيد کرنے والا
corroboratory,تصديقي
corrode,کھا لينا ـ گل جانا
corroder,کھانے والا
corrodible,کھانے کے قابل
corrosion,گل جانا ـ گلا دينا ـ گھلا دينا
corrosive,گلانے والا ـ کاٹ کرنے والا
corrugate,شکن ڈالنا ـ ناليا بنانا ـ لهر ڈالنا
corrugation,شکن ـ نالي
corrugator,رگ پيشاني
corrupt,شرير ـ رشوت خور ـ خراب کرنا ـ رشوت دينا ـ گنده کرنا ـ بگاڑ دينا
corrupter,رشوت دينے والا ـ خراب کرنے والا
corruptible,خراب هونے والا ـ بگڑنے والا
corruption,خوابي ـ بدچلني ـ اخلاق بگاڑ
corruptive,خراب کرنے والا
corsair,سمدري ڈاکو
corsut,عوتوں کي کمائي دار انگيا جس سے جسم تنا رهتا سے ـ رره
cortege,خدم ه خشم ـ جنازے کے ساتھ کي قطار
corundum,کرند ـ ايک طرح کا مختلف رنگوں کا نيلم
cosignatory,دوسروں کے سات دستخط کرنے والا
cosily,مزے سے ـ آرام سے
cosiness,اطمينان ـ آسائش ـ لطف و آرام
cosmetic,غازه ـ ابٹن ـ خوشبه دار مرکب
cosmetically,قانون قدرت کي رو سے
cosmical,کائنات کے متعلق
cosmically,قانون قدرت کے رو سے
cosmism,مظائر پرستي
cosmist,کائنات پرست
cosmo,کاس مس کا مختلف
cosmogeny,تجلي ظهور ـ کائنات کا تخليق
cosmogomist,مسئله آفينش کا مفکر
cosmography,کائنات کي سر نوشت ـ علم ترکيب کائنات
cosmologist,علم کائنات کا عالم
cosmology,علم کائنات
cosmopolitan,آفاقي ـ محب عالم
cosmopolitanize,وسيع المترب بنانا
cosmopolite,ساري دنيا کا شهري ـ محب عالم
cosmopolitical,عالمي حکومت کا حامي ـ جگت راج
cosmoses,نظام کائنات
cossack,سرحدي فوجي دسته
cosset,بھيڑ کا بچه ـ لاڈ کرنا
cost,خرچ هونا ـ قيمت ادا کرنا ـ مول کرانا ـ قيمت ـ خرچ ـ صرف
costal,جيني ـ پسلي کا ـ پهلو کا
costgaurd,ساحلي پوليس ـ بھري پوليس
costive,کنجوس ـ قابض
costiveness,اپھار ـ قبض کي حالت ـ قبض
costless,بے قيمت
costliness,گردان قيمت هونا
costly,گراں قيمت
costume,پوشاک ـ لباس
costumer,گاهک
costumier,پوشاک بيچنے والا
costums,نحري لگان ـ رسوم
cosy,آرام ده ـ فرحت بخش
cot,کٹيا ـ چھوٹي چارپائي ـ چھوٹا پلنگ
cote,چھير ـ سائبان ـ اصطبل
coterie,بے غرض انسانوں کي جماعت
cottage,غريب کا گھر ـ جھونپڑا
cottager,کٹيا کا رهنے والا ـ معافي دار
cotter,چرواھا ـ کھيت کا مزدور
cotton,روئي ـ سوت ـ سوتي کپڑا
cottonocracy,روئي کے بڑے بڑے بيوپاري
couch,صوفه ـ آرام ده پلنگ ـ تولنا ـ غله پھيلانا ـ چھپانا
cougar,امريکه کا بلي کو نوع کا جانور ـ امريکي تيندوا
cough,کھانسي
coughdown,مقررکو کھانس کھانس کر خاموش کر دينا
cougher,کھانسنے والا
coughing,کھانسنا
coughout,بے دلي سے روپيه دينا ـ بلغم تھوکنا
could,سکا
couloir,پهاڑوں ميں پاني کے بھاؤ کا راسته
council,اراکين مجلس ـ ايوان ـ جماعت
councillor,مجلس کا رک€
councillorship,مجلس شوار کي رکنيت
counsel,مشوره ـ صلح ـ مشوره دينا ـ تجويز بنانا
counselable,صلح کے قابل
counsellor,جاصح ـ مشير
count,حساب کرنا ـ شمار کرنا ـ گننا
countability,حساب کتاب
countable,حساب کے قابل
countenance,روپ ـ چهره ـ خدوخال ـ حليه
counter,گنتي کرنے والا ـ تلوار کا گھاؤ ـ جوتے کي ايڑي ـ حريف ـ روکنا ـ توڑ کرنا
counteract,اثر کم کرنا ـ سدباب کرنا ـ روکنا
counteraction,توڑ ـ روک
counterapproach,محاصرين کو روکنے کي روک ـ هنگامي قلعه بندي
counterattract,توجه کو بدلنے والي چيز
counterbalance,هم وزن کرنا ـ مساوي کرنا
counterblast,هنگامه ـ سخت مخالفت ـ دھڑا
countercharge,الزامي نالش ـ تهمت لگانے والے پر الزام لگانا
countercheck,توڑ ـ ممانعت ـ رعک ٹوک
counterclaim,جوابي دعوي
counterfeit,بناوٹ کرنا
counterfeiter,جعلي سکه بنانے والا
counterfeiting,بناوٹ
counterfoil,کسي رسيد کا نصف ثاني ـ مثني
countermanded,مخالف ـ حکم استرداد
counterpart,جواب ـ جوڑ
counterpoise,هم وزن کرنا
countersign,تصديقي دستخط کرنا
countess,نواب کي بيوي ـ بيگم
countless,بے شمار
country,ملک ـ وط€
countrycousin,ديهات کے عزيزواقربا ـ ديهاتي بھائي
countrydance,ديهاتي ناچ جس ميں مرد عورت کے جوڑے ده قطاروں ميں ناچتے هيں
countryman,هم وط€
countryside,ديهاتي علاقه
countrywide,پورے ملک ميں
county,ضلع ـ علاقه ـ باشندگان ضلع
coup,پوري چوٹ ـ اختتامي ضرب
coupdetat,ناگهاني تغير ـ فوري تبديلي
coupe,دو آدميوں کے بيٹھنے کي بند گاڑي ـ فٹ€
couple,دولھا دولھن ـ عاشق معشوق ـ وابسته کرنا ـ ملانا ـ جوڑنا ـ جوڑا
coupler,ملانے والا
couplet,فرد ـ بيت ـ دوها ـ شعر
coupling,حلقه
coupon,کوپ€
courage,شجاعت ـ دليري
courageous,حوصلے والا ـ همت والا
courier,نامه بر ـ پيغام بر
course,روشن ـ راسته ـ چالچلن ـ حيض ـ ماهواري ـ رفتار
court,حکام عدالت ـ آنگن ـ اقامت ـ خانه کا صحن ـ درباري لوگ
courteous,باادب ـ متواضع ـ خوش خلق ـ خليق
courtesy,تواضع ـ خوش خلقي ـ کرم
courtier,درباري ـ مصاحب ـ خوشامدي
courtly,مهذب ـ شائسته
courtroom,کورٹ روم
courtship,شادي سے پهلے لڑکے اور لڑکي ميں راز و نياز کي باتيں
courtyard,کھيل کا ميدا€
cousin,چچا  زاد ـ ماموں زاد ـ پھوپھي زاد
cove,کھاڑي ـ خليج
covenant,معاهده ـ عهده و پيما€
covenanted,پابند عهد ـ پابند اقرار
cover,ڈھنپنا ـ ڈھانکنا ـ چھپا دينا ـ حفاظت کرنا ـ نگهبان هونا
coverage,اهميت دينا ـ خيال رکھنا
covert,پوشيده ـ مخفي ـ آڑ ـ منکوحه
coverture,آڑ ـ پناه ـ رکھوالي ـ روجيت
covet,حرص کرنا ـ تمنا کرنا ـ خوائش کرنا
covetable,دلپسند مرغوب ـ تمنا کے قابل
coveter,خوائش کرنے والا ـ تمنا کرنے والا
covetous,حريض ـ لالچي ـ بيتاب
covetousness,لالچ ـ هوسناکي
covey,چھول ـ تيتر کے بچے
covin,سازش ـ آدميوں ميں عهد
cow,گائے ـ مرغوب کرنا ـ خوف دلانا
coward,نامرد ـ بزدل
cowardice,کم هيمتي ـ نامردي
cowardliness,کم همتي ـ نامردي
cowardly,بردلي سے
cower,دينا ـ جھکنا دبکنا ـ خوف سے جھک جانا
cowl,بيراگي ٹوپي يا لباس
coxcomb,شيخي خور ـ بانکا
coxswain,صدر ملاح
coy,حيا دار ـ شرميلي ـ تنها
coyer,حيا کرنے والا
coyly,شرميلے پن سے
coyness,حيا ـ لاچ ـ شرميلا پ€
cozen,دھوکا دينا ـ دغا دينا
crab,کيکڑا ـ سرطان ـ ذليل کرناـ نوچنا
crabbed,بدنسله ـ آوازه ـ چڑچڑا
crack,شگاف ـ کڑک ـ گرج ـ کھلاڑي ـ ماهر
crackabootle,پوري بوتل چڑھا دينا
crackbrained,بگلا ـ منچلا
cracked,سنکي ـ بگلا
cracker,گپ ـ جھوٹ ـ گولا ـ کڑکانے والا
crackle,کڑکڑانا ـ چٹخنا ـ چٹخانا
crackling,خسته پن ـ چٹخ
crackup,تعريفيں کرنا
cracky,باتوني ـ پگلا
cradle,چھلنا ـ جھولا ـ پالنا ـ بچپ€
cradler,پالنے والا
cradling,چوکھٹا
craft,مکاري ـ استادي ـ هنر مندي
craftiness,فريب دھي ـ دغا بازي ـ عياري
craftsman,استاد ـ هنر مند آدمي
craftsmanship,کاريگري ـ استادي
craftsmen,هنر مند
crafty,فريبي ـ مکار ـ دغاباذ
crag,ناهموار ٹيله ـ آدمي کي گردن ـ زمين کے نيچے گھونگھوں کي مٹي کي ته
cragged,ناهموار کھائي
cram,بھرنا ـ لبالب بھرنا
crambo,بيت بازي کا کھيل
crammer,رٹو ـ رٹنے والا
cramming,ازير ياد کرنا
cramp,رگ چڑھنا ـ روک ـ قيد ـ آڑ ـ بدخط ـ باز رکھنا
crane,کرکول ـ سارس ـ سارس کي طرح گردن آگے کو کرنا
craniology,سر يا دماغ کي ساخت کا علم
cranium,کلسه سر ـ کھوپڑي
crank,کهني بنانا ـ موڑنا ـ کم زور ـ خبطي
crankily,خبطي پن سے
crankiness,پاگل پ€
cranky,کمزور ـ خبطي
cranny,شگاف ـ سوراخ
crape,باريک کپڑا ـ جالي ـ کتا€
crapulence,سر مستي
crapulent,شرابي ـ سرمست
crash,دھماکے سے گرنا ـ ٹوٹنا
crasher,دھماکه کرنے والا ـ شور کرے والا
crass,سراسر احمق ـ بھدا
crassness,بھدا پن ـ بونگا پ€
crate,ٹوکرا ـ چھابا
crater,جواله مکھي
cravat,گلو بند ـ مفلر ـ ٹائي
crave,درخواست کرنا ـ التجا کرنا ـ ارزو کرنا
craven,پست همت ـ بزدل ـ نامرد
craving,دلي آرزو
craw,پوٹا ـحوصله
crawl,پيٹ کے بل چلنا ـ رينگنا ـ چاپلوسي کرنا ـ اتھلے پاني ميں مچھلياں جمع کرنے کا گڑها
crawler,آهسته آھسته چلنے والا ـ رينگنے والا
crayon,رنگدار کھريا ـ کھريا کا قلم
craze,ديوانه بنانا ـ پاگل کرنا ـ خيط
crazy,ٹوٹا هوا ـ کمزور ـ ديوانه
creak,چرچر ـ کھڑ کھڑ کرنا
creaky,چرچر کرتا هوا
cream,ملائي کي مٹھائي ـ ملاتي اتارنا
creamery,مکھن بنانے کا کارخانه
creamy,ملائي دار ـ روغني
crease,سلوٹ يا شکن ـ جھري دار
creasy,پر شکن ـ جھردار
create,خلق کرنا ـ ايجاد کرنا ـ پيدا کرنا ـ وجود ميں لانا
creation,خلق ـ پيدائش ـ تصنيف
creationism,يه عقيده که اﷲ پاک هر انسان کو ايک جداگانه روح عطا کرتا هے اور مخلوقات کي هر جنس اور نوع کو اﷲ هي نے پيدا کيا هے
creationist,مسلک تخليق انفرادي کا ماننے والا
creative,ايجادي
creator,خالق کل ـ پيدا کرنے والا
creature,کل ذي روح ـ مخلوق ـ بشر
credence,اعتبار ـ اعتقاد ـ يقي€
credential,صداقت نامه ـ سرکاري سند ـ مختار نامه
credibility,صداقت ـ قابل اعتبار ـ شهرت
credible,قابل اعتبار ـ قابل يقي€
credit,ايتبار ـ بھروسه ـ جمع ـ وصولي ـ يقين کرنا ـ تسليم کرنا ـماننا
creditable,قابل تعريف ـ قابل عزت
creditably,قابل تعريف طور پر
creditor,قرض دينے والا ـ ساهوکار
credulity,سريع الاعتقادي
credulous,سيدھا سادھا ـ سريع العتقاد
credulously,خوش اعتقادي
credulousness,بھولے پن سے ـ خوش اعتقادي سے
creed,دھرم ـ دين ـ مذھب ـ عقيده ـ مت
creedless,بے دين ـ لامذهب
creek,خليج ـ کھاڑي
creep,رينگنا ـ پيٹ کے بل چلنا
creeper,پھيلنے والي بيل
creepy,رينگتا هوا
creepymouse,شرميلا ـ ڈرهوک
cremate,مرده جلانا
cremation,ميت سوزي
cremator,ميت سوز
crematorium,مردوں کو جلانے کي جگه
crematory,لاشوں کي چتا
crenate,خار دار
crenelate,شهر پناه
crepitate,چرچرانا ـ تھتکارنا
crepitation,دھک دھک کرنا
crescent,نيا چاند ـ ترقي پذير
cresset,ديا ـ شمع ـ مشعل ـ قنديل
crest,چوٹي ـ کلغي ـ تاج
crestfaller,شرمنده ـ افسرده ـ دل شکسته
cretaceous,کھريا مٹي کي قسم کا
cretify,کھريا بنانا ـ چونے يا کھريا سے بھر دينا
crevice,دراڑ ـ دراز
crew,مانجھي ـ ملاح ـ گروه
crib,کنڈال ـ کٹيا ـ کھوري ـ چوري کرنا ـ بند کرنا
cribber,چوري کرنے والا
cribble,چھلنا ـ چھلني
crick,اکڑ ـ چھٹکنا ـ گردن کا اکڑنا
cricket,چھينگر ـ کرکٹ کھيلنا
cricketer,کرکٹ کا کھلاڑي
crier,پکارنے والا ـ اعلان کرنے والا
crime,گناه ـ جرم ـ جرم کرنا ـ خلاف ورزي
criminal,مجري ـ گنهگار ـ خطا کار
criminality,خطا کاري
criminate,قصوار ٹھرانا ـ مجرم قرار دينا ـ الزام لگانا
crimination,مجرم قرار دينا
criminative,الزام لگانے والا
criminatory,مجرم ٹھرنے والا
crimp,عيار ـ لالچ دينا ـ چھلے دار بنانا ـ گودنا
crimson,ارغوني ـ قرمزي
cringe,فرشي سلام کرنا ـ دبنا ـ جھکنا
cringer,جھکنے والا
cringing,جھکاؤ
crinkle,شکن ـ بل ـ لپيٹنا ـ بل ڈالنا
crinoline,گھوڑے کے بالوں سے بنا هوا گف کپڑا
cripple,لنگڑا کر چلنا ـ لنگڑا کرنا ـ لنگڑا
crisis,بحران ـ انقلابي حالت
crisp,خسته هونا ـ کرارا
crispness,پيچ ـ خستگي
criterion,جانچ کا اصول ـ پهچان معيار
critic,نکته ـ نقاد ـ عيب بي€
critical,تنقيدي ـ مبصر ـ پرانديشه
criticism,نکته چيني
criticizable,قابل تنقيد
criticize,عيب جوئي کرنا ـ نکته چيني کرنا ـ تبصره کرنا
criticizer,تنقيد کرنے والا
criticizing,تنقيد
critique,تبصره ـ تنقيد
croak,مينڈک کي طرح ٹرانا ـ بري فال نکالنا ـ کائيں کائيں کرنا
croaker,ترانے والا
croaky,ٹرانے والا
crochet,ايک قسم کا جال
crock,دھات کا برت€
crockery,مٹي يا چيني کے برت€
crocodile,مگرمچھ
crocodiletears,فريب کے آنسو ـ مگرمچھ کے آنسو
croft,چمن ـ خانه باغ
crofter,خود کاشت کرنے والا ـ سير کرنے والا ـ بٹائي والا
crone,بهت بوڑھي عورت
crony,سهيلي ـ بارغار
crook,پادريوں کا آنکڑا ـ ترسول ـ کجي
crooked,کبڑا ـ کوزه پوشت ـ مڑا هوا
croon,گنگنانا ـ دھيمي آواز ميں گانا
crooner,دھيمي آواز ميں کانے والا
crop,حوصله ـ فصل ـ کھيت ـ غله
cropless,بے فصل
cropper,اکنے والا ـ بوئے يا کاٹنے والا
croquet,حريف کي گيندهٹانا
crore,سو لاکھ ـ کروڑ
crosier,بڑے پادري کا عصا
cross,صليب کا نشان ـ ابتلا ـ دغا ـ فريب ـ کاٹ ڈالنا ـ دل ميں آنا ـ مخالف ـ چڑچڑا ـ عبور کرنا ـ گزر جانا
crossbelt,کندھے کي آڑي ـ پيٹي
crossbow,کما€
crossbreed,دونسلا ـ دوغلا
crosser,عبور کرنے والا
crossgrained,آڑے ترچھے ريشے والي
crossing,چوراها
crosslegged,آلتي پالتي مارتے هوئے
crosspurposes,متضاد مقاصد
crossroad,چوپڑ کي سڑک
crossstitck,زنجيره ـ جوپاري سلائي
crotch,لٹک ـ ترنگ ـ آنگڑا ـ کانٹا
crotchet,آنکڑا ـ کانٹا
croton,جمال گوٹه
crouch,خوشامد کرنا ـ پاؤں پڑنا ـ جھکنا
crouching,قدمبوسي
croup,حلق کا ورم
crow,زاغ ـ کوا
crowd,چمگھٹا ـ جم غفير ـ گھسنا ـ بھر جانا ـ بھيڑ کرنا
crowdout,بھيڑ کي وجه سے ره جانا ـ جگه نه ملنا
crown,تاج بهنانا ـ تاج پوشي کرنا ـ ممتاز کرنا ـ کامياب هونا
crowner,تاج پهنانے والا
crucial,دو ٹوک ـ ناطق ـ قطعي ـ فيصله کن ـ آڑا ـ ترچھا
crucible,سنار کي گھرپا ـ گلانے کا برت€
crucifix,حضرت عيسي کي مصلوب هونے کي تصوير
crucifixion,حضرت عيسي کا صلب پر چڑھايا جانا
cruciform,صليب نما
crucify,صليب پر چڑھانا ـ مار ڈالنا
crude,خام ـ کچا ـ ناتمام ـ غير مهذب
crudeness,کچاپن ـ خامي
crudity,کچا پن ـ خامي
cruel,سنگ دل ـ بے رحم ـ ظالم
crueler,ظلم کرنے والا
cruelest,سخت ظلم کرنے والا
cruelty,بے رحمي ـ سنگ دلي
cruet,سرکه داني ـ اچار داني
cruetstand,مرتيان داني ـ شيشه داني
cruise,بحري سير ـ بحري گشت کرنا
cruiser,جنگي جهاز
crumb,ريزه ـ روٹي کا گودا ـ راٹي کا ٹکڑا
crumber,روٹي توڑنے والا
crumble,توٹنا ـ توڑنا ـ ريزه ريزه کرنا
crummy,چکني ـ موٹي ـ مالدار عورت
crumpet,باقر خاني ـ شيرمال
crumple,ريزه ريزه کرنا ـ چننا ـ شکن ڈالنا
crunch,روندنا ـ پامال کرنا ـ دانتوں سے کاٹنا
cruncher,درندنے والا
crupper,ليد خوار
crusade,صليبي جنگ ـ مسيحي جهاز
crusader,عيسائي مجاهد
crush,مسلنا ـ کچلنا ـ مغلوب کرنا ـ پامال کرنا
crushable,کچلنے کے قابل
crusher,کچلنے والا
crushing,مسلنا
crust,پوست ـ پاپڑ ـ چھلکا ـ خول آنا
crusty,قشردار ـ پرخول ـ چھلکے دار ـ سخت
crutch,مڑا هوا عصا ـ لاٹھي ـ سهارا
cry,پکارنا ـ چيخنا ـ طلب کرنا ـ مانگنا
crybaby,بچوں کي طرح رو دينے والا ـ طفل مزاج
crydown,برائياں بيان کرنا ـ مذمت کرنا
cryevils,خاص توجه کے قابل ـ کھلي هوئي خرابياں
cryhalves,آدھوں آدھ ٹھرانا ـ حصه مانگنا
crying,عام ـ پھيلي هوئي ـ شديد
crypt,غار ـ ته خانه ـ کھوه
cryptic,مخفي ـ پوشيده ـ پراسرار
cryptogram,رمزي تحرير
cryptographer,رمز نويس
cryptography,رمز نويسي
crystal,بلور ـ بلور نما
crystalize,بلور بنانا
crystalline,شفاف ـ بلوريں
crystallization,قلم پذيري
crystallize,بلور بنانا
crystallizer,بلور بنانے والا
cub,تيندورا
cubbish,پلا جيسا ـ پلے کي طرح
cube,شش پهلو ـ مکعب بنانا
cubebs,کباب چيني
cubic,مکعب
cubical,مکعبي
cubit,هاتھ بھر
cuckoo,خوش آواز پرنده
cucumber,کھيرا ـ خيار
cud,جگالي
cuddle,چمٹانا ـ گلے لگانا ـ لاڈ پيار کرنا
cudgel,ڈنڈے لگانا ـ ڈنڈا
cudgeler,ڈنڈے لگانے والا
cue,اشاره ـ هدايت
cuff,آستيں کا کف
cuffing,تھپڑ مارنا
cuirass,زره بکتر ـ سينه بند
cuirassier,بکتي پوش سپائي ـ زره پوش سوار
cuisine,باورچي خانه کا انتظام
culinary,پکانے کے متعلق
cull,چن لينا ـ پھول چن لينا
cullender,چھلني
culler,چننے والا
cully,بھولا بھالا ـ بيوقوف ـ ابله
culm,گھاس کا ـ نچلا حصه ـ قلم ـ تنا
culminate,اوج پر هونا
culms,قلم ـ تنا ـ گرهدار ـ نالي
culpa,مواخذه کرنا
culpable,قابل مواخذه
culprit,مجرم ـ خطاکار
cult,مسلک ـ دين ـ مذھب ـ عبادت
cultivable,کاشت کے قابل
cultivar,کاشت کرنے والا ـ جوتنے والا
cultivatable,جوتنے کے قابل ـ کاشت کے قابل
cultivate,جاتنا ـ کاشت کرنا ـ ٹھيک کرنا
cultivating,ذوق ـ ترتيب
cultivation,زراعت ـ ترتيب ـ ذوق ـ کھيتي باڑي
cultivator,کسان ـ کاشکار
cultural,تمدني ـ تهذيبي
culture,تهذيب ـ پرورش کرنا ـ کاشت کرنا ـ ترتيب
culvert,محرابدار نالي ـ بند نالي
cumber,بوجھل کر دينا ـ رکاوٹ ڈالنا ـ هرج
cumberer,رکاوٹ ڈالنے والا
cumbersome,وزني ـ بھاري
cumbrous,بھدا ـ بے ڈول
cumulate,ڈھير لگا هوا ـ جمع شدو
cumulation,مجموعي ـ اجتماع ـ انبار ـ ڈھير
cumulative,مجموعي ـ مختلف حصوں سے مل کر بنا هوا
cumulus,دل بادل ـ ڈھير
cunning,حکمت ـ هوشياري ـ هوشيار
cunningly,هوشياري سے
cup,کوزه ـ پياله ـ سنگي لگانا
cupboard,برتنوں کي الماري
cupid,خوبصورت لڑکا
cupidity,طمح ـ لالچ
cupola,قبه ـ گبند
cupreous,تانبے کا
cur,بازاري کتا ـ بزدل
curable,پاجي کے قابل
curate,پادري کا مددگار
curateable,بادري کے قابل
curative,تندرست کرنے والي دوا
curator,محافظ
curatorial,محافظ کے متعلق
curatorship,عجائب خانے کي ميتمي کا عهده
curb,روکنا ـ دھانے کي زنجير ـ روک تھام ـ کناره
curbable,روکنے کے قابل
curber,روکنے والا
curbing,روک
curd,دھي ـ جفرات ـ دوغ
curdle,بسته کرنا ـ برف جمانا ـ جمانا
curdler,جمانے والا
cure,تندرست کر دينا ـ معالجه ـ اصلاح کرنا ـ تدبير کرنا
cureless,بے علاج ـ بے تدبير
curer,علاج کرنے والا ـ تدبير کرنے والا
curfew,خانه بندي کا حکم
curio,کاريگر کا نادر نمونه ـ ناياب چيز
curiosity,دريافت کرنے کي خوائش ـ تجسس
curious,راز جو ـ مشتاق ـ تجسس کرنے والا
curiouser,تجسس کرنے والا
curl,حلقه دار بال ـ خم
curlew,ايک قسم کي مرغابي
curly,پيچ دار بال ـ حلقه دار
curmudgeon,کنجوس ـ لالچي
currant,يوناني کشمش ـ منقي
currency,دور زمانه ـ کسي ملک کا سکه رائج الوقت
current,جاري ـ چلتا هوا ـ برقي رو
curricle,در گھوڑوں کي گاڑي
curriculum,نصابي کتابيں
currier,چرم ساز
currish,سگ صفت ـ کتا سا
curry,مالش کرنا ـ ملنا ـ سالن ـ شوربه دار سال€
curryfavour,خوشنودي حاصل کرنا ـ خوشامد کرنا
curse,بددعا دينا ـ لعنت ـ پھٹکار
cursed,نگوڑا ـ قابل نفرت ـ کمبخت
curser,بددعا دينے والا
cursive,قلم برداشته
cursorial,سبک پا ـ سبک رفتار
cursorily,لاپروائي سے ـ سرسري طور پر
cursory,لاپروائي سے کيا هوا ـ سرسري
curt,ناخوشگواري ـ مختصر
curtail,تخفيف کرنا ـ کمي کرنا
curtailment,کمي ـ تخفيف
curtain,چق ـ پرده
curtainlectures,بيوي کي نصيحت ـ خلوت ميں بيوي کي لعن طع€
curvature,خم ـ گولائي
curve,خميده هونا ـ مڑا هوا هونا
curvet,لنگوري چال چلنا ـ چھاترک
cuscus,خس
cushion,تکيه ـ گدا
cuspidal,نعل نما
cuspidated,نوکدار
cuspidor,اگالدا€
custard,انگريزي فرني ـ دودھ انڈے اور شکر کي کھيڑ
custodian,محافظ ـ داروغه
custody,قيد ـ حراست ـ نظر بند ـ خبرداري
custom,قاعده ـ محاوره ـ برتاؤ ـ طور طريقه
customary,ميمولي ـ مروج ـ رسمي ـ دستور کے مطابق
customer,خريدار ـ گائک
customhouse,کسٹم هاوس
customs,بحري لگان ـ رسوم
cut,زخمي کرنا ـ کاٹنا ـ جدا کرنا ـ تراشنا ـ قلم کرنا
cutaneous,جلد کے متعلق
cutatooth,دانت نکلنا
cutbothways,ادھر بي ادھر بھي ـ دونوں طرف کاٹنا
cuter,قلم کرنے والا ـ کاٹنے والا
cuthbert,ايسا شخص جو جنگي خدمت سے پهلو بچائے اس بهانے سے که ديواني محکمه ميں اس کي خدمات ضروري هيں
cuticle,پوست ـ چھال ـ جھلي
cutin,دفعتا داخل هونا ـ بيچ ميں بول اٹھنا
cutlas,چوڑي خمدار تلوار
cutler,چاقو بيچنے والا
cutlery,چاقو بيچنے کا پيشه
cutlet,کباب ـ پسندے
cutnoice,کچھ نه بن پڑنا
cutoff,قطع تعلق هونا
cutprices,نرخ کم کرنا
cutpurse,جيب کترنا
cuttable,کاٹنے کے قابل
cutter,کاٹنے والا
cutting,بلند زمين کي کٹائي ـ تراش
cuttingreport,دلخراش جواب
cutty,بوني عورت ـ بونا مرد
cutuprough,بگڑنا ـ ناراض هونا ـ غصه کرنا
cutupwell,بڑا ترکه چھوڑنا
cyanic,نيلگو€
cyanosis,يرقا€
cycle,ايام ـ چکر ـ گردش ـ دور
cyclic,دوري ـ دور کے متعلق
cycloid,دائره نما
cyclone,چکر دار هوا ـ بهت تيز هوا ـ آندھي
cyclopaedia,جامع اللغات ـ مخزن علوم
cyclopean,جناتي ـ بهت بڑي ـ عظيم
cyclopes,هونان کا افسانوي ايک آنکھ کا ديو
cyclops,يونان کا افسانوي ايک آنکھ کا ديو
cygnet,هين کا بچه
cylinder,اسطوانه
cylindrical,اسطواني
cymar,ڈھيلي کرتي ـ صدري
cymbal,تھالي نما ساز
cyncism,ترشروئي ـ لذات سے نفرت
cynic,تارک لذات ـ ترشرو
cynical,ترش رو ـ روکھا ـ سھ خو
cynosure,رهنما تارا ـ قطب تارا
cypher,لچر ـ ناچيز ـ نکما ـ خفيه ـ تحرير
cypress,صنوبر ـ سرو ـ شمشاد
cyst,بيضه داني ـ مثانه
czar,شهنشاه روس
czarina,ملکه روس
czarowich,روس کا ولي عهد
