d,انگريزي حروف تهجي  کا چوتھا حرف
dab,برش کرنا ـ پچاره پھيرنا
dabble,گيلا کرنا ـ تر کرنا ـ پاني ميں کھيلنا
dabbler,نيم حکيم ـ اناڑي ـ کيچر پاني ميں کھيلنے والا
dabchik,مرغابي
dabster,ليپنے والا ـ بھدا روغن کرنے والا
dace,چھوٹي دريائي مچھلي
dacoit,ڈاکو
dacoity,قزاقي ـ ڈکيتي
dactyl,شعر کا ايک وزن
dactylogi,انگليوں کے ذريعے بات چيت کرنا
dad,والد ـ ديدي ـ پاپا
dada,والد ـ ڈيڈي
daddy,ڈيڈي ـ دادا
daffodil,آبي نرگس
daft,خبطي ـ پاگل ـ بے وقوف
dagger,حواله دينے کا نشان ـ چھري
daggle,گيلي زمين پر گھسيٹناـ آلوده کرنا يا هونا
daily,روزانه ـ لگاتارـ روزمره
dainty,خوش ذائقه ـ مزيدار
dairy,دودھ کي دکا€
dais,چبوترا ـ شه نشي€
daisy,ڈيزي ـ گل بھاري
dale,دره ـ وادي
dalesman,دره کا آدمي
dalliance,ناز و نياز ـ رنگ رلياں
dally,مٹر گوشت کرنا ـ ٹال مٹول کرنا
dam,پشته ـ بند ـ روک
damage,خصاره ـ ضررـ نقصا€
damageable,خسسا رے کے قابل
damager,خساره کرنے والا
damaging,نقصا€
damask,دمشقي تلوار ـ دمشقي گلاب
dame,بانو ـ بيگم ـ خاتو€
damn,جھنم و اصل کرنا ـ لعنت کرنا ـمردود ٹھرانا
damnable,لعنت ملامت کے قابل
damnation,دوزخ کا عذاب ـ لعنت بھيجو
damp,ايک قسم کي گيس ـ سانس بند کرنا ـ خفا کرنا
damper,خفا کرنے والا ـ افسرده کرنے والا
dampness,نمي ـ تري
damsel,دوشيزه ـ کنواري
damson,آلو بخارا
dance,ناچناـ رقص کرنا
dancer,رقص کرنے والا
dancing,رقصـ ناچ
dandelion,ککروندا
dander,بد مزاجي ـ ناراضگي ـ خفگي
dandle,پيار کرنا ـ بچے کو گود ميں اچھالنا
dandler,پيار کرنے والا
dandling,پيار
dandriff,سر کي خشکي ـ بفا
dandy,خوش لباس
danger,ڈر ـ خطره ـ خوف ـ خدشه
dangerous,خطرناک ـ مهلک ـ هولناک
dangle,لٹکا ـ جھولناـ جھومنا
dangler,عورتوں کے پيچھے چکر لگانے والا
daniel,عادل ـ عاقل
danish,هوشيار
dank,گيلا ـ پرنم ـ تر ـ مرطوب
danker,تر کرنے والا
dapper,چست ـ صاف ستھرا
dapple,دغدار کرناـ دھبے ڈالناـ رنگ برنگي کرنا
darbies,هتھکڑي
dare,جرار کرناـ همت کرناـ مقابله کرنا
dareful,باهمت ـ جرات والا
darer,همت کرنے والا
daring,دلبر ـ شجاع ـ من چلا
dark,اندھيراـ تاريک ـ پوشيده
darkages,زمانه جاهليت
darkdeed,بر ا فعل
darken,اندھير ا چھايا هوا ـ اندھيرا هونا ها کرنا
darker,اندھيرا کرنے والا
darkhorse,خلاف توقع جيتنے والا گھوڑا
darklooks,پر غضب نگاهيں
darksayings,چيستاني معقولے
darling,آنکھوں کا تارا ـ جان سے عزيز  ـ لخت جگر
darn,رفو کيا هوا حصه ـ مرمت کرنا
darner,رفو کرنے والا  ـ مرمت کرنے والا
darning,رفو گري
dart,تيز ـ نيزه ـ تير چلانا
darter,تير چلانے والا
dash,دے مارناـ ٹکراناـ پاش پاش کرنا
dasher,پاش پاش کرنے والا ـٹکڑے والا
dashing,شيخي باز
dastard,نامرد ـ ڈرپوک ـ بزدل
dastardly,بزدلانه
data,نقطه آغاز
datable,معلوم کرنے کے قابل
date,تاريخـ کجھور کا درخت
dateable,تاريخ ڈالنے کے قابل
datepalm,کھجور کا درخت
dative,مفعول
datum,معلوم ـ مفروض
daub,پلستر کرنا ـ ليپنا
dauber,پلستر کرنے والا
daughter,بيٹي  ـ لڑکي ـ دختر
daunt,بد دل کرنا ـ جي چھڑانا
daunter,جي چڑانے والا
dauntless,دلير ـ بے خوف ـ بے ڈر ـ بے باک
davy,حلف نامه ـ بيان حلقي
davylamp,کان کنوں کا محفوظ چراغ جس سے آگ لگنے کا انديشه نهيں هوتا
daw,ايک قسم کا بڑا کوا
dawdle,وقت ضائع کرنا ـ  بے کا ر پھرنا
dawdler,وقت ضائع کرنے والا
dawn,صبح هونا ـ نمودار هوناـ ابتدا ـ آغاز
day,دن ـ يوم ـ روز
dayboarder,مدرسه ميں کھانا گھر پر سونا
daybook,روز نامچه
daydream,خيالي پلاؤ
daydreamer,خيالي پلاؤ بنانے والا
daydreaming,خيالي پلاؤ پکانا
daylight,اعلان ـ اشتهار
daytime,دن کے وقت
daze,بدحواس کر دينا ـ پريشان کرنا ـ خيره کرنا
dazzle,خيره کرنا ـ پريشان کرنا ـگھيرا دينا
dazzler,پرشان کرنے والا
dazzling,درخشنده ـ چمکتا هوا
deacon,مهتم نياز و صدقات
dead,مرده ـ بے جان ـ بے نور
deaddrunk,مدهوش ـ بد مست
deaden,کمزور هونا ـ مرده کرنا
deadener,کمزور کرنے والاـ بے طاقت کرنے والا
deadloss,سراسر نقصا€
deadly,مهلک حد سے زياده
deadman,بے طاقت آدمي ـ کمزور
deadsleep,خواب غفلت  ـمردے کي طرح سونا
deaf,اونچا سننے والا ـ بهره
deafen,شور و غوغا سے کان پڑي آواز نه سننے دينا
deafish,بهروںکي طرح
deal,تک ـ کاري مقدار ـ حصے کرنا ـ تقسيم کرنا ـ کاروبار کرنا ـ بحث کرنا
dealer,تقسيم کرنے والا ـ کاروباري
dealing,سلوک ـ برتاؤ ـ لين دي€
dean,جامعه کے کسي شعبے کا صدر
dear,پيارا ـ محبوب ـ عزيز
dearest,بهت عزيز
dearly,پيار سے ـ محبت سے
dearness,اخلاص ـ پيار ـ گراني
dearth,کمي ـ قلت ـ تنگي
death,روحاني  موت ـ فنا ـ وفات
deathblow,سخت چوٹ ـ مهلک مرض
debacle,بھگڈر ـ خاتمه ـ زوال
debar,محروم کرنا ـ باز رکھنا ـ منع کرنا ـ خارج هونا
debase,بے قدر کرنا ـ ذليل کرنا ـ بے آبرو کرنا
debasement,بے قدري ـ ذلت ـ رسوائي
debaser,ذليل کرنے والا ـ بے آبرو کرنے والا
debatable,قابل عذر ـ قابل بحث
debate,بحث کرنا ـ جھگڑا کرناي
debateable,بحث کے قابل ـ غور و فکر کے قابل
debater,مناظره کرنے والا ـ بحث کرنے والا
debating,مباحثه
debauch,خراب کرنا ـ عياش بنانا ـ ور غلانا
debauchee,بدکار ـ عياش ـ شهوت پرست
debaucher,خراب کرنے والا ـ بگاڑنے والا
debauchery,بد کاري ـ رنڈي بازي ـ عياشي
debenture,قرض نامه ـ تمسک
debilitant,کمزور ـ ضعيف
debilitate,کمزور کرناـ ضعيف کرنا
debilitation,کمزور کرناـ ضعيف کرنا
debility,کمزوري ـ ناتواني
debit,قرض ـ ادھار
debitable,ادھار کے قابل
debonair,خوش اخلاق ـ خليق ـ خوش طبع
debouch,تنگ جگه سے نکلنا
debris,ملبه ـ ٹکڑے
debt,ادھار ـ قرض دام
debtor,مقروض ـ قرض دار
debut,ابتدا ـ آغاز ـ شروع
decade,عشره ـ دس برس
decadence,زوال ـ تنزل
decagon,دو گوشه
decalogue,دس احکام جو شريعت موسوي کي بنياد هے
decamp,کوچ کرنا ـ پڑاؤ اٹھانا
decant,انڈيلناـ آهسته آهسته ڈالنا
decanter,شيشه کي صراحي
decapitate,گردن مارنا ـ قتل کرنا ـسر قلم کرنا
decapitation,قتل ـ گردن مارنا
decapitator,ق تل کرنے والا
decay,زوال پذير هونا ـ مر جھانا ـ خراب هونا
decayable,مر جھانے کے قابل ـسڑنے کے قابل
decayer,مرجھانے والا
decease,انتقال ـ فنا ـ موت
deceased,مرا هوان شخص ـ متوفي
deceit,حيله گري ـ عياري
deceitful,حيله گر ـ مکار ـ فريبي
deceitfully,مکاري سے
deceivable,فريب کے قابل ـ دھوکے کے قابل
deceive,مکر کرنا ـ فريب کرنا ـ مايوس کرنا
deceiver,دغا باز ـ حيله ساز
december,دسمبر
decenary,دسواں برس
decency,سائستگي ـ ذوق سليم ـ پاس
decennial,دس ساله
decent,آبرو دار ـ با حيا ـ مهربا€
decenter,حيا کرنے والا
deception,فريب ـ دھوکه ـ چالف
deceptive,گمراه کنـ فريب ده
deceptively,دھوکه سے
decidable,قابل فيصله
decide,فيصله کرنا ـ قرار دينا ـطے کرنا
decided,اٹل ـ طے شده
decider,فيصله کرنے والا
deciding,فيصله
deciduous,پر جھڑا ـ چند روزه
decimal,دسواں
decimate,هر دس ميںسے ايک کو قتل کرنا
decimation,دسويں حصے کو تباه کرنا
decipher,حل کرنا ـ مطلب نکالنا
decipherable,حل کے قابل
decision,مستقل مزاجي ـ ثابت قدمي ـ قطعي رائے
decisive,فيصله کن
deck,آراسته کرنا ـ سجانا
decker,سجانے والا
declaim,کلام کرنا ـ  جذباتي تقرير کرنا
declaimer,باتوني
declamation,تقرير کي مشق ـ جذباتي تقرير
declamatory,لمبي چوڑي ـ کھوکھلي
declarable,قابل اقرار ـ قابل اعلا€
declarant,اقرار کرنے والا
declaration,اقرار نامه ـ اعلان ـحتمي بيا€
declarative,توضيعي
declarator,اقرار کرنے والا ـ اعلان کرنے والا
declaratory,مظهر
declare,حکم لگانا ـ ظاهر کرنا ـاعلان کرناـ اقرار کرنا
declarer,اقرار کرنے والا ـ ظاهر کرنے والا
declaring,اعلا€
declension,اتار ـ  نشيب ـ تنزل
declinable,قابل تعريف ـ گردان کے قابل
declination,زوال ـ تنزل ـ انحراف
decline,ڈھلوان هونا ـ جھکا هوا هونا ـ زوال پذير هونا
decliner,انکار کرنے والا ـ رد کرنے والا
declivity,جھکاؤ
decoctable,عرق نکالنے کے قابل ـ جوش دلانے کے قابل
decoction,کاڑھا ـ جوش دے کر نکالا هو عرق
decollated,درخت قلم کرناـ سر کاٹنا
decollete,سر قلم کرنا
decombent,گرا هوا ـزمين پر ليٹا هوا
decompose,اجزا کا عليحده هونا
decomposer,گلانے والا
decomposition,بوسيدگي ـ روانيت
decontrol,پابنديوں کا هٹا لينا
decorate,سجاناـ آراسته کرنا ـ سنوارنا
decorating,سجاؤ
decoration,سجاوٹ ـ اعزازي نشا€
decorator,سجانے والا
decorous,مذهب ـ متين ـ معقول
decorticate,چھيلنا ـ پرست دور کرنا
decorum,شعور ـ تميز ـ تهذيب
decoy,دھوکا ـ دام ـ فريب
decoyer,دھوکا باز
decrease,کمي کم کرنا
decrecent,زوال پذير ـ چھوٹا کرنے والا
decree,حکم ـ فرمان ـ فيصله
decrement,کمي ـ تخفيف
decrepit,ضعيف ـ بوڑھا ـ فرسوده
decrepitate,معدنيات کا راکھ هوجانا
decrepitude,کمزور ي ـ خسته حال
decretal,پوپ کے فرامين کا مجموعه
decry,بد نام کرنا ـ عيب لگانا
decussate,کاٹنا ـ چيرنا
dedicate,نذر کرنا ـ چڑواھال
dedication,انتسابي کتبه ـ نذر و نياز
dedicator,نذر و نياز کرنے والا
deduce,پيدا کرنا ـ حاصل کرنا
deducible,نتيجه نکالنا
deduct,وضع کرناـ کم کرنا ـ گھٹانا
deduction,وضع  ـکمي ـ قياس
deductive,قياسي ـ استخراجي
dee,ڈي کي شکل کے ساز کا حلقه
deed,کام ـ کرتوت ـ مهم ـ کردار ـاصل ـ فعل
deem,تصور کرنا ـ قياس کرنا ـ خيال کرنا
deemhighly,بھت اچھي رائے دينا
deep,عميق ـ گهرا ـ پکا شرابي
deepen,رنج يا تکليف بڑھانا
deepener,تکليف بڑھانے والا€
deeply,گھرائي سے
deer,هرن ـ غزل
deface,خراب کرناـ بد نما کرنا
defacement,بربادي ـ شکل بگاڑنا
defacer,مٹانے والا  ـ شکل بگاڑنے والا
defacto,د ر حقيقت
defalcate,خود برباد کرناـ خيانت کرنا
defalcation,خيانت ـ خرد با
defamation,هتک ـ ازاله حيثيت عرفي
defamatory,بدنام ک€
defame,عيب لگانا ـ تهمت لگانا
defamer,عيب لگانے والا
default,غفلت کرناـ کوتاهي کرنا
defaulter,قصور وار ـ ناهند ـ غير حاضر
defeasance,ابطال ـ ترديد
defeasible,ضبطي کے قابل ـ قابل تنسيح
defeat,مغلوب کرناـ هرانا ـ محو کرنا
defeater,شکست دينے والا
defeatism,شکست پسند
defecate,صاف کرناـ تلچھٹ دور کرنا
defecation,تلچھٹ
defect,خامي ـ کسر ـکوتاهي
defecter,کوتاهي کرنے والا
defection,ارتداد ـ انحراف
defective,عيب دار ـ کھوٹا
defence,حفاظت ـ بچاؤ ـ مورچه
defend,بچاناـ حفاظت کرنا ـ سامنا کرناـ عذر داري کرنا
defendable,حفاظت کے قابل ـ بچانے کے قابل
defendant,جواب ده ـ مدعا عليه
defender,خامي ـ ناصر ـ حمانتي
defense,تائيد کرنا ـ جواب دهي کرنا
defensible,قابل تائيد
defensive,محافظه
defer,ملتوي کرنا ـ ديدار کرنا ـ تسليم کرنا
deference,قدر ـ تعظيم ـ لحاظ
deferential,بڑوںکا ادب کرنے والا ـ با ادب
defiance,نافرماني ـ سر کشي
defiant,دلير ـ گستاخ ـ سرکشي
deficiency,کمي ـکوتاهيـ نقص
deficient,نامکمل ـ ناتمام
deficit,خساره ـ فاضل
defile,گنده کرناـ گدلا يا ميلا کرنا
defilement,آلودگي ـ ناپاکي ـ گندگي
defiler,آلودگي پھيلانے والا ـ ناپاک کرنے والا
definable,آلودگي کے قابل
define,تعريف ـ حد بندي کرنا ـ واضع کرنا
definer,تعريف کرنے والا
definite,روشنـ قطعي ـ واضع
definitely,بالکل ـ صاف طور پر
definition,صفت ـ تعريف ـ خاصيت
definitive,محدود کرنے والي صفت ـ فيصله ک€
deflate,اصل قيمت پر لے جانا
deflect,خم کرنا ـگمراه هو جانا
deflectable,خم کرنے کے قابل
deflection,جھکاؤ  ـ گمراهي ـ موڑ
deflector,خم کرنے والا ـ موڑنے والا
deflower,کنوارا پن ختم کرناـ زنا بلجبر کرنا ـبے آبرو کرنا
deform,بد نما کرناـ صورت بگاڑناـ بد شکل کرنا
deformable,صورت بگاڑنے کے قابل
deformation,خرابي ـ تنزل ـ بگاڑ
deformer,خراب کرنے والا
deformity,بد صورتي
defraud,حق مارنا ـ فريب دينا
defraudation,فريب
defrauder,فريب دينے والا
defray,خرچ ادا کرنا
defrayable,خرچ ادا کرنے کے قابل
defrayer,حسان کرنے والا
deft,هوشيار ـ کاريگر
deftly,چالاکي سے
deftness,هوشياري
defunct,مرا هواـ مرحوم
defy,مقابله کرنا ـ خم ٹھونکنا
degeneracy,کمي  ـ کم همتي ـ خفت
degenerate,ذليل ـ کمينه
degeneration,خواري ـ ذلت ـ بگاڑ
deglutinate,چھڑاناـ چھوڑناـ جدا کرنا
degradable,برطرف کرنے کے قابل
degradation,رسوائي ـ ذلت
degrade,کم رتبه کرنا ـ شرافت کھو دينا
degrader,رتبه کم کرنے والا
degree,حد ـ سند ـ درجه ـ دائره ـ پايه
degrim,درد يقيقه ـ آدھے سر کا درد
deification,خدائي درجه ـ پرستش
deify,خدا بنانا ـ پوجنا
deign,عنايت کرنا ـ منا سب سمجھنا
deism,عقيده ـ الحاد
deist,دين فطرت کا معتقد
deity,خدائي
deject,اداس کرنا ـرنجيده کرنا
dejecta,گوبر ـ پاخانه
dejection,پس ماندگي ـ اداسي ـ ملال
dejeuner,چاشت ـ ناشتهـ نهاري
dejure,ازروئے قانون ـ قانونا
delate,مجرم ٹھراکر عدالت ميں پوش کرنا ـ مخبر کرنا
delation,الزام ـ جرم کي اطلاع
delay,ملتوي کرنا ـسستي کرناـ تاخير کرنا
delayer,تاخير کرنے والا ـ سستي کرنے والا
dele,مٹانا ـ کاٹنا ـ قلم زد کرنا
delectable,خوش آئنده ـ دلپسند ـ خوشگوار
delectably,دلپسندي سے
delectation,خط ـ لطف ـ مزا ـ دلچسي
delegate,سفير ـ مندوب ـ اياچي
delegation,جماعت نمائنده گا€
delete,مٹانا ـ قلم زدکرنا ـ خارج کرنا
deleterious,مهلک ـ قهريلا ـ مضر
delf,ايک قسم کا مڑي يا چيني کا برت€
delhi,دلي
deliberate,غور کيا هوا ـ سوچ بچار کيا هوا ـ ارادي
deliberately,جان بوجھ کر
deliberation,غور فکر ـ سوچ بچار
deliberator,غور کرنے والا ـ سوچ بچار کرنے والا
delicacy,نفيس غذا ـ اچھا کھانا ـ نزاکت
delicate,نازک ـ باريک  ـلذيذ
delicately,نفاست سے ـ ماهرانه طور پر
delicious,مزيدار ـ لطيف ـ خوش ذائقه
delight,پسند آنا ـ خوش کرنا ـ مسرور کرنا
delightful,دلکشي ـ مسرت بخش ـ خوش آئينده
delightfully,دلچسپي سے
delimit,سرحد مقرر کرنا ـ حد بندي کرنا ـ حد مقرر کرنا
delimiter,حد مقرر کرنے والا ـحد بندي کرنے والا
delineate,نقشه کھينچنا ـ خاکه اتارناـ بيان کرنا
delineation,بيان ـ روداد ـ نقشه ـ خاکه
delinquent,عاصي ـ مجرم ـ گنهگار ـ قصور وار
deliquescent,پتلا ـ رقيق
delirious,بے هوش ـ حواس باخته
delirium,بے هوشي ـ سر سام ـ اضطراب
deliver,نجات دينا ـ آذاد کرنا ـ پيدا کرنا ـ سپر کرنا
deliverable,حواله کرنے کے قابل
deliverance,نجات ـ خلاصي
deliverer,حواله کرنے والا
delivery,سپردگي ـ پيدائش ـ ولادت ـ حوالگي ـ حمل
dell,خندق ـ کھڈ ـوادي
delta,ڈيلٹا
deltoid,تکونيا ـ يوناني مثلث نما
delude,فريب دينا ـ پھٹکا نا ـ دھوکه ـ جھانسا دينا
deluder,جھانسا دينے والا
deluge,طوفان نوح ـ سيلاب ـ بھرمار کرنا
delusion,سراب ـ وهم ـ خيال ـ دھوکه
delusive,مانوس کن ـ پرفريب ـ بے اصل
delve,کھودينا ـ چھان بين کرنا  ـ نشيب غار
delver,چھان بين کرنے والا
demagnetization,مقناطيسي اثر
demagnetize,مقناطيسي اثر دور کرنا
demagog,هر دلعزيزـ بازاري ليڈر
demagogue,بازاري ليڈر ـ هر دلعزيز
demand,مطالبه کرنا ـ طلب کرنا ـ چاهنا ـ تقاضا کرنا ـ سوال کرنا
demandable,قابل طلب ـ قابل مطالبه
demander,مطالبه کرنے والا ـ تقاضا کرنے والا
demarcate,حصه لگاناـ حد لگانا ـ حد بندي کرنا ـ حد مقرر کرنا
demarcation,انتها ـ حد ـ کنارا ـ احاطه
demarcator,حد مقرر کرنے والا
demean,خوار کرنا ـ گھٹانا  ـ ذليل کرنا
demeanor,خوار کرنے والا
dement,مجنوں بنا دينا ـ پاگل بنانا
dementate,ديوانه کرنا ـ پاگل بنانا
demerit,قصور ـ خطا ـ خرابي ـ عيب
demesne,قبضه مالکانه ـ علاقه ـ ملک
demigod,وه سرما جو ديوتا کي طرح مانے جاتے هيں
demise,انتقال ـ رحلت ـ مرگ
demit,دست بردار هونا ـاستعفي دينا
demob,فوجي خدمت سے سبکدوش هونا
demobilize,فوجي خدمت سے آذاد کيا جانا
democracy,جمهوريت ـ عوامي حکومت
democrat,جمهوري حکومت کا حامي
democratism,جمهوريت پسندي
demolish,گرانا ـمهندم کرنا
demolisher,گرانے والا
demolishing,گراؤ
demolition,بگاڑ ـ انھدام
demon,ديو ـ جن ـ شيطان ـ بري عادت
demonetization,زر کا رواج بند کرنا
demonetize,سکه زر کا رواج بند کرنا
demoniac,آسيب زده شخص
demonstrable,قابل اثباب
demonstrate,ثابت کرنا ـ بيان کرنا ـ  بتانا
demonstration,اثبات ـ دلالت ـ دليل
demonstrative,مديل ـ مظاهره پسندـ مثبت
demonstrator,معلوم سائنس کا مدد گار
demoralization,اخلاقي ابتري ـ نظم و ضبط کا بگاڑ
demoralize,بگاڑنا ـ اخلاق خراب کرنا ـ بد دل کرنا ـ همت پست کرنا
demoralizer,اخلاق خراب کرنے والا
demulcent,نرم کرنے والا
demur,تامل کرناـ اعتراض کرنا
demure,مطمئن ـ متين ـ سنجيدها
demurely,شرم سے ـ سنجيدگي سے
demurer,مطمئن کرنے والا
demurrable,قابل اطمينا€
demurrage,ٹھرنے کا هرجانه ـ تاوان  ـ خساره
demurrant,پس پيش کرنے والا ـ تامل کرنے والا
demy,تقطيع ـ کاغذ کي کتاب
den,آمد و رفت کي جگهـ چوروں کا اڈا ـ خلوت خانه
denationalize,کسي قوم کي خصوصيت زائل کرناـ قومي ملکيت سے خارج هونا
denaturalize,فطرت تبديل کرناـ غير فطري بنا دينا
denaturation,خلاف فطرت
denature,خلاف فطرت بنانا ـخصوصيا ت تبديل کرنا
dendriform,شجر پيکر
dendrology,درختوں کا علم ـ علم الشجار
dengue,ايک قسم کا بخار
deniable,قابل انکار ـ قابل ترديد
denial,رد نفي ـ انکار
denier,انکار کرنے والا
denizen,شهره ـ باشنده ـ اجنبي لفظ
denmark,ايک ملک کا نام ـ ڈنمارک
denominate,پکانا ـنامزد کرنا
denomination,لقب ـ اسم ـ عرفيت
denominative,اسمي ـ تسمے کا
denominator,نام رکھنے والا ـ نامزد کرنے والا
denotation,علامت ـ لقب
denote,ظاهر کرنا ـ بتانا
denounce,کھلم کھلا الزام ديناـ انتقام کي پيش گوئي کرنا
denouncement,مخبري ـ علامت
denouncer,مخبري کرنے والا
dense,گاڑھا ـ ٹھوسـ احمق
density,کثافت ـ گھنا پن ـ بيوقوفي
dent,پچک جانے کا نشان ـ نشان ڈالنا
dental,دنداني ـ دانتوں کے متعلق
dentate,دندانه دار
dentiform,دانتوں کي طرحـ دندان ساز
dentifrice,مسي ـ منج€
dentist,دندان ساز
dentistry,دندان سازي
dentition,دانت نکالنا
denture,مصنوعي دانتوں کا چوکا
denudate,برهنه کرنا ـ ننگا کرنا ـکپڑے اتارنا
denudation,عرياني ـ برهنگي
denudative,برهنه کرنے والا  ـ  عرياني کرنے والا
denude,کنگال کرناـ کپڑے اتارنا ـ برهنه کرناـ ننگا کرنا
denuder,برهنه کرنے والا
denuding,برهنه
denunciate,æبد زباني کرنا ـ گالي دينا
denunciation,بد زباني ـ گاليوں کي بوچھاڑ
denunciative,ملامت آميز
deny,ترديد کرنا ـ نفي کرنا ـ انکار کرنا
deocct,جوش دينا ـ ابالنا ـ عرق نکالنا ـ جوش دے کر ـ عرق تيار کرنا
deodar,ايک قسم کا جنگلي درخت
deontologist,ماهر اخلاقيات ـ فلسفه اخلاق کا عالم
deontology,فلسفه اخلاق ـ علم الاخلاق
depart,رخصت هونا ـ روانه هونا ـ چلے جانا ـ انحراف کرنا
departed,مرحوم ـ گزرا هوا
department,محکمه ـ ضلع ـ علاقه
departmental,محکمے سے متعلق
departmentally,محکمه دارانه
departure,رخصت ـ روانگي ـ انحراف
depasture,مويشيوں کا چرنا ـ چرانا
depauperate,اخلاق بگاڑنا ـ غريب کرنا ـ محتاج کرنا ـ مفلس کرنا
depauperation,تخريب اخلاق
depauperize,ناداري سے نجات دلانا
depend,منحصر هونا ـ بھروسه رکھنا
dependable,قابل اعتماد
dependance,سهارا ـ آسرا ـ لگاؤ ـ انحصار
dependant,ماتحت ـ تابع ـ نوکر
dependence,دارومدار ـ انحصار
dependency,تابعداري ـ انحصار
dependent,تابع ـ محتاج
dephosphorize,فاسفورس دور کرنا
depict,صورت يا روپ اتارنا ـ بيان کرنا ـ سماں باندھنا
depicter,بيان کرنے والا ـ صورت اتارنے والا
depiction,محصوري
depictor,تصوير اتارنے والا
depicture,بيان کرنا ـ نقل کرنا ـ نقشه اتارنا
depilate,بال صاف کرنا ـ بال دور کرنا
depilation,بال کي صفائي
depilatory,بال صفا
deplenish,ختم کر دينا ـ خالي کرنا
depletable,ختم کرنے کے قابل ـ خالي کرنے کے قابل
deplete,خالي کرنا ـ ختم کر دينا ـ خون نکالنا
depletion,خون کا  اخراج
deplorable,قابل رحم ـ شرمناک ـ افسوس ناک
deplore,ماتم کرنا ـ افسوس کرنا ـ تاسف کرنا
deplorer,افسوس کرنے والا ـ ماتم کرنے والا
deploring,ماتم ـ افسوس
deploy,کام ميں لانا ـ کار گزاري دکھانا
deployment,ميدان جنگ ميں فوج کي ترتيب
deplume,پر اکھاڑ دينا ـ بے بال و پر کرنا
depone,تصديق کرنا ـ اظهار کرنا ـ گواهي دينا
deponent,حلفيه اظهار کر دينے والا ـ گواه
depopulate,ويران کرنا ـ اجاڑ کرنا ـ تباه کرنا
depopulating,ويران
depopulation,ويراني ـ آبادي کا خاتمه
depopulator,ويران کرنے والا
deport,جلا وطن کرنا ـ شهر بدر کرنا
deportable,شهر بدر کرنے کے قابل
deportation,شهر بدر هونا ـ جلا وطني
deportment,چال ڈھال ـ رکھ رکھاؤ ـ سلوک
deposable,برطرفي کے قابل
depose,موقوف کرنا ـ برطرف کرنا ـ معزول کرنا
deposer,برطرف کرنے والا
deposing,برطرفي
deposit,سپرد کرنا ـ امانت رکھنا ـ بيعانه
depositary,امانت دار ـ امين ـ تحويل دار
deposition,شهادت ـ گواهي ـ اطهار ـ برطرفي ـ عزل
depositor,امانت رکھانے والا ـ جمع کرانے والا
depository,ذخيره گاه ـ امانت خانه ـ گودام
depot,رسد گاه ـ خزانه ـ گودام
depravation,بداخلاقي ـ بگاڑ ـ کھوٹ
deprave,چال چلن خراب کرنا ـ بگاڑنا
depraver,خراب کرنے والا
depraving,خرابي
depravity,بدچلني ـ بگاڑ ـ کھوٹ
deprecate,ناپسند کرنا ـ توبه کرنا ـ غصه نه کرنے کي التجا کرنا
depreciation,ٹوٹ پھوٹ کي منهائي ـ روپے کي قيمت ميں کمي
depredation,تاخت و تاراج ـ لوٹ مار ـ غاري گري
depredator,تاخت و تاراج کرنے والا ـ غارت گر
depress,افسرده کرنا ـ اداس کرنا ـ ملول کرنا
depressant,خواب آور ـ مسکن
depressible,دبانے کے قابل
depression,اداسي ـ سستي ـ دباؤ ـ مندي
depressor,دبانے والا
depricatingly,ناپسنديدگي کا اظهار کرتے هوئے
deprication,ناپسنديدگي
depricative,ناپسندانه
depricatory,ناپسندانه
depriciate,دام گراناـ قيمت گھٹانا ـ کم قدري کرنا
deprivable,محرومي کے لائق
deprival,معزولي ـ محرومي
deprivation,برطرفي ـ محرومي
deprive,کسي نعمت سے محروم کرناـ چھين لينا
depriver,محروم کرنے والا
depth,عميق ـ فراست ـ گهرائي
depthcharge,وه حربه جو آبدوز کو گوائي ميں تباه کرنے کے لئے استعمال هوتا هے
depurate,ميل کاٹنا ـ پاک کرناـ صاف کرنا
depuration,تزکيه ـ صفائي
depurative,صاف کرنے والا
depurator,مصفي
deputation,وفد ـ مندوبين
depute,نائب بنا کر بھيجنا ـ نمائنده بنانا
deputize,وکالت کرنا
deputy,وکيل ـ نائب ـ امي€
deracinate,جڑ سے اکھاڑ پھينکنا ـ استيصال کرنا
derail,پٹري سے اتارنا
derailment,پٹري سے اترنا
derange,درهم برهم کرنا ـ الٹ پلٹ کرناـ پاگل کرنا
derangement,بے ترتيبي ـ پرا گندگي
derby,انگلستان کي سالانه گھوڑدوڑ
derelict,لوارٹ جھاز ـ چھوڑا هوا
dereliction,غفلت ـ قصور ـ کناره کشي
deriable,جس کے نسب کا سراغ لگانا ممکن هو
deride,چھيڑنا ـ کسي پر هنسنا ـ مذاق اڑانا
derider,مذاق اڑانے والا
deriding,مذاق
derision,تحفير ـ مذاق
derisive,حقارت آميز
derisively,حقارت آميزي سے
derivable,اخذ کرنے کے قابل
derivate,اخذ کرنا ـ نسب کرنا
derivation,اخذ ـ نسب ـ ارتقا
derivative,استخراج کيا هوا ـ مشق ـ فرعي
derive,اخذ کرنا ـ حاصل کرنا ـ نکالنا
deriver,حاصل کرنے والا ـ اخذ کرنے والا
deriving,حاصل ـ اخذ
derm,جلد ـ پوست ـ کھال
dermatologist,امراض جلد کا ماھر
dermatology,علم ساخت جلد
derogate,تحقير کرنا ـ بے وقار کرنا
derogation,بے وقري ـ مذمت ـ تحقير
derogatory,اهانت آميز ـ حقارت آميز
derrick,بھاري بوجھ اٹھانے کي ايک گل
derringer,چھوٹا مگر پيمانے کا پستول
dervish,درويش ـ قلندر
descant,تقرير کرنا ـ سار کے ساتھ لگانا
descend,نازل هونا ـ اترنا ـ اچانک حمله کرنا
descendant,کسي کي نسل سے هونا
descent,اتار ـ حمله ـ زوال ـ نسل ـ پشت
describable,قابل بيان ـ
describe,توصيف کرناـ بيان کرنا
describer,بيان کرنے والا
description,تذکره ـ کيفيت ـ تعريف
descriptive,تعريفي
descry,سمجھ لينا ـ دريافت کرنا ـ معلوم کرنا
desecrate,برے مقصد کے لئے وقف کرنا ـناپاک ـ بے حرمتي کرنا
desecration,ناپاکي ـ بے ادبي ـ بے حرمتي
desecrator,ناپاک کرنے والا ـ نجس کرنے والا
desert,عمل ـ کردار ـ قابليت ـ ويرانـ ترک کرنا ـ غائب کرنا
deserter,فرار هونے والا ـغائب هونے والا
desertion,بے وفائي ـ فراري
deserve,لائق هونا ـ سزا وار هونا
deservedly,واجبي طور پر ـ انصاف کي رو سے
deserving,قابل تعريف
desicate,خشک کرکے سفوف بنانا
desication,سکھانا ـ خشک کرنا
desicator,خشک کرنے والا
desiderate,کمي محسوس کرنا ـخواهش کرنا ـ چاهنا
desiderative,چاهنے والا ـ آرزو مند
desideratum,خواهش ـ مطلب ـ مدعا ـ حاجت
design,تجويز ـ تدبير ـ اراده کرنا ـقصد کرنا ـ خاکه اتارنا
designate,مقرر کرنا ـ متعين کرناـ نام رکھناـ موسوم کرنا
designation,نام ـ عهده ـ لقب
designedly,قصدا ـ ارادے سے ـ جان بوجھ کر
designee,خاکه بنانے والا
designer,خاکه بنانے والا ـ موجد
designing,فريبي ـ سازشي
desilverize,کسي چيز سے چاندي کا جزو عليحده کرنا
desipience,خيف الحرکائي ـ ناداني ـ بيوقوفي
desirability,پسنديدگي
desirable,دلپسند ـ مرغوبـ خاطر خواه
desirableness,مرغوبيت
desire,خواهش کرنا ـ آرزو رکھناـ تمنا کرنا
desireable,قابل التجا
desirer,خواهش کرنے والا
desirous,طالبـ آرزو مند ـ مشتاق
desist,کناره کرنا ـ باز آنا
desk,ڈھلوان ميز
desolate,برباد کرنا ـ اجاڑنا ـ ويران کرنا ـ غارت کرنا
desolateness,غير آباد هونا ـويراني
desolation,ويراني ـ تنھائي
despair,مايوسي ـ نااميدي ـ همت هارنا
despairingly,نااميدي سے
despatch,ترسيل روانگي ـ روانه کرناـ بھرتي
despatcher,ترسيل کرنے والا
despatching,ترسيل
desperado,غنڈه ـ بدمعاش
desperate,مايوس کنـ نااميد ـ بے آس
desperation,مايوسي ـ نااميدي
despicable,کمينه ـ حقير ـ پاجي
despicably,کمينگي
despise,نفرت کرنا ـ حقير جاننا
despiser,نفرت کرنے والا
despising,نفرت
despite,کينه ـ بغض ـ دشمني
despoil,محروم کرناـ لوٹ لينا  ـغارت کرنا
despoiler,لوٹنے والا ـ غارت کرنے والا
despoiling,غارت
despoliation,لوٹ مار
despond,مايوسي هونا
despondence,دل شکسته
despondency,مايوسي ـ دل شکستگي
despondent,دل شکسته ـ پست همت
despot,ظالم ـ جابر حکمران ـ
despotic,جابرانه
despotism,جبر ـ ظالم
dessert,ميوه شيرني بعد طعام
destination,منزل مقصود ـ منزل ـ ٹھکانه
destine,مامور کرنا ـ مقرر کرنا
destiny,مقدر ـ نصيب ـ بے نوا
destitude,بے نصيب ـ بے نوا ـ محروم
destitution,بے نصيبي ـ محرومي
destroy,برباد کرنا ـ تباه کرنا ـمسمار کرنا ـ فنا کرنا
destroyable,بربادي کے قابل
destroyer,برباد کرنے والا
destroying,تباهي
destroyingly,بربادي سے
destruct,فنا کرنا ـ تباه کرنا
destructible,برباد هونے کے قابل
destruction,باعث بربادي ـ بربادي
destructive,برباد کرنے والا ـ مهلک
destructor,کوڑا کرکٹ جلانے کا آتشدان ـ
desuetude,ناکاره هونا ـ متروک هونا
desulphurize,گندھک کا اثر دور کرناـ  گندھک عليحده کرنا
desultoriness,بے نظامي ـ بے ترتيبي
desultory,بے ترتيب ـ بے قائده ـ غير مسلسل
detach,الگ کرنا ـ جدا کرنا ـ فوجي دستے کو مهم پر بھيجنا
detachable,جدا کرنے کے قابل ـ الگ کرنے کے قابل
detacher,جدا کرنے والا ـ الگ کرنے والا
detaching,جدا کرنا
detachment,جدائي ـ عليحدگي ـ مفارقت
detail,تفصيل وار بيان کرناـ تفصيل ـ شرح ـکيفيت
detailer,مفصل بيان کرنے والا
detain,روک رکھنا ـ باز رکھناـ حراست ميں  رکھنا
detainee,باز رکھنے والا
detainer,حکم نامه حراست
detect,پته لگاناـ معلوم کرنا ـ واضع کرنا
detectable,قابل وضاحت
detecter,معلوم کرنے والا
detection,انکشاف ـ اظهار
detective,سراغرسانـ خفيه تفتيش لگانے والا
detector,کھوج لگانے والا
detent,روکنا ـ گرفتار  کرنا ـ حراست ميں لينا
detention,گرفتاري ـ مزاحمت ـ حراست
deter,ڈرا کر روکنا ـ باز رکھنا
deterge,زخم کو صاف کرنا
detergent,زخم کو صاف کرنا ـ صاف کرنا
deterger,صاف کرنے والا
deteriorate,خراب کرنا ـ بگاڑنا ـکم قدر کرنا
deterioration,زوال ـ خرابي
deteriorative,خڑاب کرنے والا
determent,مزاحمت ـ باز رکھنا
determinable,تصفيه کے لائق ـ حد بندي کے لائق
determinant,قطعي ـ فيصله ک€
determinate,تميز کرنے والا ـ محدود ـ مقرر شده
determination,حدود کا تعين ـ اراده
determinative,تيقن بخش ـ يقيني
determine,تعريف کرنا ـاحاطه کرنا ـراه پر لگانا
determined,محدود ـ مقرر ـ طے شده
determinism,عقيده جبريت
determinist,جبريه
deterrance,مانع هونا
deterrent,سدا راه ـ رکھنے والا ـ مزاحمت کرنے والا
detest,بے حد نفرت کرنا
detestable,قابل تعريف
detestation,سخت نفرت
detester,سخت نفرت کرنے والا
detesting,مخت نفرت
dethrone,اختيار شاهي چھين لينا  ـبے اختيا ر کرنا
dethronement,عليحدگي
dethroner,بے اختيا ر کرنے والا
dethroning,بے اختياري
detiersive,صاف کرنے والا ـ صفي
detinue,رکي هوئي چيز يا آدمي
detonate,زور سے پھٹنا
detonation,پھٹنے والا ماده
detonator,دھماکه کرنے والا
detort,بل دينا ـ مڑوڑدينا
detract,الگ کرنا ـ جدا کرنا ـ کھينچ لينا
detracting,کھنچاؤ
detraction,خفت ـ هتک ـ بدگوئي
detractor,بد نام کرنے والا
detrain,ريل سے اترنا
detriment,خرابي ـ ضرر ـ قباحت
detrimental,مضر ـ نقصان پھنچانے والا
detrition,نقصان ـ رگڑ سے گھس جانا
deuce,پائے کي دوا ـ تاش کي دوگي
deuteragonist,ڈرامے کا وه شخص جو هيرو سے دوسرے درجے پر هو
deuterogamist,عورت يا مرد جو دوسرا بياه کرے
deuterogamy,دوسرا بياه
deuteronomist,توريت کي پانچويں کتاب کا مولف
deuteronomy,توريت کا پانچواں کتاب
devastate,ويران کرنا ـ برباد کرنا ـ تباه کرنا
devastatingly,بربادي سے
devastation,ويراني ـ بربادي
develop,آشکار کرنا ـ کھولناـ افشاں کرنا ـ ظاهر هونا
developer,واضع کرنے والا ـ بڑھنے والا
development,ترقي ـ نشوونما ـتکميل
deviate,خلاف کرنا ـ انحراف کرنا ـپھرنا ـ تجاويز کرنا
deviation,تجاويز ـ انحراف
deviator,انحراف کرنے والا
device,دھوکا ـ فريب ـ صورت ـ ايجاد
devil,بھوت ـ خناس ـ ابليس ـ بد معاش
devilish,جهنمي ـ شيطاني ـ لعنتي
devilmaycare,بے پرواه ـ لاابالي طبيعت والا
devilment,شرارت ـ بے باکي ـ شيطاني
devilry,سحر ـ آسيب  ـ شرارت
devious,پيچ دار ـ دور افتاده
devisable,وصيت کي رو سے ـ قابل اختراع
devise,ايجاد کرنا ـتدبير کرنا ـ ترکيب سوچنا
deviser,موجد ـ ترکيب دينے والا
devisor,وصيت کرنے والاے
devitalize,بے کار کر دينا ـ قوت زائل کر دينا ـ بے جان کر دينا
devitalizing,بے جا€
devoid,محروم ـ خالي
devolute,وراثتا ـ منتقل کرناـ سپرد کرنا ـ منتقل کرنا
devolution,سپردگي ـ ورثه ـ تنزل
devolve,عائد کرنا ـ ذمه هونا يا کرنا ـ ورثه ميں ملنا
devote,نذر کرنا ـصدقه کرنا  ـ تصديق کرنا ـ نثار کرنا
devoted,نذر کيا هوا ـ فدا ـ قربا€
devotee,زائد ـ عابد ـ پرستار
devoting,پرستاري
devotion,دينداري ـ عبادت ـ زهد
devotional,عشق الهي کا ـ دين درانه
devotionalist,منفي ـ پرهيزگار ـ مست خدا
devour,نگل جانا ـ کھا جانا ـ هڑپ کرنا
devourer,نگلنے والا ـ هڑپ کر جانے والا
devout,ديندار ـ خدا پرست ـ نمازي ـ عابد
devoutly,دينداري
devoutness,صدق ـ اخلاصي ـ خدا پرستي
dew,شبنم ـ اوس ـ تازگي ـ شبنم پڑنا
dewdrop,شبنم کا قطره
dewiness,تراوٹ ـ شبنم سے تر هونا
dewlap,جانوروں کي لٹکي هوئي گلے کي کھال ـ غضب
dewy,اوس سے بھيگا هوا يا تر
dexter,ديئيں هاتھ کا
dexterity,هنر مندي ـ کاريگر
dexterous,چالاک ـ تيز ـ ماهر
dexterously,مهارت سے
dhow,ايک مستولي جھاز
diabetes,ذيابطيس ـ شکر کي ذيادتي ـ پيشاب ميں شکر کا آنا
diabetic,ذيابطيس کا مرض
diabolic,شيطاني
diadem,تاج ـ مکٹ
diagnosable,قابل تشخيص
diagnose,تشخيص کرناـ علامات سے معلوم کرنا
diagnoseable,قابل تشخيص
diagnosis,بيماري کا پته لگانا
diagonal,قطر ـ وتر ـ زاويه قائمه سے منحرف
diagram,نقشه ـ صورت ـ خاکه
diagraph,نقشے کو بڑا کرنے کا آله
dial,دھوپ گھڑي ـ بھاپ ناپنا
dialect,زبان ـ بولي ـ مقامي زبا€
dialectic,مقامي زبان سے متعلق ـ عام کلام سے متعلق
dialectician,نفاذ ـ عام کلام کا ماهر
dialectology,زبان داني ـ مقامي زبان اور محاورات کا علم
dialer,بھاپ ناپنے کا آله
dialetologist,کسي علاقے کي زبان کا مخفف ـ مقامي زبان کا ماهر
dialog,بات چيت
dialoger,گفتگو کرنے والا
dialogic,بات چيت کے متعلق
diameter,قطر ـ خط جو مرکز سے محيط تک جائے
diametrical,قطر کي شکل کا
diamond,الماس ـ الماس کي قلم يا ريزه ـ اينٹ کا رنگ ـ شادي کے ساٹھويں سال کا جش€
diamondiferous,الماس خيز ـ الماس پيدا کرنے والي
diana,شهسوار شکاري عورت
diantiness,عيش پسندي ـ نفاست
diaphanous,صاف ـ شفاف ـ چمکدار
diaphoretic,پسينه لانے والي دوا
diaphragm,پرده شکم
diarchy,دو علمي حکومت
diarist,محرر پوليس
diarrhea,تحفه  ـ اسهال
diary,روز نامچي
diatribe,کسي چيز کي برائيوںکا اظهار ـ گاليوںکي بوچھاڑ
dibber,کدال ـ سبل
dibble,ايک قسم کي کدال جس سے زمين تضم ريزي کيلئے تيار کي جاتي هے ـ زمين تيار کرناـ زمين ميں بيج بونا
dibs,بھيڑ کے پائے کي هڈياں جس سے بچے ايک کھيل کھيلتے هيں ـ دھات کے ٹوک€
dice,مرناـ انتقال کرناـ ختم کرناـ مرده
dicebox,پانسه پھينکنے کي گلاس نما ڈبيا
dicer,جواري
dicetist,اس عقيدے کا ماننے والا که حضرت عيسي عليه السلام کا جسم انساني نهيں بلکه نوري تھا
dichroic,دو رنگا ـ دو رنگ نما
dichromatic,دورنگي
dichromic,دو رنگ بي€
dickens,جن ـ بھوت ـ ابليس
dickey,قميض کے سامنے کا حصه
dicky,خرابـ بوسيده
dictaphone,تقرير محفوظ کرنے والا آله
dictate,حکم چلاناـ حکم لگاناـ من ماني شرطيںمنوانا
dictation,املا ـ تحرير ـ حکم نامه
dictator,نادري حکم دينے والا
dictatorial,آمرانه
dictatorship,شخصي فرمائروائي ـ آمريت
diction,الفاظ کي چست بندش ـ الفاظ کا بر محل استعمال ـ زبان  ـطرز تحرير
dictionary,کسي زبان کي لغت ـ لغاتـ قاموس ـ فرهنگ
dictum,دعوي ـ قول ـ کهاوت
did,کرنا ـ کيا
didactic,هوش افزا ـ عبرت آميز
diddle,دھوکا ديناـ فريب دينا
diddler,فريب دينے والا
diddling,فريب
didst,کيا تھا
die,مرناـ وفات پانا ـ ختم هوناـ چھاپ ـ پانسه
diehard,مشکل سے هونا
diet,قومي يا بين الاقوامي کانفرنس ـ خوراک ـ غذا
dietary,شفا خانه ـ قيد خانه
dietetic,پرهيزي غذا کے متعلق
differ,الگ هونا ـ اختلاف هوناـ فريق هوناـ فرق هونا
difference,فرق ـ تقاوت ـ فساد
different,مختلف ـ اختلاف ـ بے جوڑ ـ الگ
differential,امتيازي ـ اختلافي
differentiate,فصل هونا ـفرق هونا
differentiation,تفريق ـ امتياز
difficult,دو بھر ـ بھاري  ـمشکل ـ سخت ـ ديوار
difficultly,ديواري ـ دقت ـ تنگي
difficulty,ديواري ـ تنگي ـ دقت
diffidence,شرميلا پن ـ لحاظ ـ حجاب
diffident,اپنے اوپر بھروسه نه رکھنے والا ـ بد گمان ـ وسواسي
diffuse,نشر کرناـ منتشر هونا
diffuser,نشر کرنيوالا ـ منتشر کرنے والا
diffusing,نشر
diffusion,طول ـ انتشار ـ پھيلاؤ
diffusive,منتشر کرنے والا
dig,خالي کرنا ـکھوکھلا کرناـ کھودنا
digamist,دو جوروؤںوالا
digamy,دو بيوياں رکھناـ دوسري شادي
digest,آراسته کرناـسدھارناـ مرتب کرنا ـ ترتيب ديناـ هضم کرنا ـ برداشت کرنا ـتحليل کرنا
digester,مرتب کرنے والا ـ سدھارنے والا
digestible,قابل هضم ـ قابل برداشت
digestion,انتظام ـ ترتيب ـ هاضمه ـ قوت هضم
digestive,هاضم ـهضم ميں معاو€
digger,سونے کي تلاش ميں کھونے والا ـکھودنے والا
digging,کھدائي
dight,سجانا
digit,انگلي ـ انگوٹھا
digitate,پنج انگليا ں ـ پنجه نما
digitigrade,پنجوں پر چلنے والا
dignified,حرمت
dignify,حرمت دينا ـ لائق بنانا
dignitary,بڑا پادري ـ معزز افسر
dignity,عظمت ـ شوکت ـ جاه
digress,تجاويز کرنا ـانحراف کرناـ هٹ جانا ـ بهک جانا
digression,لغزش ـ تجاويز ـ انحراف
dikdik,روک ـ بند
dike,بند
diker,پشته  ـبند
dilapidate,برباد کرناـ منهدم کرنا ـ ويران کرناـ بغير مرمت چھوڑ ديناـ تلف کرنا
dilapidation,خرابي ـ انهدامـ ويراني ـ بربادي
dilapidator,ويراني کرنے والا
dilate,کھولنا ـ بڑھانا ـچوڑا کرنا ـ پھيلنا ـ مفصل کرنا
dilater,مفصل کرنے والا
dilation,تفصيل بڑھاؤ
dilator,وه پٹھا جو کسي عضو کو پھيلائے
dilatory,وقت ضائع کرنے والا
dilemma,گونگوں کا مقابله ـ دونوں طرح مشکل
dilettante,فنون لطيفه کا لائق
diligence,سرگرمي ـ کوشش ـ محنت
diligent,سر گرم ـ محنتي
diligently,سرگرمي سے
dilly,بے مقصد پھيرنا
diluent,کمزور کرنے والا
dilute,پتلا ـ رقيق ـ کمزور
diluter,رقيق کرنے والا ـ کمزور کرنے والا
diluting,کمزوري
dilution,پاني کي آميزش ـ رقت
dilutor,هلکا کرنے والا
diluvial,طوفاني ـ سيلاب سے متعلق ـ طوفاں نوح کا
dim,بے آب ـ تاريک ـ دھندلي ـ دھيمي
dime,امريکه کا چاندي کا سکه
dimension,عرض ـ طول ـ جسامت
diminish,کم کرنايا هونا ـ کوتاه کرنا
diminution,زوال ـ گھاٹا ـ کمي
diminutive,اسم تصغير ـ کوتاه ـ ذرا سا ـ چھوٹا
dimmish,بھجا بھجا ـ دھندلا سا
dimness,دھندلکا ـ تاريکي ـ دھندلا پ€
dimple,گال يا ٹھوڑي پر گڑھا پيدا هونا
dimply,جھنجھناهٹ ـ غوغا ـ شور غل ـ هلڑ مچانا
dinar,دينار
dine,دعوت ميں کھانا ـ ضيافت کرنا
diner,دعوت کرنے والا
ding,ٹن ٹن کرنا
dingdong,گھڑياں يا گھنٹي کي دهري آواز
dingey,ٹوکرا ـ ٹونگا
dinghy,چھوٹي کشتي ـ ٹوکرا ـ ڈونگا
dinginess,تاريکي ـ ميلاپ€
dingle,دره ـ پھاڑوںکا تنگ راسته
dings,خوش خبري ـ نويد
dingy,سياه ـ تاريک
dinky,خوبصورت ـ خوشنما
dinner,دعوت ـ ضيافت ـ شام کا کھانا€
dint,چوٹ کا نشان ـ زور ـ طاقت
diocesan,پادري کا علاقه
dip,غرق کرنا ـغوطه ديناـ سمندر ميں نهانا ـ ترکرنا
dipensible,ناقابل اعتنا ـ غير ضروري ـ چھوڑنے کے لائق
diphtheretis,خناق ـ حلقوري
diphtheria,حلق کي بيماري
diphthong,ٹائپ کے دو يا زائده ملے هوئے حروف
diploma,سند ـ صداقت نامه
diplomacy,حکمت عملي  ـ عياري
diplomaed,مستند ـ سند يافته
diplomate,سياست دا€
diplomatic,سند قابليت کے متعلق ـ بين الاقوامي تعلقات کے متعلق ـ زمانه شناس
diplomatically,زمانه شناس سے
diplomatist,سفير ـ وکيل
dipper,ڈبکي مارنے والا ـ غوطه خور ـ چمچه
dipurator,مصفي
dire,هيبت ناک
direct,سيدھا باندھنا ـ سدھارنا ـ رهنمائي کرنا
directer,احکامات جاري کرنے والا
direction,رهنمائي ـ هدايت
directive,حکم نامه ـ هدايت نامه
directly,ناک کي سيده ـ براه راست ـ فوراََ ـ صراحنا
director,کمپني کے انتظاميه کا رکن ـ مننظم ـ ناظم ـ مريد
directorail,انتظاميه کے بارے ميں ـ ناظم کے متعلق
directorate,نظامت کا دفتر ـ ناظم کا عهده
directorial,انتظاميه کے بارے ميںـ ناظم کے متعلق
directory,کتاب هدايت ـ دستورالعمل ـ هدايت کرنے والا ـمحکمه ٹيلوفون کي کتاب
directrix,مهتمه ـ ناظمه
direful,خوفناک ـ وحشتناک
direfully,خوف سے
direly,خطرناک طور پر ـ مهلک طور پر
direr,خوف پھيلانے والا
dirge,تدفين کے وقت کا گانا ـ ماتمي راگ
diriment,باطل کرنے والا ـ منسوخ کرنے والا
dirk,پيش قبض ـ قرولي ـ کٹار
dirt,خاک ـ ميل ـ نجاست ـ مٹي
dirty,مکدر ـ گدلا ـ غليظ
dirtywork,بے ايماني
disability,بے اختياري ـ مجبوري ـ نااهليت ـ معذوري ـ ناتوائي
disable,بے اختيار
disablement,امتناع ـ معذوري
disabuse,خيال خام دور کرنا
disadvantage,غير مفيد ـ قصور ـ دقت
disadvantageous,موافق ـ مضر ـ غير مفيد
disaffect,بگڑا هوا ـ مخالف
disaffection,بد انديشي ـ دشمني ـ بے اطميناني
disaffirm,ماننے سے انکار کرناـ منسوخ کرنا
disaffirmation,سابقه حکم ماننے سے انکار
disafforest,جنگل کو قانونا معمولي زمين قرار دينا
disagree,مختلف رائے دينا ـ الگ هو جانا ـ ناساز گار
disagreeable,ناپسند ـ ناموافق
disagreement,نااتفاقي
disallow,ممنوع قرار دينا ـ نامنظور کرنا
disappear,غائب هونا ـ ناپيد هونا
disappearance,گمشدگي ـ غيبت
disappoint,وعده خلافي کرنا ـ نااميد کرنا ـمايوسي کرنا
disappointing,مايوس ک€
disappointment,مايوسي
disapprobation,نفرت ـ ناخوشي
disapproval,نارضامندي ـ ترديد
disapprove,ناپسند کرنا ـمذمت کرنا
disapprovingly,ناپسنديدگي سے
disarm,هتھيار چھين لينا
disarmament,سامان حرب پر پابندي
disarmer,هتھيار چھيننے والا
disarrange,نے ترتيب کرنا ـ الٹ پلٹ کرنا
disarrangement,گڑ بڑ ـ ابتري
disarray,برهنگي ـ ابتري
disassociate,الگ کرنا ـعليحده کرنا
disassociation,عليحدگي
disaster,شامت ـ آفت ـ بدنصيبي
disastrous,آفت انگيز ـ مصيبت خيز
disavow,انکار کرنا ـ ترديد کرنا
disavowal,نامنظوري ـ ترديد
disband,جواب دينا ـ موقوف کرنا
disbarment,اخراج
disbelief,انکار ـ بے اعتباري
disbelieve,يقين نه کرنا ـ نه ماننا
disbeliever,بے ايمان ـ بے يقين ـ کافر
disbelieving,بے اعتباري
disburden,بوجھ هلکا کرنا ـ سبکدوش کرنا
disburse,خرچ کرناـ صرف کرنا
disbursement,خرچ ـ صرف
disburser,خرچ کرنے والا ـ صرف کرنے والا
discard,بد رنگي ميں نکالنا ـ بر طر ف کرنا
discern,معلوم کرناـ فرق نکالنا ـ امتياز کرنا ـتاڑ لينا ـ جان لينا
discernable,قابل شناخت
discerner,شناخت کرنے والا
discernible,قابل امتياز
discerning,دانشمند ـ هوشيار
discernment,فهم ـ ذکاوت ـ فراست
discharge,سبکدوش کرنا ـموقوف کرنا ـبندوق چلانا
dischargeable,برطرف کرنے کے قابل
discharger,برطرف کرنے والا
disciple,مريد ـ چيلا ـ شاگرد
disciplinarian,مودبـ سخت گير  ـ قواعد دا€
disciplinary,تاديبي ـ انضباطي
discipline,نظم و ضبط ـ ادب ـ تهذيب ـ تابعداري
discipliner,نظم و ضبط بر قرار رکھنے والا
disclaim,دعوي ترک کرناـ انکار کرنا
disclaimant,انکار کرنے والا
disclaimer,انکار ـ اعلانـ بے تعلقي کا اظهار
disclamation,انکار
disclose,افشا کرنا ـدکھانا ـکھولنا ـظاهر هونا
discloser,ظاهر کرنے والا
disclosing,ظاهر کرنا
disclosure,اعلان ـ اظهار
discolor,رنگ بدلنا ـ بد رنگ کرنا
discoloration,بد رنگي
discomfit,مغلوب کرنا ـپريشان کرنا
discomfiture,مات ـ هار ـ شکست
discomfort,دکھ ـ بے چيني
discomforting,بے چيني ـ تکليف
discompose,الجھن ميں ڈالنا ـ مضطرب کربا
discomposure,بے چيني ـ بے کلي
disconcert,کام بگاڑ دينا ـ پريشان کرنا
disconcerting,بد حواسي
disconcertingly,بے چيني سے
disconcertment,بے چيني
disconnect,الگ کرنا ـمنقطع کرنا ـکاٹ دينا
disconnected,جدا کيا هوا ـمنقطع
disconnecting,عليحدگي
disconnection,بے تعلقي
disconsolate,اداس ـ دلگير ـ فکر مند
disconsolately,افسردگي سے
discontent,بے چيني ـ بے قناعي ـ بے قرار
discontented,بے قرار ـ ناخوش
discontentednes,بے اطميناني
discontentment,ناخوشي
discontinuance,موقوفي ـ ترک
discontinuation,معطلي
discontinue,بند کرنا ـترک کرنا ـ چھوڑ دينا
discord,بے آهنگي ـ ناچاقي  ـنا اتفاقي
discordance,اختلاف
discordant,ناموزوں ـ مخالف
discount,کٹوتي ـ چھوٹ ـ روکھ€
discountable,قابل تحرير
discountenance,شرمنده کرناـ غيرت دلانا
discounter,سود کھانے والا ـ ساهوکار
discourage,دل شکسته کرنا ـ دل موڑنا ـ حمايت نه کرنا
discouragement,مايوسي
discouraging,مايوس
discouragingly,مايوسي سے
discourse,تقرير کرنا ـ بات چيت کرنا ـگفتگو کرنا
discourser,بات چيت کرنے والا
discourteous,بد خلق ـ بے ادب ـ بد تميز
discourteously,بد تميزي سے
discourtesy,روکھا پن ـ بد اخلاقي
discover,معلوم کرنا ـظاهر کرنا
discoverable,قابل تحقيق
discoverer,معلوم کرنے والا
discovery,انکشاف ـ دريافت
discredit,بے اعتمادي ـ بد نامي
discreditable,رسوائي کے قابل
discreet,هوشيار ـ محتاط
discreeter,محتاط رهنے والا
discrete,تميز کرنا ـ امتياز کرنا
discretion,تميز ـ امتياز
discriminate,الگ کرناـ جدا کرنا ـامتياز کرنا
discrimination,تفريق ـ امتياز
discriminative,امتياز کرنے والا
discriminator,امتياز کرنے والا
discursive,معقول ـ پيچ دار
discus,لوهے کا گردا
discuss,گفتگو کرنا ـبحث کرنا ـکلام کرنا
discussion,مباحثه
disdain,حقير جانناـ حقارت سے ديکھنا
disdainful,ذليل ـ نفرت
disdainfully,نفرت انگيزي سے
disease,مرض ـ بيماري
disembark,جھاز سے  ساحل پر اتڑنا
disembarkation,جھاز سے اتڑنا يا اتارنا
disembarrass,پريشاني سے نکالنا ـ نجات دلانا
disembody,آذاد کرنا ـبرخاست کرنا ـنکال دينا
disembowel,آنتيںنکالنا
disemploy,بے کار کرنا ـ بر خاست کرنا
disempower,بے طاقت کرنا ـ بے اختيا ر کرنا
disengage,چھوڑنا ـ آذاد کرنا ـ الگ کرنا
disengagement,رهائي ـ عليحدگي
disentangle,خلاصي ديناـ چھڑانا
disentanglement,حل ـ خلاصي
disenthrall,نجات دلانا
disentitle,حق چھين لينا
disfavor,ناخوشي ـ ناراض هونا
disfiguration,بد صورتي ـ بد نمائي
disfigure,شکل بگاڑنا ـ بد صورت کرنا
disfigurer,بگاڑنے والا
disfranchise,حقوق شهر يت سے چھين لينا ـ حق رائے سے محروم کرنا
disfranchiser,حق رائے دهي سے محروم کرنے والا
disgorge,اگلنا ـاگلوانا
disgrace,شرم کي بات ـ بے عزتي ـ کم قدر کرنا  ـ کم قدر کرنا ـذليل کرنا ـ باعث شرم هونا
disgracer,ذليل کرنے والا ـ قدر کم کرنيوالا
disgruntled,اداس ـ برهم ـ غير مطمئ€
disguise,روپ بدلنا ـ چھمانا
disgust,نفرت دلانا ـمتفر کرنا
dish,تھالي ـ رکابي ـ کھانا نکالنا
disharmony,بئ آهنگي ـ بے سرا پ€
dishearten,مايوسي کرناـ نااميدي
dishevel,بال بکھيرنا ـ بال نوچنا
dishevelled,پريشان بالوں والا
dishonest,امانت ميں خيا نت کرنے والا ـ بے ايما€
dishonestly,بد کاري ـ مکاري سے
dishonesty,بد کاري ـ خيانت ـ بے ايماني
dishonor,بے آبر کرنا ـرسوا کرنا ـانکار کرنا
dishonorable,ذليل ـ بے عزت
dishouse,گھر چھين لينا  ـ بے گھر کرنا
dishup,کھان  دستر خوان پر چننا ـ واقعا ت کو دلکش دلائل ميں بيان کرنا
dishwasher,برتن مانجھنے والا
disillusion,غلط فهمي دور کرنا ـ وهم دو ر کرنا
disillusionment,وهم کا ازاله
disinclination,نفرت ـ بے رعبتي
disincline,رجوع نه کرنا ـدور رهنا ـ بے رخ هونا
disinfect,جراثيم دور کرنا
disinfectant,جراثيم کش دوا
disinfection,جراثيم کا ازاله کرنا
disinformation,غلط اطلاع ـ غلط خبر
disingenuous,زمانه ساز ـ ذليل
disinherit,عاق کرناـ محروم وراثت کرناا
disintegrate,ايک دوسرے سے عليحده کرنا
disintegration,اجزا کا الگ هوجا نا ـ انتشار ـ تجزيه
disinter,قبر سے مرده نکالنا ـ تفتيش سے معلوم کرنا
disinterest,دلچسپي نه لينا ـ توجه هٹانا
disinterested,غير جانبدار ـ بے لوٹ ـ بے غرض
disinterment,کھود کر نکالنا
disjoin,الگ کرنا ـعليحده کرنا
disjoint,سلسله توڑنا ـ جوڑ جوڑ الگ کرنا
disjunct,عليحده کرنا ـالگ کرنا
disjunction,مفارقت ـ عليحدگي
disjunctive,عليحده کرنے والا
dislike,نفرت ـ نا پسنديدگي
disliker,نفرت کرنے والا
dislocate,جگه سے بے جگه کرنا ـهٹانا ـ موچ آنا
dislocation,هڈي اتر جانا ـموچ
dislodge,نکال دينا ـ مکان ميں رهنے نه دينا
dislodgement,اپني جگه سے عليحدگي ـ نکالا جانا
disloyal,غدار ـ باغي ـ بے وفا
disloyalist,باغي ـ غدار ـ سرکش
disloyalty,غداري بغاوت
dismal,بھيانک ـ هولناک ـ افسرده
dismaler,بد قسمت ـ افسرده کرنے والا
dismantle,حفاظت سے محروم کرنا ـننگا کرنا
dismast,مستول گرا دينا
dismay,خوف زده کرنا ـهمت توڑنا ـدبانا
dismember,جوڑ جوڑ الگ کرنا
dismemberment,عضو عضو الگ کرنا
dismiss,رخصت کرنا ـ بر خاست کرناـ ملامت سے عليحده کرنا
dismissal,مقدمه خارج کرنا
dismissible,قابل برطرفي
dismission,مقدمه خارج هونا
dismount,نيچے آنا  ـ نا زل هونا
dismountable,نيچے اتارنے قابل
disobedience,نافرماني
disobedient,نافرمان ـ سر کش
disobey,نافرماني کرناـ سرکشي کرنا
disobeyer,نافرماني کرنے والا
disoblige,ناخوش کرنا ـناراض کرنا
disobliging,بے مروت ـ لحاظ نه رکھنے والا
disobligingly,بے اعتنائي سے ـ رکھائي سے
disorder,بے ترتيب کرنا ـدرهم برهم کرناـ الٹ پلٹ کرنا
disorderliness,بے ضابطي ـ بے ترتيبي
disorderly,بے ترتيب ـ درهم برهم
disorganization,انتشار ـ ابتري ـ بد انتظامي
disorganize,ابتري ميں ڈالنا ـ توڑنا ـبے ترتيب کرنا
disorganizer,توڑنے ولا ـ بے ترتيب کرنے والا
disown,قبول نه کرناـ انکار کرنا ـ نه ماننا
disparage,بد نام کرناـ کم قدر کرنا
disparagement,بدنامي ـ بے قدري
disparity,اختلاف ـ فرق ـ عدم مساوات
dispart,توپ کا ڈھلوان قطر ـ عليحده هونا ـجدا کرنا
dispassionate,ٹھنڈے دل سے  ـ پر سکو€
dispassionately,بے تعصبي سے
dispatch,روانه کرناـ ترسيل روانگي ـ مراسله
dispatchdes,عجلت سے کرنا ـجلد کرنا
dispatcher,بھيجنے والا
dispel,دل سے برے انديشوں کو نکالنا ـخطرات کو دور کرنا
dispensable,چھوڑنے کے لائق
dispensary,دوا خانه
dispensation,قسمت ـ نصيب
dispense,دے دينا ـ تقسيم کرنا ـتيار کرناـ معافي نا مه تيار کرنا
dispenser,انصاف کرنے والا ـ دوا فروش
dispensible,ناقابل اعتنا ـ غير ضروري ـ چھوڑنے کے لائق
dispersal,شکست ـ پر گندگي ـ انتشار
disperse,منتشر کرنا ـپھيلانا ـ بھگا دينا
dispersion,پريشاني ـ انتشار
dispirit,مايوس کرنا ـدل توڑنا
displace,عهدے سے هٹانا ـنکال باهر کرنا ـ موقوف کرنا ـ قائم مقام بنانا
displacement,برطرفي ـ معزولي
display,ظاهر کرنا ـ نمود کرنا ـنمائش کرنا ـ دکھانا
displayable,دکھانے کے قابل
displease,بيزار کرناـ خفا کرنا ـ رنجيده کرنا
displeasing,گھناؤنا ـ نا خوشگي
displeasure,نا خوشي ـ غصه ـ ناراض کرنا
dispnoeic,ضيق النفس کا مريض
disport,دل بهلانا ـخود کي نمائش کرنا ـ کھيلنا
disposable,قابل فروخت ـ قابل ترک
disposal,فيصله ـ ترک ـ سپردگي
dispose,مرتب کرنا ـ آراسته کرنا ـ مائل کرنا
disposer,مرتب کرنے والا ـ سنوارنے والا
disposition,برتاؤ ـ قابو
dispositive,برتاؤ کرنے والا
dispossess,محروم کرنا ـ خارج کرنا ـ دخل کرنا
dispossession,جن يا بھوت سے نجات ـ محرومي
dispossessor,بے دخل کرنے والا
dispossessory,بے دخلي
dispraise,مذمت کرنا ـ بد نام کرنا
disproof,رد کرنے والي دليل ـ ترديدي ثبوت
disproportion,بے هنگم ـ ناموزں ـ بے اندازه
disproportionat,ناموزں ـ غير متنا سب
disprovable,بخت طلب
disprove,غلط ثابت کرنا ـ باطل کرنا
disputable,قابل بخت ـ قابل تکرار
disputant,تکرار کرنے والا
disputation,تکرار ـ جھگڑا ـ بخت
disputatious,بخت کرنے والا ـ حجتي
dispute,مناظره کرناـ تکرار کرنا ـ بحث کرنا
disputer,جھگڑا کرنے والا ـبخت کرنے والا
disqualificatio,بے مقدري ـ نا قابليت
disqualified,نالائق
disqualify,نالائق قرار دينا ـ ناقابل ٹھرانا
disquiet,بے چين کرنا ـ پريشان کرنا ـ بے آرام کرنا
disquisition,تجسس
disregard,لحاظ نه کرنا ـنظر انداز کرنا ـاهميت نه دينا
disrelish,ناپسند ـ کراهت ـ نفرت ـ کراهت کرنا
disrepair,بوسيدگي
disreputable,بے آبرو ـ نامعقول ـ بد نام
disrepute,بد نامي ـ رسوائي ـ بے قدري
disrespect,بے قدري ـ گستاخي
disrespectable,بے عزتي کے قابل
disrespectful,بے ادب گستاخي
disrespectfully,بے ادبي سے ـ گستاخي سے
disrobe,عرياں کرنا ـبرهنه کرنا
disrober,برهنه کرنے والا
disrupt,منتشر ـ شق کرنا
disrupter,منتشر کرنے والا
disruption,انتشار
disruptive,انتشار پيدا کرنے والا
dissatisfaction,بے اطميناني ـ نا راضگي
dissatisfied,غير مطمئ€
dissatisfy,ناراض کرنا ـبيزار کرنا
dissect,چھيرنا پھاڑنا ـ چاک کرنا€
dissection,چير پھاڑ
dissector,چير پھاڑ کرنے والا
dissemble,بھيس بدلنا ـ پوشيده کرنا ـمکر کرنا
dissembler,ريا کار
dissembling,ريا کاري
disseminate,بکھيرنا ـ اشاعت کرنا ـمشتهر کرناـ شهرت دينا ـتخم داري کرنا
dissemination,تخم ريزي ـ پرچار
dissent,ايک رائے نه هونا ـ اختالاف ـ اعتراض کرنا
dissenter,اختلاف رائے کرنے والا
dissentient,غير متفق
dissention,اختلاف رائے کي بنا پر تکرار يا جھگڑا هونا
dissert,مضمون لکھنا
dissertation,مقاله  ـتحرير  ـ مضمو€
disserve,بد سلوکي کرناـ ضرر پهنچانا
disservice,ضرر رسائي ـ بد سلوکي
dissever,بد سلوکي کرنے والا ـ ضرر پهنچانے والا
dissidence,مخالف ـ ناموافقت
dissident,مخالف رائے رکھنے والا
dissimilar,غير مشابه ـ جدا
dissimilarity,فرق ـ اختلاف
dissimilate,فرق کرنا ـاختلاف کرنا
dissimilitude,اختلاف ـ فرق
dissimulate,منافقت کرنا ـريا کاري کرنا
dissimulation,مکاري ـرياکاري
dissimulator,مکار
dissipate,برباد کرنا ـ دولت اڑانا
dissipater,برباد کرنے والا  ـغائب کرنے والاـ دولت اڑانے والا
dissipation,برباد ـ غائب
dissipative,اڑانے والا ـ ضائع کرنے والا
dissipator,برباد کرنے والا ـ منتشر کرنے والا
dissociate,ميل جول نه کر  رکھنا ـ جدا کرنا
dissociation,جدائي ـ بے تعلقي
dissociative,اتفاق نه کرنے والا
dissoluble,تحليل پذير ـ حل هونے کے قابل
dissolute,بد معاش ـ بد چلن ـ بدکار
dissoluteness,بد چلني
dissolution,شکست معاهد ه ـ موت ـ تحليل
dissolutive,تفريق کرنے والا
dissolvable,قابل تحليل
dissolve,گلانا ـ کمزور کرنا ـ منسوخ کرنا
dissolvent,گداز کرنے والي ـ وه چيز جو کسي دوسري چيز کو پھگلا دے
dissonant,ان مل ـ بے سرا ـ بے جوڑ
dissuadable,باز رکھنے کے قابل
dissuade,کسي کام سے باز رکھنا ـمنع کرنا
dissuader,باز رکھنے والا
dissuasion,روکنا ـ باز رکھنا
dissuasive,باز رکھنے والا
distaff,تکلا ـ چرخه کا ايک حصه
distance,فاصله ـ دو مقام ـ عرصه
distant,سرد مهر ـ فاصله پر
distaste,نفرت ـ کراهت
distasteful,ناگوار ـ ناپسند
distastefully,ناگواري سے
distemper,بيمار کرنا ـ پلاستر پر رنگ کرنے کا مساله يا طريقه
distend,بھول جانا ـ هوا بھر کر پھيلانا
distensible,پھول جانے کے قابل
distension,پھيلاؤ
distill,مقطر کرناـ جوهر نکلنا
distillable,قابل مقطر
distillate,شراب کشيد کرنا
distillation,شراب کي کشيد ـ عرق کشي
distiller,شراب کشيد کرنے والا
distillery,شراب کشيد کرنے کا کار خانه
distinct,ظاهر ـ واضع ـ صاف
distincter,ظاهر کرنے والا
distinction,امتياز ـ تميز ـ فرق
distinctive,امتيازي ـ مختص
distinguish,تقسيم کرنا ـ تميز کرنا ـشناخت کرنا
distinguishable,قابل شناخت
distort,حليه بگاڑنا ـ مسخ کرنا ـ غلط بياني کرنا
distortable,بگاڑنے کے قابل
distorter,بگاڑنے والا ـ مسخ کرنے والا
distorting,بگاڑ
distortion,بگاڑ ـ توڑ موڑ
distortionist,نٹ بازي کرنے والا ـ اپنے اعضا کو توڑ مروڑ کر دکھانے والا
distract,توجه پھيرنا ـ آپے سے باهر هونا
distractingly,ديوانگي سے
distraction,اضطراب ـ پريشاني
distractive,پريشان کرنے والا
distrain,قرقي دلانا ـقرق کرنا
distraint,گھر کے سامان کي ضبطي ـ قرقي
distrait,سنکي ـ خيال ميں گم
distress,تکليف دينا ـ پريشاني ميں مبتلا کرنا
distressful,پر درد ـ تکليف ده
distributable,قابل تقسيم
distribute,تقسيم کرنا ـ بانٹنا
distributer,مهيا کرنے والا ـ تقسيم کرنے والا
distribution,درجه بندي ـ پھيلاؤ ـ تقسيم
distributive,تقسيم کے لائق ـ حرف تقسيم
distributor,تقسيم کرنے والا
district,ضلع ـ حلقه ـ خطه
distrust,بھروسه نه کرنا ـ نه کرناـ بد گماني کرنا
disturb,پريشان کرنا ـخلل ڈالنا ـالجھن ميں ڈالنا
disturbance,خلل ـ فساد ـ مزاحمت
disturber,خلل ڈالنے والا
disunion,جدائي ـ پھوٹ ـ ناچاقي
disunite,الگ کرنا ـ نفاق ڈالنا
disuniter,نفاق ڈالنے والا ـ الگ کرنے والا
disuse,بے استعمالي ـ چھوڑديناـ ترک کرنا
ditch,خندق ـ ناله ـ بد رو کرنا
ditcher,خندق کھودنے والا
ditheism,خير و شر کو دو مستقل قوتيںماننا ـ خير و شر کي کشمکش
ditto,علي هذالقياس ـ ايضا
dittography,کتاب يا نقل نويس کا کسي لفظ يا جمله کا دوباره لکھ جانا
ditty,گيت ـ راگي
diurnal,روز کرنا ـروزانه
divaricate,سڑک يا شاخ کا دو لخت  هونا
divarication,انشقاق ـ جدائي
dive,غوطه ـ ڈبکي مارنا ـپاني ميں جانا
diver,ڈبکي مارنے والا
diverge,منتشر هونا ـپھولنا
divergence,انتشار
divergency,اختلاف
divergent,پھٹ جانے والا
diverse,گونا گوں ـ قسم قسم کا
diversification,اختلاف ـ گونا گوئي
diversified,تبديل کيا هوا
diversify,تبديل کرنا
diversion,انحراف ـ موڑ
diversity,نيا نيا رنگ ـ فرق
divert,هٹا دينا ـ موڑنا
diverter,هٹا دينے والا ـ منحر ف کرنے والا
diverting,مسرور ک€
divest,بے پرده هونا ـ برهنه هونا
divestitive,برهنه کرنے والا
divestiture,برهنگي
divestment,عرياني
dividable,قابل تقسيم
divide,تقسيم کرناـ ٹکڑے کرنا ـجدا کرنا
dividend,حصه ـ بخره ـ کمپني کا منافع
divider,تقسيم کرنے والا
divination,علم غيب ـ پيش گوئي
divine,رباني ـ خدا داد ـپاک
divinise,معبود قرار دينا
divinity,الهوپيت ـ ربوحيت ـ معبود ـديوتا ـ تصوف
divinize,معبود قرار دينا
divisible,قابل تقسيم
division,انقسام ـ حصه
divisor,مقسوم عليه ـ قاسم
divorce,طلاق دے کر عليحده کرناـ طلاق دينا
divorceable,قابل طلاق
divorcee,مطلقه
divorcement,فسخ نکاح ـ طلاق
divorcer,طلاق دينے والا
divulge,فاش کرنا ـ مشهور کرنا
divulgement,مشهور ـ ظاهر
divulger,عياں کرنے والا
dixy,ديگچه ـ ديگ ـ بڑا برت€
dizen,آرائش کرنا ـآراسته کرنا ـسجانا
dizziness,چکر ـ پريشاني
dizzy,چکر دينے والا ـ پريشا€
do,انجام دينا ـ بجا لانا ـ تعميل کرنا ـعمل ميں لانا
doable,کرنے کے قابل
dobbin,چھکڑا يا هل چلانے والا گھوڑا
docetist,اس عقيده کا ماننے والا که حضرت عيسي عليه السلام کا جسم انساني نهيں بلکه نوري تھا
docile,تعليم پذير ـ اصلاح پذير ـ تربيت پذير
docility,اصلاح پذيري
dock,لنڈورا کرناـ دم کاٹنا ـ بال کاٹنا
dockbrief,حکومت کي طرف سے مقرر کيا هواـ مفلس ملزم کا مقدمه
docket,مقدمه کا خلاصه
docktailed,دم کٹا کتا ـ دم بريده
docoity,قزاقي ـ ڈکيتي
doctor,طبيب ـ عالم ـ فاضل ـ مريض کا علاج کرنے والا ـڈاکٹر کي ڈگري
doctrinaire,اصولي ـ اصول پرست
doctrine,تعليم تربيت ـ درس و تدريس
document,دستاويز ـ هدايت دهنا
documentable,قابل هدايت
documentary,تحريري شهادت ـ تحريري ثبوت
documentation,تحريري شهادت کي فراهمي
dodder,ايک بيل ـ سراهنا ـ کمزور هونا
dodderer,ڈگمگانے والا
dodge,دغا کرناـ روپوش هونا ـفريب کرنا
dodger,جھانسه دينے والا
dodgy,بچنے والا
dodo,عنقا ـ سميزع
doer,کام کرنے والا ـ کرنے والا
does,کرناـ کام کرنا ـحکم ماننا
doff,ترک کرنا
doffer,ترک کرنے والا
dog,کتا
dogcheap,کوڑيوں کے مول ـ بھت سستا
dogdays,جولائي اگست کي گرمي کا مهينه
dogged,سگ طبع ـ ضدي ـ دھن کا پکا
doggedly,مضبوطي سے
doggedness,ضد ـ هٹ دھرمي ـ بد مزاجي
doggish,سينه زوري سے ـ سگ آسا
doggrel,زنل قافيه ـ تک بندي
dogma,قاعده ـ اصول ـ قول
dogmatic,خود رائے ـ پر تکبر
dogmatist,اپنے خيال کو مستند سمجھنے والا ـ بدعتي
dogmatize,هٹ دھرمي کے ساتھ بے دليل بات کهنا ـکسي عقيده مسلمه کے طور پر بيان کرنا
doldrums,خاموشي ـ اداسي
dole,نصيب ـ قسمت ـ حصه
doleful,بے چين ـ اداس
doll,خوبصورت بے وقوف عورت ـ گڑيا
dollar,امريکه کا سکه
dolly,گڑيا کا پيارا نام
dolorous,مصيبت زده ـ اداس ـ درد ناک
dolphin,ايک قسم کي مچھلي
dolt,کوڑھ مغز ـ احمق
domain,حلقه اثر ـ خيال و عمل کا ميدا€
dome,شاندار مکان ـ عمارت ـ گنبد
domestic,داخلي ـ اندروني ـ گھريلو
domesticate,گھر ميں بھيٹنا ـ پالتو بنانا ـمهذب کرنا
domestication,مانوس کرنا ـ مهذب  بنانا
domesticator,مهذب بنانے والا
domesticity,گھريلو سيرت ـ سادگي
domicile,رهنے کي جگه
domicillary,معائنه مکان کے بارے ميں ـ مکان کے متعلق
dominance,اقتدار ـ تسلط ـ اثر
dominant,حکمران ـغالب ـ زبر دست
dominate,ڈي اثر کرناـ غالب هونا ـ پيش پيش رهنا
domination,حکومت ـ فرمانبرداري
dominator,اقتدار کرنے والا
domineer,ظلم سے حکومت کرنا ـزبردستي کرنا
dominical,حضرت عيسي کا ـ مسيحي ـ انوار کا
dominion,راج ـ حکومت
domino,عورتوں کا مقامي لباس
don''t,نهيںکرنا
don,هسپانوي شخص ـ کپڑے پهننا
dona,عورت ـ معشوق
donate,چنده دهنا ـعطا کرنا
donation,امداد ـ عطيه ـ هديه
donative,چنده دينے والا
donator,چنده دينے والا
donee,امداد ها عطيه پانے والا ـ وه جسے عطيه ملے
donkey,گدھا ـ بدتميز
donor,چنده دينے والا
donothing,نااهل ـ ناکاره ـ نکما
doom,نصيب ـ قسمت
door,دروازه ـ در
dope,خواب آور ها نشه والي دوا کھلانا
doper,نشه والي دوا کھلانے والا
doric,دهقاني زبا€
dormancy,حرکت نه کرنا ـمعطل کرنا ـ بے حسي
dormant,بے حس و حرکت
dormitory,خوب گا ه ـ سونے کا کمره
dormouse,گلهري کي قسم کا ايک جانور
dorthybag,عورتوں کا پينڈ بيگ جو کلائي پر لٹکا ليا جاتا هے
dose,دوا کي خوراک  ـدوا پلانا
doser,دوا پلانے والا
dot,صفر ـ نقطه
dotage,انتشار ـ حواس
dotard,ضعيف ـ سترا بهترا
dotardly,ضعيفي
dote,کم عقل هوناـ جا ن دينا ـ دماغ ميں خلل آجانا
doter,منتشر کرنے والا
doth,کرنا ـکام کرنا
dott,ايک پرند جو آساني سے پکڑ ليا جاتا هے
dotty,نقطے دار ـ نقطوں سے نشان لگانا
double,دو ـ گنا ـدهرانا ـ دو چند کرنا
doubler,دو چند کرنے والا
doublet,جفت ـ جوڑا ـ مردانه صدري
doubt,تامل ـ شک ـ شبه ـگمان کرنا
doubtable,شک کے قابل
doubter,شک کرنے والا
doubtful,مشتبه ـ غير واضع ـ مشکوک ـ مبهم
doubtless,تسليم کرتے هوئے
douche,صاف هوناـ پاني کي پچکاري
dough,خمير ـ ميدا
doughty,شير ـ عالي نصب ـ رعب دار
dour,ضدي ـ کڑا ـ تند خو
dourer,ضد کرنے والا
dourness,ضد ـ سختي
dove,قمري  ـ فاخته
dover,خوش خبري دينے والا
dovetail,نرمادگي ـ جوڑ بٹانا
dowager,رياست دار بيوه
dowdy,بيڈول ـ پھوهڑ ـ بد لباس عورت
dower,استري دھن ـ جهيز ـ کنيا دا€
down,روتين دار چيزـ اداس ـ گرد ش تقرير
downcast,مايوس ـ افسرده دل
downfall,بربادي ـ تباهي
downhill,ڈھال ـ اتار
downpour,بڑي زور کي بارش
downright,صاف ـ ظاهر ـ کھلا ـ واضع
downtrod,روندناـ ٹھکرنا
downtrodden,روند ا هوا ـ ٹھکرايا هوا
downward,نيچے کي طرف
downy,نرم ـ گدگداـ پهاڑوں کے ٹيلوں جيسا
dowry,جهيز ـخدا داد قا بليت
dowsing,طلسمي چھڑي کے ذريعے زير زمين پاني يا معدنيات کا حال معلوم کرنا
doxy,فقير کي دايته ـ معشوق ـ رنڈي
doyen,سفير اعلٰي
doze,اونگھناـ آنکھ لگنا
dozen,درج€
drab,بادامي ـ هلکا بھورا ـ بد کاري کرناـ فاحشه
drabber,بد کاري کرنے والا
drabble,لتھڑناـ آلوده کرناـ چھپ چھپ کرنا
drachm,درهم ـ درم
dracunculus,عقر قرحا
draff,تلچھٹ ـ بھوسي ـ پھوک
draft,مسوده کرناـ خاکه تيار کرنا
draftable,خاکه تيا ر کرنے کے قابل
drafter,خاکه تيار کرنے والا
draftsman,نقشه نويس
drag,کھينچنا ـهولے هولے چلنا ـ سروان ـ کانٹا
dragger,کھينچنے والا ـ هولے هولے چلنے والا
draggle,آهسته چلنا ـپيچھے ره جانا
dragoman,مترجم
dragomen,مترجم جمع
dragon,خزانے کا سانپ ـ پردار سانپ ـ ا‘دھا
dragoon,سپاهي ـ سوار
drain,نالي بناناـ چڑھا جاناـ طاقت زائل کرنا
drainage,پاني کي نکاسي کا انتظام
drainer,نکاسي کا انتظام کرنے والا
drake,ايک کيڑا ـ قاز ـهنس ـمرغابي
dram,شراب کا ذرا سا گھونٹ
drama,ناٹک ـ ڈراما
dramatic,تمثيلي ـ ناٹنکي ـ موثر
dramatis,ڈرامے کے کردار
dramatist,تمثيل نگار
dramatize,ناٹک تيار کرنا
dramaturge,ڈراما نويس
dramaturgy,فن تمثيل ـ ڈراما نويس کے اصول
drapable,آراسته کرنے کے قابل
drape,کپڑے سے آراسته کرناـ پردے لٹکانا
draper,کپڑا بيچنے والا ـ پارچه فروش
draperied,تهه نه تهه کرناـ پردوں سے آراسته کرنا
drapery,کپڑے کي دکا€
drastic,مخت ـ مضبوط ـ قوي
draught,چھکڑا ـ مچھليوںکا جال ـ دوا کي خوراک
draughtsman,نقشه نويس ـخاکے تيار کرنے والا
draughty,هوادار
draw,کھينچ کر لے جانا ـ خاکه بنانا
drawable,کھينچنے کے قابل ـ خاکه بنانے کے قابل
drawback,کھوٹ ـ قصور ـ عيب
drawbridge,وه کلدار پل جو ضرورت کے وقت اٹھايا جا سکے
drawcansir,وه شخص جو دوست اور دشمن دونوں کيلئے خطرناک هو ـ بد معاش
drawee,هنڈي کا روپيه لينے والا ـجس کے نام سے هنڈي هو
drawer,هنڈي کرنے والا ـ ميز کي دراز ـ تنگ
drawing,خطوط اندازي ـ خطوط کشي
drawl,چبا چبا کر باتيں کرناـ هکلانا
drawler,چبا چبا کر باتيں کرنے والا
drawn,کھيل ميں فريقين کا برابر هونا
drawwell,گهرا کنواں جس ميں چرخي لگي هو
dray,ٹھيلا ـ گاڑي
dread,دهشت ـ خوف ـ انديشه ـ خطره
dreadful,تليف ده ـ ڈروناـ خوفناک
dreadnought,موٹا کپڑا يا اسکا کوٹ ـ زبردست جنگي جھاز
dream,خواب ـ خيال ميں هونا ـ خيالي پلاؤ پکانا
dreamer,خيالي پلاؤ پکانے والا
dreamland,خيالي پلاؤ
dreamreader,خواب کي تعبير
dreamy,قوت عمل سے محروم
drear,اداس ـ سنسان  ـافسرده
dreary,اداسـ سنسا€
dredge,سيپوں کا جال ـ کيچڑ نکالنا ـآٹا يا سفوف وغيره چھڑکنا
dredger,کيچڑ نکالنے والا
dreg,بے کار شے ـ درد ـ فضله ـ نکمي چيز
drench,جلاب ـ موسلا دھار بارش
drencher,کثرت سے پلانے والا
dress,صف بندي کرناـ صفوںکو درست کرنا ـ پولاک ـ لباس
dressdown,خبر لينا ـ ڈانٹنا ـ مارنا
dresser,برتنوںکي الماري
dressing,پولاک ـ لباس ـ زخم کي مرهم پٹي
dressmaker,پولاک  بنانے والا
dressout,بھڑکيلا لباس پهننا ـ زرق برق کپڑے پهننا
dressy,خوش پوش
dribble,قطره قطره ٹپکناـ رسناـ ادھر ادھر کرنا
dribblet,چھوٹا سا قطره ـ ذرا سا
drift,ريگ رواں ـ پاني کا بھاؤ ـ بهالے جاناـ اڑالے جانا
drifter,اڑا کر لے جانے والا
drill,سوراخ کرنے والا آله ـ برماـ پودوں کي قطار ـ سوراخ کرنا
driller,سوراخ کرنے والا
drillmaster,ڈرل چلانے والا
drink,پي کر خالي کرنا ـپينا ـنوش کرناـ شراب
drinkable,پينے کے قابل
drinker,پينے والا
drip,قطره ٹپکنا ـرسنا ـ چونا
dripping,چربي جو گوشت کو گرم کرکے نکالي جائے ـ چربي ـ گھي
drippy,ٹپکنے والي
drivable,چلانے کے قابل
drive,چلانا ـ دھکا دينا ـمجبور کرنا
drivel,بچوںکي رال ٹپکناـ بکواس کرنا
driver,چلانے والا
drizzle,بوندا باندي هونا ـتريح هونا
droll,عجيب ـ انوکھا
droller,مذاق کرنے والا
drollery,انوکھي دل لگي
dromedary,اونٹني ـ ناقه
drone,نکھٹو ـکاهل ـ شهد کي نر مکھي
droop,غروب هونا ـ ڈوبنا ـ مر جھانا ـافسرده هونا
drop,بوند ـ قطره ـ چونا ـ ٹپکنا
droppings,جو چيز جو ٹپک کر گرے ـ ليد ـ لينڈي
dropsy,اسنسقا ـ چلندر ـ حد سے زائد نفع
dross,کوڑا کرکٹ ـ زنگ ـ فضله ـ کھوٹ
drought,قحط سالي ـ خشک سالي
drove,چلانا ـهانکنا
drover,گلے کو نخاس ميں لے جانے والا ـ مويشي کا بيوپاري
droving,مويشي کا بيوپاري
drown,ڈوبنا ـ غرق کرنا ـ غرق هونا ـغالب آجانا
drowse,نيند آنا ـآنکھ لگ جانا ـاونگھنا
drowsiness,کاهلي ـ سستي ـ اونگھ
drowsy,اونگھتا هوا ـ خواب آلوده
drub,ڈنڈے مارناـ مارنا پيٹنا
drubber,مرپيٹ کرنے والا
drubbing,مر پيٹ
drudge,خدمت کرنے والا ـ غلام کي طرح کام کرنے والا
drudgery,مشقت ـ محنت
drug,جڑي بو ٹي ـ مفرد دوا
druggist,دوا ساز
drugmaker,دوا ساز
drugstore,دوائيوں کي دکا€
druid,پيش گوئي کرنے والا ـ کاپ€
drum,نفار پر چوٹ لگاناـ ڈھول بجانا
drummer,طبل نواز
drunk,شرابي ـ سر مست ـ مخمور
drunkard,مے خوار ـ شرابي
drunkenness,شراب خوري
drunker,شراب پينے والا
dry,خسک کرنا ـتري دور کرنا
dryable,خشک کرنے کے قابل
dryer,خشک کرنے والا
dryish,بے مروت سا ـ قدرے خشک
dryness,خشکي
dual,دو حصوں ميں تقسيم کرنا ـدگنا
dualism,دروازلي ـ قوتوں کا قاتل هونا
duality,دونا
dub,کسي چيز کا ريکارڈ تيار کرنا ـ کوئي نيا لقب دينا
dubber,ريکارڈ بنانے والا
dubbing,نام يا لقب نانٹ بنانے کا عمل ـ جوتے کا روغ€
dubiety,شک ـ مشکوک معامله
dubious,غير متعبر ـ مشکوک ـ مشتبه
dubiousness,مشکوک هونا ـشبه
dubitable,مشکوک ـ غير يقيني
dubitation,مس و پيش ـتذبذب
dubitative,پس و پيش کرنے والا ـ مذبذب
ducal,ڈيوک کي طرح
ducat,ايک طلائي سکه
duchess,آن بان کي عورت
duchy,ڈيوک کي رياست
ducility,تشکيل ـ نرمي ـ ملانمت
duck,بظخ ـ مرغابي ـ پھرتي سے جھک جانا ـ غوطه لگانا
ducker,بطخيں پالنے والا ـ خوشامدي ـ غوطه خور پرنده
duct,نالي ـ تنگ راسته
ductile,ملائم ـ نرم
dud,بے نتيجه تجويز ـ بے کار آدمي
dude,نفاست پسند ـ ٹھاٹھ کرنے والا
dudgeon,نااتفاقي ـ ناراضگي ـ ان ب€
dudish,بانکا چھيلا سا ـقدرے نفاست پسند
dudtileness,تربيت پذيردي ـ لچک
due,واجب الادا ـ لائق ـ مناسب ـ اختيار ـ حق
duel,دو آدميوں کي لڑائي ـ کشتي لڑنا
dueler,کشتي لڑنے والا
duelist,ڈوبل لڑنا
duenna,استاني ـ نگراںعورت
duet,آوازي گيت ـ مکالمه
duff,شکل بدلنا ـپرانے مال نيا کر کے بيچنا
duffer,خراب مال کو داموں ميں بيچنے والا ـ شکل بدلنے والا
dug,کھودنا ـ خالي کرنا
dugout,ڈونگي ـ کشتي
duke,جاگيردار ـنواب
dukedom,نوابي رياست
dulcet,مزيدار ـ لذيد
dulcify,ميٹھي بنانا ـشيريني پيدا کرنا
dulcimer,بربط ـ ستار کي قسم کا باجا ـتاروں کا باجا
dull,ساده لوح ـ غيبي ـ احمق
dullard,بے وقوف ـ کند ذه€
dullish,بيوقوف سا
dullness,حماقت ـ سستي
dully,حسب ضابطه
dulness,حماقت ـ سستي ـ کند ذهني
duly,کما حقه ـ حسب ضابطه
dumb,گم سم ـ گنگ ـ گونگا ـخاموش
dumbfound,لاجواب کر دينا ـ گھيرا دينا ـ گونگا کرنا
dumdum,ايک قسم کي بندوق کي گولي جو جسم ميں داخل و کر پھيلتي اور پھٹي هے ـ ڈم ڈم
dummy,گونگا مجسمه جس کو دوکا ن ميں نمائش کيلئے کپڑے پهنا کر کھڑا کرتے هيں ـ کٹھ پتلي ـ احمق ـ مصنوعي چيز ـ فر ضي
dump,موٹي چيز ـ پست قد ـ مضبوط آدمي
dumpling,حلوه ـ کھير
dumps,بروگي گيت ـ اداسي ـ رنج ـ غم
dumpy,چھوٹا اور موٹا
dun,سخت گير ـ هلکے کالے رنگ کا
dunce,بے وقوف ـ الو
dunderhead,احمق ـ کاٹھ کا الو
dung,گندگي ـ غلاظت ـ اخلاقي گندگي
dungeon,کمين گاه ـ پناه کي جگه
dunghill,گھوڑا ـ کوڑا ـ بزدل آدمي ـ گنده مکا€
dungy,غليظ ـ ميلا
dunner,سخت گير ـ متقاضي
duny,بهرا ـ بيوقوف ـ کند ـ ذه€
duo,دو آدميوں کے گانے کا گيت
dupable,دھوکا کھائے جانے والا
dupe,ساده لوح ـ دھوکا دينا
duper,دھوکا دينے والا
duple,دھرا
duplex,دھرا
duplicate,دھرا کرنا ـدگنا کرنا ـنقليںکرنا
duplication,نقل ـ هم نوع
duplicator,نقليں اتارنے کي مشي€
duplicity,مکاري ـ دو رخا پن ـ جعلي نقليں تيار کرنا
durability,استحکام ـديرپائي
durable,استوار ـ دائمي ـ مظبوط
durableness,استحکام
durance,قيام ـ قيدـ استقلال
duration,مدت ـ عرصه ـ معيا د ـ مهلت
duress,ناجائز ـ تشدد ـقيدل
durian,درياں ـ لذيذ ميوه ـ پريوں کا ميوه
during,اندر ـ درمياں ـ اس عرصه ميں
durra,جوارا ـ باجرا
dusk,تاريکـ شام کا دھندلکا
dusky,دھندلا
dust,مٹي ـ خاک ـ صاف کرنا
dustbin,ردي کي ٹوکري
duster,جھاڑن ـ ميز کرسياں صاف کرنے والا
dusting,گرد يا سفوف چھڑکنا
dusty,بے مزه ـ خاک آلودها
dutch,ولنديذي باشنده
dutchman,نيدر لينڈ کا باشنده
duteous,فرمانبردار ـ فرض شناس
duteousness,فرض شناسي ـ اطاعت شعاري
dutiable,قابل محصول
dutiful,وفادار
duty,فرٰض ـ حق ـ اخلاقي پابندي
dwarf,بونا ـ ناٹاـ پسته قد ـ ٹھگنا
dwarfish,پسته قد
dwell,بسنا ـ رھناـ سکونت اختيار کرنا
dweller,ساکن ـ مقيم ـ باشنده ـ رھنے والا
dwelling,قيام ـ مسکن ـ مکا€
dwindle,کم هوناـ سکڑناـ قدر گھٹنا
dyable,رنگ دينے کے قابل
dye,رنگ دينا
dyeable,رنگ دينے کے قابل
dyeing,آخري وقت کا
dyer,رنگ دينے والا
dying,موت ـ مرنا
dyke,روک ـ بند
dynamic,قوت عمل رکھنے والا ـحرکي قوت رکھنے والا
dynamism,به نظريه که ذهن اور ماده فطري قوتوں کي حرکت سے پيدا هوتے هيں
dynamite,بھک سے اڑانے والا
dynamiter,برقي قوت ناپنے کا آله
dynamo,برقي قوت پيدا کرنے والي مشي€
dynamometer,برقي قوت ناپنے کا آله
dynasty,شاهي گھرانه
dysenteric,پيچش کے متعلق
dysentery,پيچس
dyspepsia,بد هضمي ـ ضعف ماده
dyspeptic,معده کا مريض
dyspnoea,سانس کا رکنا
