e,انگريزي حروف تهجي کا پانچواں حرف
each,هر ـ هر ايک ـ ايک ايک
eager,خواهشمند ـ متمني ـ شوقين
eagerly,سرگرمي سے ـ شوق سے
eagle,عقاب
eaglet,عقاب کا بچه
ear,کان ـ قوت سامعه
earache,کان کا درد
eardrop,کان کا قطره
earl,انگلستان کے تيسرے درجے کا امير
earldom,نوابي ـ ارل کا درجه
early,پهلے کا ـ هروقت ـ سويرے ـ ابتدائي
earmark,جانوروں کے کان پر بنايا هوا نشان جو مالک کا پته دے ـ علامت ـ نشاني
earn,سزا وار هونا ـ لائق هونا ـ پيدا کرنا ـ کمانا ـ حاصل کرنا
earnable,حاصل کرنے کے قابل
earner,حاصل کرنے والا
earnest,زرپيشگي ـ بيعانه ـ سائي
earnestness,سنجيدگي ـ مستعدي
earning,اجرت ـ تنخواه ـ کمائي
earphone,ائير فون
earring,مرکي ـ بالي
earth,دھرتي ـ زمين ـ مٹي ڈالنا ـ زمين دوز کرنا ـ دبانا
earthen,مٹيالا ـ خاکي ـ مٹي کا
earthenware,مٹي کے برتن
earthly,دنياوي ـ ارضي
earthquake,زلزله ـ انقلاب
earthworm,حشرت الارض
earthy,مٹي کا
ease,درد دور کرنا ـ آرام دينا ـ انجن کي رفتار سست کرنا
easeful,آرام طلب ـ آرام ده
easement,حق آسائش ـ کسي دوسروے کي زمين پر راسته کا حق
easer,درد دور کرنے والا
easily,آرام کے ساتھ ـ آساني سے
easiness,چين ـ سکھ ـ سهولت ـ آساني
east,مشرق ـ يورپ کي طرف ـ مشرقي
easter,عيسائيوں کا تهوار
easterly,جانب مشرق ـپروا
eastern,دنيا کا مشرقي حصه
easy,بے غم ـ خوش ـ آرام سے ـ تسکين نخش
eat,کھانا کھانا ـ هضم کرنا ـ چبانا ـ نگلنا
eatable,کھانے کے قابل
eater,کھانے والا
eating,تناول طعام
eatinghouse,کھانے کي جگه
eave,اولتي ـ چھجا
eavesdrop,چھجے کے نيچے بيٹھ کر باتيں سننا
eavesdropper,مخبر ـ جاسوسي کرنے والا
ebb,اتار ـ پاني کا اتار ـ زوال ـ اترنا ـ گھٹنا
ebon,کالا ـ سياه
ebony,آبنوسي
ebriety,متوالا پن ـ مدهوشي ـ سرشاري
ebrious,متوالا ـ شرابي
ebullient,آپے سے باهر هو جانے والا ـ پرجوش ـ ابلنے والا
ebullition,جوش ـ ابال
eccentric,مرکز سے پھرا هوا ـ بے مرکز ـ منحرف المرکز ـ کج رو
eccentricity,نرالا پن ـ بے قاعدگي ـ بے قاعده چال
ecclesiastic,خادم دين ـ پادري
ecclesiastical,متبرک ـ آسماني
ecclesiology,گرجوں کي ساخت اور سجاوٹ کا علم
ecdysis,سانپ کا کي نچلي اتارنا
echelon,فوج کو اس طرح ترتيب دينا
echinite,خارپشت
echinus,خارپشت
echo,گونجنا ـ گونج پيدا کرنا
echoer,گونج پيدا کرنے والا
eclair,ملائي ـ سموسه
eclat,شان و شوکت ـ دھوم دھام
eclectic,انتخاب کرنے والا ـ چننے والا
eclipse,بے نور ـ روشني رک جانا ـ کسوف
ecliptic,طريق الاشمس ـ مدار الشمس
eclogue,ديهاتي راگ
economic,تجارتي بنياد پر ـ اقتصادي ـ کفايت شعارانه
economical,بچانے والا ـ کفايت شعار
economically,کفايت شعاري سے
economics,اقتصاديات ـ معاشيات
economist,اقتصاديات کا ماهر
economize,کفايت شعاري کرنا ـ واجبي خرچ کرنا
economizer,کفايت شعار
economizing,کفايت شعاري
economy,دولت کا نظم و نسق ـ کسي رياست کي آمدني اور خرچ کا توازن ـ اجتماعي تنظيم ـ جماعتي وسائل
ecstasy,ازحد خوشي ـ شادي مرگ
ecstatic,شادي مرگ کرنے والا ـ وجد ميں لانے والا
edacious,شکم پرور ـ پيٹو ـ کھاؤ
edacity,کھانے کا بھوکا ـ شکم پروري
eddy,گرداب ـ پاني کا چکر ـ بهنور
eden,حضرت آدم اور حضرت حوا کي جنت فردوس
edentate,بے دانت کا جانور ـ بوڑھا
edge,دھار رکھنا ـ کناره بنانا ـ کتراتے هوئے چلنا
edger,کتراتے هوئے چلنے والا
edgewise,کنارے کنارے ـ دھار کي جانب
edging,کناره ـ کور ـ حاشيه
edible,لذيذ ـ کھانے کے قابل
edict,فرمان ـ حکم ـ فتوي
edification,اخلاقي اصلاح
edifice,شاندار عمارت ـ بڑي عمارت
edify,روحاني استفاده کرنا
edit,درست کرکے شائع کرنا ـ اشاعت کے ليے ترتيب دينا
editable,قابل اشاعت
edition,اشاعت ـ ترتيب
editor,اشاعت کرنے والا ـ ايڈيٹر
editorial,اداريه
editorialist,اداريه نويس
educable,سکھانے کے قابل
educate,تعليم دينا ـ سکھانا ـ ترتيب دينا ـ لکھانا پڑھانا
education,تعليم ـ ترتيب
educational,تعليم ترتيب کے متعلق
educationist,فن تعليم کا ماهر
educative,تعليم سے متعلق
educator,تعليم دينے والا
educe,کھينچنا ـ باهر نکالنا ـ ترقي دينا
educt,استخراج ـ استنباط
eduction,آميزش سے عليحده کا عمل
eductor,عليحده کرنے والا
eel,کمزور متلون شخص ـ بام مچھلي
eerie,وهمي ـ بزدل ـ بھيانک
efface,محو کر دينا ـ مليا ميٹ کرنا ـ قلم پھيرنا ـ مٹا دينا ـ فنا کر دينا
effaceable,محو کرنے کے قابل
effacement,فنا هو جانا ـ مٹ جانا
effacer,مٹانے والا
effect,اثر ـ انجام ـ کامياب هونا ـ پورا کرنا ـ پيدا کرنا
effecter,اثر کرنے والا ـ کامياب کرنے والا ـ پيدا کرنے والا
effective,مؤثر ـ کاري ـ مجرب
effector,وجود ميں لانے والا
effectual,کاريگر ـ بامقصد
effectuate,تعميل کرنا ـ بجا لانا ـ پورا کرنا
effeminate,کمزور بنانا ـ نامرد بنانا
effemination,کمزوري ـ نامردي
effendi,ترکوں کا ايک تعظيمي لقب
efferent,خارج کرنے والي ـ نکالنے والي
effervesce,جوش آنا ـ ابال آنا
effete,فرسوده ناتوان ـ کمزور
efficacious,مؤثر ـ کارگر ـ مجرب
efficacy,اثر ـ تاثير
efficiency,صلاحيت ـ لياقت ـ کارکردگي
efficient,پورا ـ کامل ـ قابل ـ جلد اثر کرنے والا
efficiently,لياقت سے
effigy,خاکه ـ شبيه ـ پتلا
effloresce,پھولنا ـ شباب هونا
efflorescence,کليان آنا ـ شگفتگي
efflorescent,پر غنچه
effluence,رواني ـ حروج ـ نکاس ـ روشني کا پھيلاؤ
effluent,بهتا هوا ـ جاري ـ روان
effluvium,باهر آنے والي سانس
efflux,باهر کي جانب بهاؤ هوا گيس وغيره کا ـ ريزش
effort,جدوجهد ـ کوشش ـ قوت کا اظهار ـ سرگرمي
effrontery,گستاخي ـ بيشرمي ـ شوخي ـ ڈھٹائي
effulge,دمکنا ـ چمکنا
effulgence,نور ـ تاباني ـ درخشاني
effulgent,منور ـ درخشان
effuse,جارج کرنا ـ انڈيلنا ـ گرانا ـ نکالنا
effusion,فضول گوئي ـ بهاؤ ـ ريزش
effusive,پر جوش تقرير کرنے والا ـ پرجوش
egad,بخدا ـ خدا کي قسم ـ واﷲ
egg,انڈا
eglantine,ايک قسم کا پھول
ego,خودي ـ انا
egoism,خود غرضيت ـ فلسفه
egoist,خود بين ـ خود پسند
egoistic,خود غرضانه
egotism,خود فريبي ـ خود بيني
egotist,خود غرض ـ خود بين
egress,باهر جانے کا راسته ـ روانگي
egression,کسي جرم فلکي کا دوسروے قرص پر سے گزرنا ـ خروچ ـ باهر جانا
egret,ڈنڈي ميں پودے کے بيج کي روئيں ـ ايک قسم کا بگلا
egypt,مصر
egyptian,مصر کے متعلق
egyptolgy,مصر کي قديم تهذيب کا علم ـ مصريات
eight,آٹھ
eighteen,اٹھاره
eighteenth,اٹھارواں
eighth,آٹھواں
eighty,اسي
either,خواه يه يا وه ـ چاهے يه ـ دونوں ميں سے ايک
ejaculate,يکايک بول اٹھنا ـ بول اٹھنا
ejaculator,بول اٹھنے والا
eject,بے دخل کرنا ـ نکلنا ـ باهر کرنا ـ برطرف کرنا
ejectable,نکالنے کے قابل
ejection,جلاوطني ـ بيدخلي
ejective,خارج کرنے والا
ejectment,اخراج نامه ـ اخراج
ejector,خارج کرنے والا
eke,کمي پوري کرنا ـ تکمله کرنا
elaborate,تفصيلي طور پر مکمل کرنا ـ تفصيل کرنا
elaboration,تفصيل
elaborator,تفصيل کرنے والا
elapse,هو جانا ـ گزر جانا
elastic,زنده دل ـ سکڑنے پھيلنے والا
elasticity,اصلي حالت پر آنے والي خصوصيت ـ لچک
elate,خوشي کے مارے پھول جانا ـ خوشي ميں آپے سے باهر هو جانا
elater,خوشي کے مارے پھولنے والا
elation,فرحان ـ شادمان
elative,بت بڑھانے والا
elbow,کهني ـ موفق ـ کهني کار کر راسته بتانا
elder,ايک سے بڑا ـ بزرگ ـ مرشد
elderly,بوڑھا سا ـ سن رسيده
eldest,سب سے بڑا
eldorado,ايک افسانوي شهر جهاں سونے کي افراط هے
eldritch,دهشت انگيز ـ بھيانک
elect,چنا هوا ـ منتخب کرنا ـ انتخاب کرنا
election,کثرت رائے سے انتخاب ـ رائے شماري ـ انتخاب
electioneer,انتخاب ميں مصروف هونا
elective,انتخاب کا حق رکھنے والا
elector,انتخاب کا حق رکھنے والا
electoral,انتخاب کے متعلق ـ انتخابي
electorate,رائے دھندگان
electric,برقي ـ بجلي پيدا کرنے کے متعلق
electrical,برق کے متعلق
electrician,بجلي کا کام جاننے والا
electricity,علم البرق ـ بجلي گھر
electrification,بجلي کي رو پهنچانا يا دوڑانا ـ برقاؤ
electrify,برقي رو دوڑانا ـ برقي قوت پيدا کرنا
electro,برق سے متعلق
electrocute,بجلي کے ذريعے هلاک کرنا
electrocution,برقي قوت سے هلاک کرنا
electron,برقيه ـ منفي برقيه
electroplate,برقي عمل سے برتن پر چاندي چڑھانا ـ جلد کرنا
electuary,شهد ميں حل کيا هوا سفوف
elegance,لطافت ـ نزاکت ـ فصاحت
elegancy,نزاکت سے
elegant,صاف ـ نفيس ـ خوشنما ـ خوبصورت
elegantly,نفاست سے
elegiac,ماتمي ـ غمناک ـ نوحه
elegise,درد انگيز اشعار کهنا
elegize,مرثيه يا نوحه لکھنا ـ بروگي نظم لکھنا
elegy,غم کا گيت ـ مرثيه نوحه
element,جزو لازم ـ عنصر
elemental,بسيط ـ عنصري
elementary,بنيادي ـ اصولي ـ اساسي
elench,دھوکا دينے والي دليل ـ مغالطه دينے والي دليل
elephant,فيل ـ هاتھي
elephantiasis,فيل پا
elephantive,هاتھي کا سا ـ بے ڈول ـ بے هنگم
elevate,سرفراز کرنا ـ مرتبه يا قدر بڑھانا ـ اونچا کرنا ـ خوش کرنا
elevated,مرتفع ـ بلند ـ ممتاز ـ سرفراز
elevation,عروج ـ رفعت ـ بلندي
elevator,اٹھانے والا ـ بلند کرنے والا
eleven,گياره
eleventh,گيارهواں
elf,بھوت ـ ج€
elfin,بونا ـ پري سا
elfish,بھوت سا ـ بھتنے کي طرح
elicit,ظاهر کر دينا ـ کھولنا ـ نکالنا ـ آشکار کرنا
elicitation,ظائر
elicitor,ظاهر کرنے والا
elide,کاٹ ڈالنا ـ گرا دينا
elidible,گرانے کے قابل
eligibility,قابليت ـ لياقت
eligible,کسي عهدے کے قابل ـ انتخاب ـ اهل ـ قابل
eliminate,خارج کرنا ـ دور کرنا ـ نکال دينا ـ الگ کرنا
elimination,اخراج ـ عليهدگي
eliminative,خارج کرنے والا
eliminator,الگ کرنے والا
elision,عبارت کو حذف کر دينا ـ حذف
elite,چيده ـ منخب
elixir,شربت ـ آب حيات
elk,گوز€
ell,لمبائي ناپنے کا سوا
ellipse,بيضوي شکل ـ هو هندسي شکل جو مخروط کو ترچھا تراشنے سے بنتي هے
ellipsis,اختصار ـ تقدير کلام
ellipsoid,بيضوي شکل
elm,ايک جنگلي درخت
elocution,ضطابت ـ فن تقرير
elocutionist,خطيب
eloge,مرحوم پر تقرير ـ مرحوم کي صفات اور خوبيوں کا بيا€
elongate,کھينچ کر لمبا کرنا ـ بڑھانا ـ طول دينا
elongation,بڑھاؤ ـ کھنچاؤ ـ زيادتي
elope,کسي عورت کا کسي عاشق کے ساتھ ـ نکل بھاگنا
elopement,روپوشي
eloper,روپوش هونے والا
eloping,روپوشي
eloquence,جوش بياني ـ لساني ـ خطابت ـ طلاقت
eloquent,بڑا بولنے والا ـ فصيح ـ شيريں کلام
else,علاوه ـ مگر ـ اور بھي ـ کوئي اور ـ نھيں تو
elucidate,آشکار کرنا ـ کھول کر رکھنا ـ واضح کرنا
elucidation,شرح ـ وضاحت
elucidator,وضاحت کرنے والا
elude,باز پرس ـ نچ نکلنا ـ بچنا ـ خطرے سے بچنا
eluder,باز پرس کرنے والا
elusion,بهانا ـ دھوکا ـ فريب دهي ـ حليه سازي
elusive,دھوکا دينے والا ـ دغا باز
elysian,فرحت انگيز ـ آرام ده
elysium,بهشت ـ جنت ـ باغ رضوان ـ مسکن ـ ارواح
emaciate,دبلا کرنا ـ سوکھانا ـ کمزور کرنا
emaciation,کمزوري ـ لاغري ـ دبلاپ€
emanant,صادر هونے والا ـ بهنے والا ـ نکلنے والا
emanate,ظاهر هونا ـ صادر هونا ـ جاري هونا
emanation,صدور ـ ظهور ـ اجرا ـ رواني
emanative,صادر کرنے والا ـ اجرا کرنے والا
emanator,جاري کرنے والا
emancipate,چھوڑنا ـ چھڑانا ـ آزاد کرنا ـ بري کرنا
emancipation,چھٹکارا ـ مکتي ـ نجات ـ آزادي
emancipator,آزاد کرنے والا ـ چھڑانے والا
emasculate,مخنث ـ زنانه ـ آخته
emasculation,نامردي ـ آخته کرنا ـ هيجڑا پ€
emasculator,نامرد کرنے والا
embalm,مرده جسم ميں مسالے اور خوشبوئيں بھرنا تاکه لاش عرصے تک محفوظ رهے
embalmer,لاش کو خوشبو لگا کر حفاظت سے رکھنے والا
embank,بند باندھ کر روکنا
embankment,پشته بندي
embargo,بندرگاه چھوڑنے کي ممانعت
embark,کسي مهم ميں شريک کرنا ـ لنگر اٹھانا
embarkation,کشتي ميں سوار هونا
embarrass,گھيرا دينا ـ مصيبت ميں پھنسنا
embarrassment,پريشاني ـ الجھ€
embarrsass,مصيبت ميں پھنسنا ـ گھيرا دينا ـ الجھانا ـ پريشان کرنا
embassador,سفير
embassy,سفارت خانه
embattle,مورچه بندي کرنا
embed,کسي چيز کو مضبوطي سے دبا دينا
embellish,حسين بنانا ـ آراسته کرنا ـ سجانا ـ سنوارنا
embellisher,سجانے والا
embellishment,سجاوٹ ـ سنگار
ember,انگاره ـ چنگاري ـ دهکتا هوا کوئله
emberdays,ايام عبادت ـ صوم و صلوت کے د€
embezzle,غبن کرنا ـ خيانت کرنا  ـ خورد برد کرنا
embezzlement,خيانت ـ غب€
embezzler,غبن کرنے والا ـ خيانت کرنے والا
embitter,ناک ميں دم کرنا ـ تلخ کرنا ـ تکاليف زياده کرنا
emblaze,روشن کرنا ـ چمکانا ـ چمکدار کرنا ـ شهرت دينا
emblazers,روشن کرنے والا ـ چمکانے والا
emblem,صورت ـ نشان ـ شکل ـ علامت
emblematic,شاندار ـ علامت دار ـ نمائنده
emblements,زير کاشت زمين کا نفع
embodiment,عملي اظهار ـ يکجائي
embody,مجسم کرنا ـ خيالات کو عملي شکل دينا ـ خيالات ظائري شکل ميں لانا
embolden,همت دلانا ـ ابھارنا
embolism,شريانوں ميں خون کا اڑ جانا جس سے فالج هوتا هے
embosomed,کليجه ميں جگه دينا ـ دل ميں رکھنا ـ آغوش ميں لينا
embosoms,آغوش ميں لينا ـ دل ميں جگه دينا
emboss,پھول ـ گل کاري کرنا
embosser,گل کاري کرنے والا
embossment,ابھرتے هوئے نقش
embow,خم کرنا ـ محرابدار بنانا
embowel,انتڑيوں کو جسم سے نکال دينا
embower,درختوں ميں گھيرنا ـ درخت لگانا
embrace,آغوش ميں لينا ـ بغل گير هونا ـ بغل گيري
embraceable,آغوش ميں لينے کے قابل
embracer,آگوش ميں لينے والا
embrasure,سوراخ ـ جھروکه ـ روشندا€
embrocate,مالش کرنا ـ انضماد کرنا ـ طلا لگانا ـ ليپ کرنا
embrocation,ضماد ـ مالش کي دوا
embroider,کار چوبي کا کام کرنا ـ نقش و نگار کرنا
embroiderer,نقش و نگار کرنے والا
embroidery,رز دوزي ـ گل کاري
embroil,باهم ناچاقي پيدا کرنا ـ مصيبت ميں ڈال دينا
embroilment,ناچاقي ـ گڑبڑ
embryo,کچا بچه ـ ادھورا ـ جني€
emend,ترميم کرنا ـ اصلاح کرنا
emendable,قابل اصلاح
emendation,تصحيح ـ درستگي
emendatory,ترميمي ـ تاديبي ـ اصلاحي
emender,اصلاح کرنے والا
emerald,زمرد ـ سبزه ـ زبر جد
emerge,کھل جانا ـ نکلنا ـ ابھرنا ـ پاني سے نکلنا ـ ظائر هونا
emergence,آشکار هونا ـ ظاهر هونا
emergency,اتفاقي واقعه ـ فوري ضرورت
emergent,اشد ضروري
emerods,بواسير کے مسے ـ مسے
emersion,پاني سے نکلنا ـ گوپن سے نکلنا
emery,کرند ـ کرنج
emetic,قے آور دوا
emigrant,هجرت کرنے والا
emigrate,هجرت کرنا ـ اپنا وطن چھوڑنا
emigration,ترک وطن ـ هجرت
eminence,بلندي ـ چوٹي ـ جاموري ـ برتري
eminent,قابل احترام ـ بزرگي ـ ممتاز
emissary,سفير ـ ايلچي ـ قاصد
emission,انزال ـ اخراج
emit,نکلنا ـ جاري کرنا ـ چھوڑنا
emitter,صادر کرنے والا
emmet,مکوڑا ـ چيونٹي
emnanatory,نکلنے والا ـ ظاهر هونے والا ـ جلوه دکھانے والا
emollient,ملائم کرنے والي دوا
emolument,آمدني ـ منافع ـ فائده
emote,احساس کرنا ـ جذبه پيدا کرنا ـ جوش
emoter,جوش پيدا کرنے والا ـ جذبه پيدا کرنے والا
emotion,جوش ـ جذبه
emotional,جذباتي
emotionalism,جذباتي مغلوبيت
empale,چوب بندي کرنا ـ باڑه سے گھيرنا ـ سولي دينا
empalement,باڑا ـ گھيرا ـ سولي
empalers,جوب بندي کرنے والا
empanel,جيوري کي فهرست ميں نام داخل کرنا
emperor,شهنشاه ـ سلطا€
emphases,تاکيد ـ زور ـ دباؤ
emphasis,تاکيد ـ زور ـ دباؤ ـ کسي شے کي اهميت
emphasize,کسي خاص لفظ پر زور دينا
emphatic,زوردار  ـ پرزور ـ مؤثر
emphatically,پر زور طريقے سے
empire,مملکت ـ حکومت ـ فرمانروائي
empiric,تجربه کار ـ تجرباتي
empiricism,تجربه کاري
emplacement,توئين رکھنے کا چبوترا ـ موقي محل
emplane,هوائي جهاز ميں سوار کرنا
employ,روزگار سے لگانا ـ استعمال کرنا ـ کام ميں لگانا ـ کسي کو اپني خدمت ميں رکھنا
employable,روزگار سے لگانے کے قابل
employee,نوکر ـ مزدور ـ ملازم
employer,نوکر رکھنے والا
employment,شغل ـ ملازمت ـ کام ـ کاروبار
empoison,کان پھرنا ـ زهر آلوده کرنا ـ کسي کے خلاف زهر اگلنا
emporium,بازار ـ تجارت گاه ـ منڈي
empower,مالک کرنا ـ اختيار دينا
empress,ملکه ـ سلطانه ـ قيصره
emptiness,خلائ ـ خالي پ€
empty,خالي ـ کھوکھلا ـ خالي کرنا
emptyhanded,خالي هاتھ
emptyheaded,کاڑ مغز ـ بے مغز آدمي
empurple,سرخ کرنا ـ ارغوني کرنا ـ سرخ رنگنا
empyreal,روشني کا ـ فلکي ـ عرشي
empyrean,عرشي ـ فلکي
emulate,رشک کرنا ـ برابري کرنا ـ تقليد کرنا
emulation,برابري ـ رشک ـ تقليد
emulative,رشک کرنے والا
emulator,تقليد کرنے والا
emulous,حريف ـ رقيب ـ آرزو مند
emulsion,دودھ کے رنگ کي روغني دوا
enable,اختيار دينا ـ کام کے قابل بنانا ـ طاقت دينا
enabler,اختيار دينے والا
enact,تدوين کرنا ـ تمثيل دکھانا ـ قانون بنانا
enactment,قانون کا اجرائ
enactor,قانون کا اجرائ کرنے والا
enamel,مينا کاري کرنا
enameler,مينا کاري کرنے والا
enamor,گرويده کرنا ـ شيفته کرنا ـ فريفته کرنا
enamour,شيفته کرنا ـ موه لينا
enamoured,گرويده ـ ايذا ـ مفتو€
encage,اسير کرنا ـ پنجرے ميں ڈالنا ـ قيد کرنا
encamp,خيمه زن هونا ـ ڈيره ڈالنا
encampment,لشکر گاه ـ چھاؤني
encase,لفافے ميں ڈالنا ـ صندوق ميں بند کرنا ـ غلاف کرنا
encash,چيک يا بنڈي کا روپيه لينا ـ نوٹ کا چھلر لينا
encashment,سکارنا ـ چيک يا هندي کا روپيه دينا
encaustic,زنگ کي بھٹي ميں ڈالنا ـ رنگ آميز ـ کاسي کاري ـ مٹ چنيا کا کام
enchafe,دق کرنا ـ خفا کرنا ـ چھيڑنا
enchain,بيڑياں ڈالنا ـ زنجير سے جکڑنا ـ زنجير سے مقيد کرنا
enchant,جاده کرنا ـ دل موه لينا ـ سحر کرنا ـ لبھانا
enchanter,دل خوش کرنے والا ـ جاده کرنے والا
enchantment,دلربائي ـ جاده
encircle,محاصره کرنا ـ گھير لينا
enclasp,آغوش ميں لينا ـ گلے لگانا
enclosable,قابل احاطه
enclose,لفافے ميں بند کرنا ـ احاطه کرنا
encloser,بند کرنے والا
enclosure,ملفوف کاغذات ـ احاطه بندي ـ احاطه
enclothe,کپڑے پهنانا
encloud,ابر سے ڈھک جانا ـ ابر ميں چھپ جانا
encomiast,ثناخواں ـ مدح سرا ـ قصيده گو ـ خاشامدي
encomiastic,مديحه ـ خوشامدانه
encomium,مدح ـ تعريف
encompass,گھير لينا ـ شامل کرنا ـ احاطه کرنا
encounter,مقابله ـ لڑائي ـ جنگ و جدل ـ مجادله
encounterer,لرائي کرنے والا
encourage,حوصله افزائي کرنا ـ جرات دلانا
encouragement,حوصله افزائي ـ حمايت
encourager,حوصله افزائي کرنے والا
encroach,دخل دينا ـ مداخلت بيجا کرنا
encroachment,دست اندازي ـ مداخلت بيجا
encumber,روکنا ـ مزاحمت کرنا ـ حيران کرنا
encumbrance,روک ـ رکاوٹ ـ مزاحمت
encumbrancer,مزاحمت کرنے والا
encyclopedia,مجمع العلوم
end,اختتام ـ خاتمه ـ آخر ـ انجام ـ انتها ـ حد ـ کناره ـ هلاکت ـ تھکانے لگانا ـ ختم کرنا ـ تمام کرنا يا هونا
endanger,جوکھوں ميں ڈالنا ـ خطرے ميں ڈالنا
endangerment,خطرے ميں ڈالنا
endear,اپنے آپ کو کسي نظر ميں مقبول بنانا ـ لاڈلا يا عزيز بنانا
endearment,لگاؤ ـ پيار
endeavor,دوڑ و دھوپ ـ کوشش کرنا ـ معي کرنا
endeavour,کوشش کرنا ـ سعي کرنا
endecorum,ناشائستگي ـ بدمذاقي
endemic,کسي خاص قوم کے متعلق
endermic,جلد پر اثر کرنے والي ـ جلدي
ending,آخر کار ـ خاتمه
endive,کاسني
endless,ازلي ـ ابدي ـ غير محدود ـ لامتناهي
endorsable,پشت پر لکھنے کے قابل
endorse,پشت پر لکھنا ـ بيان يا واقعه کي تصديق کرنا
endorsement,تصديق ـ تصديق ظاهري ـ پشت پر فروحت کي تحرير
endorser,تصديق کرنے والا
endow,وقف کرنا ـ بخشنا ـ مرحمت کرنا
endower,وقف کرنے والا
endowment,چنده ـ وقف ـ لياقت
endue,کپڑے پهنانا ـ عنايت کرنا ـ بخشنا ـ عطا کرنا ـ دينا ـ ملبوس کرنا
endurable,قابل برداشت
endurance,صبر ـ برداشت ـ تحمل ـ بردباري
endure,گوارا کرنا ـ برداشت کرنا ـ صبر کرنا ـ ضبط کرنا
endways,کنارے کے رخ پر
endwise,کنارے کے رخ پر
enema,پچکاري ـ عمل
enemy,مخالف فوج ـ دشمن ـ حريف ـ شيطا€
energetic,صاحب عمل ـ زبردست ـ پھرتيلا ـ مستند
energise,آماده عمل کرنا
energy,همت ـ طاقت ـ قوت ـ عمل ـ زور
enervate,کمزور کرنا ـ ضيعف کرنا
enervation,کمزوري ـ ضعف
enervator,کمزور کرنے والا
enface,چھاپنا يا مهر لگانا
enfant,شير خوار
enfeeble,کمزور کرنا ـ دبلا کرنا
enfeeblement,کمزوري ـ ضعف
enfilade,ايک سرے سے دوسرے سرے تک صاف کرنا ـ گوله باري کرنا
enfold,مجبور کرنا ـ دبانا ـ ته کرنا
enfolder,مجبور کرنے والا
enforce,جاري کرنا ـ نافظ کرنا ـ مجبور کرنا ـ اجرائ
enframe,تصوير چوکھٹے ميں لگانا
enfranchise,آزاد کرنا ـ رها کرنا
enfranchisement,رائے دهي کا حق
engage,معاهده کرنا ـ قول و قرار کرنا ـ ملازم رکھنا ـ مائل کرنا ـ متوجه کرنا
engagement,وعده ـ اقرار ـ منگني ـ پابندي ـ ذمه داري
engager,معاهده کرنے والا ـ مائل کرنے والا
engaging,خوش ادا ـ دلکش ـ دلفريب
engender,وجود ميں لانا ـ حاضر کرنا ـ پيدا کرنا
engine,انجن ـ آله
engineer,ماهر فن ـ انجينيئر ـ معمار ـ تعمير کرنا ـ بنانا
engineering,گل سازي کا علم ـ تعميري علم
enginery,مشينيں ـ توپ خانے کا اهتمام
england,انگلينڈ ـ ملک کا نام
englander,انگلينڈ کے باشندے
english,انگريز ـ انگريزي زبا€
englishman,انگريز آدمي
englishwoman,انگريز خاتو€
engraft,پيوند باندھنا ـ قلم لگانا ـ شامل کرنا ـ اضافه کرنا
engrained,گهرا رنگ چرھانا
engrave,کھودنا ـ کنده کرنا ـ قلم کاري کرنا
engraver,قلم کاري کرنے والا ـ نقش و نگار
engraving,فقش نگاري
engross,جلي خط ميں لکھنا ـ بڑے حروفوں ميںلکھنا
engrosser,بڑے حروفوں ميں لکھنے والا
engrossing,سب کا سب خريد لينا
engrossment,خريداري
engulf,نگلنا ـ جذب کرنا
enhance,قدر بڑھانا ـ زياده کرنا ـ گراں کرنا ـ سخت کرنا
enhancement,زيادتي ـ اضافه
enhancer,اضافه کرنے والا
enigma,چيستان ـ پهيلي ـ معمه
enigmatic,معمے کي طرح ـ پيچيده
enjoin,تاکيد کرنا ـ حکم دينا ـ مجبور کرنا
enjoinder,تاکيد کرنے والا
enjoiner,تاکيد کرنے والا
enjoining,تاکيد
enjoy,عيش کرنا ـ خوش هونا ـ لطف اٹھانا
enjoyable,خوش هونے کے قابل
enjoyer,لطف اٹھانے والا
enjoyment,خوشي ـ لطف ـ حظ
enlarge,وسيع کرنا ـ بڑا کرنا ـ چھوڑنا ـ آزاد کرنا
enlargement,وسعت ـ کشادگي ـ طول
enlarger,کشاده کرنے والا ـ توسيع کرنے والا
enlighten,واقف کرنا ـ منور کرنا ـ روشن کرنا ـ چمکانا ـ روشن خيال
enlightener,روشن کرنے والا ـ منور کرنے والا
enlightening,منور ـ واقف
enlightenment,روشن خيال ـ بصيرت
enlist,بھرتي کرنا ـ نوکر رکھنا
enlister,بھرتي کرنے والا
enlisting,بھرتي
enlistment,بھرتي ـ تائيد
enliven,همت دلانا ـ روشن کرنا ـ جان ڈالنا ـ زندگي پيدا کرنا
enlivening,روح پھونکنا
enlivenment,همت
enmasse,اکھٹا ـ مجموعي طور پر
enmity,مخالفت عداوت ـ نفرت ـ دشمني
ennoble,امير يا نواب بنانا ـ ممتاز کرنا ـ سرفراز کرنا
ennoblement,شرافت ـ سرفرازي
ennobler,ممتار کرنے والا ـ شرافت پيدا کرنے والا
ennui,اداسي ـ بيزاري ـ سستي
enormity,مخت بد اخلاقي ـ گناه کبيره ـ سنگين جرم
enormous,قوي هيکل ـ بهت سا ـ بهت بڑا ـ بے اندازه
enough,جس قدر چاهے ـ کافي ـ خاطر خواه ـ معقعل مقدار
enounced,زبان سے ادا کرنا ـ کوئي مسئله اصول يا نظريه پيش کرنا
enquire,دريافت کرنا ـ باز پرس کرنا ـ پوچھنا
enquirer,دريافت کرنے والا ـ باز پرس کرنے والا
enquiring,باز پرس
enquiry,چھان بين ـ تحقيقات ـ تفتيش
enrage,غصه دلانا ـ طيش ميں لانا
enraging,غضبناک
enrapture,خوش کرنا ـ باغ باغ کرنا
enrapturing,نهايت خوشي
enrich,زمين کو زرخيز بنانا ـ مالا مال کرنا ـ تعليم دينا ـ تربيت کرنا
enricher,مالامال کرنے والا ـ تربيت دينے والا
enriching,تربيت ـ زرخيزي
enrichment,اميري ـ زرخيزي
enrobe,آراسته کرنا ـ ملبوس کرنا
enrober,آراسته کرنے والا
enrobing,آراستگي
enrol,درج رجسٹر کرنا ـ بھرتي کرنا
enroll,بھرتي کرنا ـ درج رجسٹر کرنا
enrollee,جس کا جام درج کيا جائے
enroller,درج کرنے والا
enrollment,فرد و فهرست ـ بھرتي ـ اندراج
enrolment,بھرتي ـ اندراج
enroot,دوران سفر ـ راه ميں
ensanguine,لهو سے بھرنا ـ لهو لهان کرنا
ensanguined,خانا خون ـ خون آلوده
ensemble,سب ـ سارا ـ کل ـ تمام ـ مجموعي چيز
enshrine,متبرک سمجھ کر محفوظ کرنا
enshrinement,متبرک
enshroud,ڈھانک دينا ـ چھپا دينا
enshrouding,لپيٹ
ensign,پھريرا ـ نشا€
enslave,حلقه بگوش کرنا ـ غلام بنانا
enslavement,حلقه بگوشي ـ غلامي ـ پابندي
enslaver,غلام بنانے والا ـ پابند کرنے والا
enslaving,غلامي
ensnare,دام ميں گرفتار کرنا ـ چال ميں بھانسنا
ensnarement,چال ميں پھنسنا
ensnarer,چال ميں پھنسانے والا
ensue,يعاقب کرنا ـ پيروي کرنا ـ صادر کرنا ـ هونا ـ يقين دلانا
ensuing,پيرسي ـ تعاقب
ensure,عقين دلانا ـ اطمينان کرنا
ensurer,يقين دلانے والا
ensuring,يقين ـ اطمينا€
entail,وقف علي الولاد ـ جائداد جس کے هبا بيع کا حق ورثه کو نه هو ـ مشروط هبا ـ عائد کرنا ـ بار ڈالنا
entailer,مشروط طور پر هبا کرنے والا ـ عائد کرنے والا
entailment,هبا
entangle,الجھانا ـ پھنسانا ـ دشواري ميں ڈالنا ـ گھيرا دينا ـ پريشان کرنا
entanglement,پريشاني ـ دشواري
entangler,پريشاني کرنے والا
entangling,پريشاني
enter,داخل هونا ـ آملنا ـ گھسنا ـ اندر آنا ـ آجانا ـ شريک هونا
enterable,اندر آنے کے قابل ـ داخل هونے کے قابل
enterer,داخل هونے والا ـ اندر آنے والا
enteric,آنتوں کے متعلق
enteritis,انتڑيوں کي سوزش
enterprise,فراخ حوصلگي ـ کار عظيم ـ اهم ـ معرکے کا کام
enterpriser,اراده کرنے والا ـ کار عظيم کرنے والا ـ همت کرنے والا
enterprising,منچلا ـ دلير
enterprisingly,دليري سے ـ همت سے
entertain,ذهن ميں رکھنا ـ خوش کرنا ـ بات چيت ميں لگانا ـ پرورش کرنا
entertainer,خوش کرنے والا ـ دل بهلانے والا
entertaining,بهلانے والا ـ خوش کرنے والا
entertainingly,دلچسپي سے ـ دل لگي سے
entertainment,دعوت ـ ضيافت ـ آؤ بھگت ـ دل لگي
enthrall,گرويده کرنا ـ غلام بنانا
enthrallment,حلقه بگوش ـ گرويده
enthrone,رتبه حاصل کرنا ـ بادشاه بنانا ـ تخت نشين کرنا
enthronement,تخت نشيني ـ بادشاهت
enthuse,جاش ميں آنا ـ جوش دلانا
enthusiasm,سرگرمي ـ جوش و خروش ـ ولوله
enthusiast,جوشيلا ـ سرگرم انسا€
enthusiastic,سرگرمي ـ پرجوشي
enthusiasticall,پرتپاک ـ پرجوش
enthusing,سرگرمي سے
enthymeme,قياس استثائي جس ميں ايک قفيه محذوف هوتا هے
entice,ورغلانا ـ پھسلانا ـ ترغيب دينا
enticement,لالچ ـ بھکاوا
enticer,لالچ دينے والا ـ بھکاوے ميں لانے والا
entire,کامل ـ پورا ـ تمام
entirely,سب ـ سراسر ـ يک قلم ـ پورے کا پورا ـ بالکل
entirety,اتمام ـ کليت
entitle,نام رکھنا ـ لقب دينا ـ مستحق کرنا
entity,هستي ـ وجود ـ موجودگي
entomb,دفن کرنا ـ قبر پر مقبره بنانا
entombment,مقبره ميں رکھنا ـ تدفي€
entomo,جز ترکيبي ـ بمعني کيڑوں کا ـ کيڑے مکوڑے
entomologist,ماهر حشريات
entomology,علم الحشرات
entrails,زمين کے اندروني حصے ـ آنتيں
entrance,رسائي ـ دروازه ـ رسته ـ آپے سے باهر کر دينا ـ بے خود کر دينا
entrancement,داخل ـ رسائي
entrancing,آپے سے باهر ـ بے هوش ـ بے خود
entrancingly,بے خودي سے ـ بے هوشي سے ـ غفلت سے
entrant,کشي مقام ميں داخل هونے والا
entrap,شکنجه ميں چھنسانا ـ جال پھنسنا
entrapment,پھنسانا
entreat,درخواست کرنا ـ التجا کرنا ـ گذارش کرنا
entreating,گذارش ـ درخواست
entreaty,عرض ـ درخواست ـ گزارش
entree,حق داخله ـ بازيابي
entrench,شهر کو خندق سے محفوظ کرنا
entrenchupon,دخل دينا ـ مداخلت بيجا کرنا
entrepot,تجارتي مرکز ـ توشه خانه ـ گودام
entrust,رکھانا ـ سپرد کرنا ـ امانت رکھانا
entrusting,تفويض
entrustment,سپردگي ـ امانت
entry,داخله ـ اندراج ـ بازيابي ـ قبضه ـ دخل
entryway,داخل هونے کا راسته
entwine,مروڑنا ـ بل دينا ـ بٹ دينا
enucleate,تشريح کرنا ـ توضح کرنا ـ ماده خارج کرنا
enumerate,تفصيل وار بيان کرنا ـ شمار کرنا ـ تعين کرنا
enumeration,خلاصه تحرير ـ شمار ـ حساب
enumerator,شمار کرنے والا ـ گنتي کرنے والا
enunciate,اعلان کرنا ـ ظاهر کرنا ـ بيان کرنا ـ دعوي کرنا
enunciation,بيان ـ اعلا€
enunciator,اعلان کرنے والا ـ بيان کرنے والا
envelop,محاصره کرنا ـ گھير لينا ـ لفافے ميں بند کرنا ـ ملفوف کرنا
envelope,لفافه ـ غلاف
enveloper,محاصره کرنے والا ـ بند کرنے والا
envenom,زهر آلودکرنا ـ عداوت پيدا کرنا
enviable,کينه ور ـ حاسد
envious,دلپسند ـ قابل رشک ـ حسد انگيز
enviously,حسد انگيزي سے
environ,احاطه کرنا ـ محاصره کرنا ـ گھيرنا
environing,محاصره ـ گھيراؤ
environment,ماحول ـ گود و پيش ـ نواح
envisage,آمنے سامنے هونا ـ خطرات کا مقابله کرنا ـ آنکھيں چار کرنا
envisaging,آمنے سامنے
envoy,قاصد ـ نائب ـ سفير
envy,عداوت ـ حسد ـ جل€
enwrap,تهه کرنا ـ ڈھانکنا
epact,قصري اور شمسي مهينے کا فرق ـ يکم جنوري کو قصري مهينے کي تاريخ
epaulet,جبھا جو سپاهيوں يا افسروں کي وردي ميں شانه پر لگا هوتا هے
ephemera,ايک کيڑا جسکي زندگي ايک دن کي هے ـ عارضي شے ـ ايک روز کا بخار
ephemeral,ايک دن کا ـ ايک روز ـ چند روزه
ephemeris,روزجامچه ـ سيارگان ـ تقويم
epic,جنگ نامه ـ رزميه نظم
epicene,مشترک الجنس
epicenter,تذکير و تانيث کرنے والا
epicure,خوش خوراک ـ شهوت پسند
epicurean,يوناني حکيم اپيکيورس کا پيرو اس نے حصول لذات کو غايت حيات قرار دينا تھا ـ لذتيه ـ عيش پسند
epicurreanism,اپيکيورس کا فلسفه لزئيت
epidemic,وبائي مرض
epidermis,اوپري جلد ـ اوپري کھال
epigram,نکته ـ لطيفه
epigrammatic,لطيف ـ مزاحيه
epigraph,مقوله ـ کلام ـ لوح مزار
epilepsy,مرگي ـ صرع
epileptic,مصروع ـ مرگي کا
epilogue,مضمون کا آخري حصه تقرير ـ مختصر نظم
episcopacy,حکومت استفي
episcopal,اسقفي
episode,داستان در داستان ـ درمياني واقعه
episodic,درمياني واقعه سے متعلق
epistle,خط ـ رقعه ـ چٹھي ـ نامه ـ حضرت عيسي کے حواريوں کے خطوط جو انجيل ميں شامل هيں
epistler,خط بھيجنے والا
epistolary,خطوط کے متعلق
epitaph,کتيه مزار
epithalamium,ترانه مسرت ـ شاديانه
epithet,نام ـ لقب ـ خاصه ـ صفت ـ وصف
epitome,لب لباب ـ خلاصه
epitomize,انتخاب کرنا ـ خلاصه کرنا ـ اختصار کرنا
epoch,عهد ـ زمانه ـ دور
epode,قصيده ـ غنائي ـ نظم
epopee,رزميه شاعري ـ ساکھا
epsomsalt,معدني نمک جو ضلع سرے ميں پيدا هوتا هے اور بطور مسهل استعمال هوتا هے ـ اهسم نمک
equability,برابري ـ همواري ـ يکسانيت
equable,هموار ـ مساوي
equal,پورا کرنا ـ تکڑا کرنا ـ برابر هونا
equalise,هموار کرنا ـ برابر کرنا
equality,برابري ـ همواري
equalize,هموار کرنا ـ برابر کرنا
equalizer,برابر کرنے والا ـ هموار کرنے والا
equally,يکساں ـبرابر ـ ايسا هي
equanimity,سکون قلب ـ تحمل
equatable,مساوري کرنے کے قابل
equate,برابر کرنا ـ مساوري کرنا
equation,تقسيم ـ برابري ـ مساوات
equator,خط استوا ـ درمياني خط
equatorial,خط استوا کے متعلق ـ خط استوا کے نزديک
equerry,مير اصطبل ـ گھوڑوں کا داروغه
equestrian,شه سواري کے متعلق
equiangular,برابر راويے والا
equidistant,هم فاصله ـ برابر فاصلے والے
equilateral,سب ضلع برابر
equilibrate,توازن پيدا کرنا ـ هم پله کرنا
equilibrium,بانبدار ـ برابري ـ مساوت
equimultiple,اعداد جن کا مضروب فيه ايک هو  ـ قدر مشترک
equinoctail,منسوب به اعتدال ـ معتدل النهار
equinox,هو وقت جب آفتاب استوا کو قطع کرتا هے دن اور رات برابر هوئے هيں ـ اعتدالين ـ نقطه اعتدال
equip,تيار کرنا ـ مسلح کرنا ـ درست کرنا ـ سجانا
equipage,اخت سفر ـ لشکر کا سازوساما€
equipment,بناوٹ ـ سازوساما€
equipoise,دھڑا باندھنا ـ هم وزن ـ تواز€
equipollent,مساوي قوت والے ـ هم قوت
equiponderant,هم وزن ـ مساوري تقسيم کيا هوا
equitable,درست ـ واجبي ـ منصفانه
equitably,درستگي
equitant,شه سوار
equitation,چابک سواري
equity,سچا دعوي ـ داد رسي ـ حق ـ انصاف
equivalence,برابر ـ مساوات
equivalent,برابر کا ـ هم پله ـ هم قيمت ـ مساوي
equivocal,مشکوک ـ ذومعني
equivocate,مبهم بات کهنا ـ گول مول جواب دينا
equivocation,گول مول بات ـ ابهام ـ هير پھير
equivocator,گول مول بات کرنے والا
era,تاريخي دور ـ س€
eradicate,جڑ سے اکھاڑنا ـ مٹانا
eradication,قلع قمع ـ بربادي
eradicator,قلع قمع کرنے والا
erasable,رگڑنے کے قابل
erase,گھس دينا ـ محو کرنا ـ مٹا ڈالنا
eraser,مٹانے والا
erasing,مٹاؤ
erasions,مٹاؤ
erasure,کانٹ چھانٹ ـ قطع و بريد
ere,قبل ازيں ـ اس سے پهلے
erebus,دوزخ ـ جهنم ـ پاتال ـ ظلمات
erect,قائم کرنا ـ اٹھانا ـ نصب کرنا ـ تعمير کرنا
erectable,قائل کرنے کے قابل
erecter,قائم کرنے والا
erectile,کھڑا هونے کے قابل
erection,خيزش ـ عمارت ـ مکا€
erector,عمارت بنانے والا
erelong,چند روز ميں
eremite,جوگي ـ زاهد
erewhile,قبل ازيں
ergo,اس لئے ـ لهذا
ergot,ايک روگ جو غله ميں کيڑا لگنے سے پيدا هو جاتا هے
ermine,گلهري کا سا ايک جانور
ermonizer,خطيب ـ ناصح
erode,کسي چيز کو کھا جانا ـ کاٹ دينا ـ ختم کر دينا
erodent,جلانے والا ماده ـ تيزاب
erodible,کاٹنے کے قابل
erosion,کھانے سے خاتمه ـ مٹ جانا
erosive,کھا جانے والا
erotic,محبت کا ـ غزل کا
erotical,محبت کا
erotomania,جنون عشق ـ سودائے عشق
err,قصور کرنا ـ غلب هونا ـ بھولنا
errand,قليل مسافت ـ نامه ـ خبر
errandboy,نامه بر لڑکا ـ چھوکرا
errant,آواره ـ گمراه
errantry,سرگرداني
errata,غلطي نامه ـ صحت نامه
erratic,سرگردان ـ ڈانواں ڈول ـ آواره ـ بھٹکا هوا
erroneous,بے قاعده ـ نادرست ـ غلط
error,غلطي ـ سهو ـ خطا
erst,پهلے ـ آگے
erstwhile,اس سے پهلے
eruct,آتش فشاں دھانے سے گرم هوا کا نکلنا
eructate,گرم هوا کا نکلنا
eructation,ڈکار
erudite,عالم ـ فاضل
erudition,لياقت ـ فضيلت ـ علميت
erupt,دانت نکلنا ـ آتش فشاں کا پھٹنا
eruption,خارش ـ جنگ کا آغاز ـ مرض
eruptive,ابھر کر نکلنے والا
erysipelas,زهر باد ـ سرخ باده
escalade,قلعه کي ديوار پر چڑھنا
escapable,قابل بچاؤ
escapade,قيد سے بھاگ نکلنا ـ فرار ـ پابندي سے گريز
escape,خلاصي ـ بچاؤ ـ گريز کرنا ـ نکل جانا ـ فرار هونا ـ بچ نکلنا ـ ياد نه رهنا
escapement,مفر ـ گريز
escaper,بچانے والا
escarp,کھائي کي ڈھال ـ قدرتي نشيب
escheated,جائداد کي ضبطي
eschew,بار دينا ـ کناره کرنا
escort,محافظ ـ نگهبا€
escritoire,لکھنے کي خانه دار ميز
esculent,کھانے کے قابل
escutcheon,ڈھال جس پر خانداني نشان هو
esoteric,مخفي ـ پوشيده ـ چھپا هوا
espalier,درخت جن کي بيل چڑھائي جانے
especial,افضل ـ اعلي ـ مخصوص
especially,خاص کر ـ خصوصا
espionage,مخبري ـ جاسوسي
esplanade,گھاس کا تخته ـ کھلا ميدا€
espostulatory,تکراري ـ شکايت آميز ـ گلے شکوے کے طور پر
espousal,شادي ـ منگني ـ حمايت
espouse,بياه کرنا ـ سگائي کرنا ـ منگني کرنا ـ معاملے کي حمايت کرنا
espy,تاکنا ـ نگاه کرنا ـ دور سے ديکھنا
esquire,تعظيم کا لقب ـ مدظله
essay,کوشش کرنا ـ معي کرنا ـ جد و جهد کرنا
essayer,کوشش کرنے والا
essaying,کوشش ـ جد وجهد
essayist,مضمون نگار ـ منشي
essence,جوهر ـ ذات ـ روح
essential,بهت ضروري ـ لازمي ـ اصلي ـ ذاتي
essentially,حقيقت ميں ـ بنيادي طور پر
establish,بنا رکھا ـ مقرر کرنا ـ قائل کرنا ـ جاري کرنا ـ بحال کرنا
establishable,جاري کرنے کے قابل
establisher,جاري رکھنے والا
establishment,استحکام ـ محکمه ـ تقرر ـ نظام
estate,جاگير ـ رياست ـ املاک
esteem,عزت کرنا ـ بڑا ماننا ـ اچھي رائے
esthetics,حسن کے متعلق ـ جمالياتي
estimable,قيمتي ـ قابل قدر ـ قابل عزت
estimate,جانچنا ـ اندازه کرنا ـ رائے قائم کرنا
estimation,موازنه ـ تخمينا ـ اندازه ـ گنتي ـ رائے ـ تجويز
estimator,اندازه کرنے والا ـ قدر کرنے والا
estop,تمادي عارضي کرنا ـ اٹکانا
estoppel,عذرعارضي ـ امر عارض
estrange,بيگانه کرنا ـ دو آدميوں ميں جذباتي افتراق کرنا ـ پرايا کرنا ـ دور کرنا ـ من پھير لينا
estrangement,مفارقت ـ بے مهري
estray,لوارٹ ـ پالتو جانور
estreat,عدالت سے مثل نکلوانا اور پھر واپس کرنا ـ مقدمه دائر کرنے کے لئے روداد مثل ديکھنا
estuary,کھاڑي ـ سمندر کي شاخ
estuate,مد و جز کرنا ـ ابلنا ـ جوش ميں آنا
esurient,بھوکا ـ محتاج ـ حريض
etcetera,وغيره وغيره
etch,کسي دھات کي تختي پر تيزاب ڈال کر نقش و نگار بنانا
etcher,نقش و نگار بنانے والا
etching,ٹھيا ـ تيزابي نقش و نگار
etchingneedle,اوزار يا سوئي جو نقش و نگار بنانے ميں کام آتي هے
eternal,دائم ـ ازلي ـ ابدي ـ لايزال
eternally,علمي الدوام ـ هميشه کے لئے
eternity,هميشگي ـ لامحدود ـ خلود
ether,صاف آسمان ـ خلائ ـ ايتھر
etherealize,کسي مريض کو اثير کے زيراثر ميں لانا
etherial,هوا کا سا ـ هلکا ـ نهايت لطيف
ethic,اخلاقي ـ اخلاقيائي ـ اصول اخلاق کے مطابق
ethics,علم الاخلاقيات کے اصول
ethiopia,حبش
ethiopian,حبش کے رهنے والے
ethnic,انساني گروهوں کے متعلق ـ نسلي
ethnographer,علم الاقوام کا ماهر
ethnologic,انساني نسلوں کے متعلق
ethnology,علم الانسا€
ethongraphy,علم نسل انسان ـ علم الاقوام
etiquette,آداب مجلس ـ آداب معاشرت
etymological,علم صرف کے متعلق
etymologist,علم صفر کا عالم
etymology,علم الانسان ـ لسانيات
eucalyptus,ايک درخت جس کا روغن خوشبو دار هوتا هے
eucharist,مقدس ـ متبرک اجزائ
euclid,علم هندسه
eugenic,عمده نسل انسان پيدا کرنے کے متعلق
eulogist,مداح
eulogize,تعريف ـ ثنائ يا مدح کرنا ـ بڑھانا چڑھانا
eulogizer,تعريف کرنے والا ـ ثنائ خواں
eulogy,تعريف ـ صفت ـ قصيده
eunuch,هيجڑا ـ خواجه سرا
eunuchism,کڑوي بات کو نرم الفاظ ميں ادا کرنا
euphemism,بري بات کو نرم الفاظ ميں ادا کرنا
euphemistic,سخت بات کي باگواري کو دور کرنے والے الفاط
euphony,خوش آواز ـ حسن تکلم ـ سروں کا ميل
euphrasy,زنده دلي ـ خوش مزاجي
euphuism,پر تکلف طرز تحرير
eurasia,يوريشائي ـ مخلوط النسل
eurasian,وه شخص جس کا باپ يورپي اور ماں ايشيائي هو
eureka,کسي شے کي دريافت پر نعره مسرت
europe,يورپ
european,يورپ کے رهنے والے
evacuate,خالي کر دينا ـ چھوڑ دينا ـ ترک کرنا ـ خارج کرنا
evacuation,ترک ـ اخراج
evacuator,ترک کرنے والا
evadable,نکل جانے کے قابل ـ بھاگنے کے قابل
evade,نکل جانا ـ بھاگ جانا ـ بچنا ـ ٹال مٹول کرنا
evader,ٹال مٹول کرنے والا
evaluate,قيمت لگانا ـ اندازه کرنا ـ دام معلوم کرنا
evaluation,دام ـ قيمت
evaluator,قيمت معلوم کرنے والا
evanescence,زوال ـ فنا
evanescent,مٹ جانے والا ـ گزر جانے والا ـ فاني
evangel,انجيل ـ چار ميں سے کوئي ايک انجيل
evangelic,انجيل کي تعليمات کے متعلق
evangelist,انجيل کي تعليمات کو قلم بند کرنے والا
evaporate,بخار بن کر اڑ جانا ـ بھاپ هو جانا ـ بخار بن جانا
evaporation,بخارات ـ بھاپ
evasion,حليه بازي ـ ٹال مٹول
evasive,ٹال مٹول کرنے والا
eve,عورت ـ ماں حوا
evection,چاند کا اتار چڑھاؤ ـ قمر کے طول البلد ميں تبديلي
even,شام ـ مغرب ـ متوازي ـ سيدھا ـ هموار کرنا ـ مساوري کرنا ـ بے باق
evening,زوال کا وقت ـ شام کا وقت
evenminded,عادل ـ انصاف پسند ـ منصف مزاج
event,واردات ـ واقعه ـ حادثه
eventful,واردات سے پر ـ اهم
eventide,شام کا وقت
eventual,بانتيجه ـ بالاخر وقت هونے والا
eventuality,کسي امر کے واقع هونے کا امکا€
eventually,آخر کار ـ ممکنه طور پر
eventuate,ظاهر هونا ـ واقع هونا
eventuation,واقع ـ ظاهر
ever,کسي وقت بھي ـ برابر ـ تب سے
everchanging,ڈھل مل يقين ـ هميشه نيت بدلنے والا
evermore,هميشه
every,ايک ايک ـ هر ايک ـ هو بهو
everybody,هر ايک
everyday,هر روز
everyhere,هر کهيں ـ هو مقام پر ـ هر جگه
everyman,هر آدمي
everyone,هر کوئي
everyplace,هر جگه
everything,هر چيز
everyway,هر جگه
everywhere,کهيں
evict,قانوني حکم پر تخليه کرانا ـ نکال دينا ـ بے دخل کرنا
eviction,قانوني تخليه
evictor,تخليه کرنے والا
evidence,شاهد ـ گواه ـ علامت
evident,صاف ـ ظاهر ـ آشکارا
evidently,بلا شک ـ به ظاهر ـ صاف ـ لا کلام
evil,مضر ـ ناکاره ـ برا ـ خراب ـ نقصان رسان ـ گناه ـ برائي
evildoer,بدکار ـ گنهگار
evileye,نظر بد
evilhour,بري گھڑي
evince,اظهار کرنا ـ ظاهر کرنا ـ ثابت کرنا
evincible,قابل اظهار
evincive,ظاهر کرنے والا
eviscerate,کسي شے کو خالي کرنا
evocable,بلانے قابل
evocation,پکار
evocative,پکارنے والا
evoke,پراني باتو کو ياد کرنا ـ پکارنا ـ جذبات تازه کرنا
evoker,پراني باتوں کو ياد کرنے والا
evolution,انکشاف ـ اظهار ـ الٹ پلٹ
evolve,تهه کھولنا ـ ترتيب سے کھولنا ـ سلجھانا
evolvement,سلجھاؤ
evolver,ترتيب سے کھولنے والا
ewe,بھيڑي ـ بھيڑ
ewer,لوٹا ـ صراحي
ex,الگ ـ جدا
exacerbate,مشتعل کرنا ـ تيز کرنا ـ تکليف ميں اضافه کرنا
exacerbation,بھڑکاؤ
exact,برابر ـ کھرا ـ سچا ـ چوکنا ـ هوشيار ـ ٹھيک ٹھيک
exacter,طلب کرنے والا
exacting,سخت گير ـ ضروري
exaction,محصول ـ جبري وصولي
exactitude,ٹھيک چيز ـ صحت ـ درستي
exactly,ٹھيک وقت پر ـ برابر ـ هو بهو
exactness,ترتيب ـ صحت ـ درستي
exaggerate,بڑھا چڑھا کر بيان کرنا ـ حد سے زياده کهنا
exaggeration,تعلي ـ مبالغه
exaggerative,بڑھي هوئي ـ طولائي
exalt,بلند کرنا ـ اونچا کرنا
exaltation,انبساط ـ عروج ـ سرفرازي
exalter,بلند کرنے والا
exam,امتحا€
examination,دريافت ـ امتحا€
examine,پڑتال کرنا ـ تفتيش کرنا
examinee,جسکا امتحان ليا جائے ـ امتحان دينے والا
examiner,امتحان لينے والا
example,نمونه ـ تمثيل ـ مثال دينا ـ مثال
exasperate,برانگيخته کرنا ـ غصه دلانا ـ برهم کرنا ـ بھڑکانا ـ مرض ميں اضافه کرنا
exasperation,برهمي ـ غصه
excarnation,خون کي رگوں کو گوشت سے عليحده کرنا
excavate,کھود کر بنانا ـ کھودنا
excavation,گڑھا ـ غار ـ کھدائي
excavator,کھودنے والا
exceed,حد سے گزر جانا ـ آگے نکلنا ـ تجاوز کرنا
exceeder,حد سے گزرنے والا
exceeding,بکثرت ـ بهت زياده ـ نهايت
exceedingly,بهت زياده ـ بکثرت
excel,فائق هونا ـ بڑھ جانا ـ سبقت لے جانا ـ بازي لے جانا
excellence,بزرگي ـ سربلندي ـ بڑائي ـ ماں ـ قدر ـ رتبه
excellency,سرکار والا تيار ـ خداوند نعمت ـ حضور والا ـ جناب اعلي
excellent,معقول ـ عمده ـ بهت خوب
excelsior,اعلي ـ ممتاز ـ شاخوں کي نرم گاڑياں
except,اس کو چھوڑ کر ـ سوا ـ بجر
excepting,اسکو چھوڑ کر
exception,اعتراض ـ گرفت ـ استثنا
exceptionable,قابل اعتراض
exceptional,استثنائي ـ غير معمولي ـ خاص
excerpt,اقتباس ـ خلاصه ـ انتخاب
excess,بهتات ـ فراواني
excessive,بے شمار ـ بے حساب
excessively,حد سے زياده
exchange,تبادله کرنا ـ ادل بدل کرنا
exchangeable,قابل تبادله
exchanger,تبادله کرنے والا
exchequer,انگلستان کا محکمه ماليات ـ خزانه عامره
excise,محصول ـ چنگي ـ چنگي لينا ـ محصول لينا
excision,کام تمام کردينا ـ عمل جراحي ـ قطع بريد
excitable,قابل اشتعال
excitation,اشتعال ـ جوش
excite,اکسانا ـ بھڑکانه ـ جوش دلانا
excitement,جوش ـ پيچا€
exciting,جوش دلانے والا ـ بھڑکانے والا ـ محرک
exclaim,غل مچانا ـ چيخ اٹھنا
exclaimer,غل کرنے والا
exclamation,فرياد ـ شور غل
exclude,مستشني کرنا ـ خارج کرنا
excluder,خارج کرنے والا
exclusion,اخراج ـ ممانعت
exclusive,بلا شرکت غيرے ـ چھوڑ کر ـ نکال کر ـ تجرد پسند ـ تنهائي پسند
exclusiveness,الگ تھلگ رهنے کي خواهش
excogitate,ايجاد کرنا ـ تدبير کرنا ـ غور کرکے نکلنا
excommunicate,ذات سے باهر کرنا ـ برادري سے نکلنا
excommunication,مسيحي دين کے حقوق سے اخراج ـ برادري يا ذات سے اخراج
excoriate,جلد ادھيڑنا ـ کھال چھيلنا
excoriation,کھال چھيلنا
excrement,غلاظت ـ گوبر
excrescence,بدگوشت ـ دنبل ـ رسولي ـ پھنسي ـ پھوڑا
excrescent,ناقص اضافه ـ حشو
excreta,جسماني غلاظتيں
excrete,فضلات جسم کو خارج کرنا ـ غلاظت نکالنا ـ خارج کرنا
excreter,خارج کرنے والا
excretion,فضله ـ گوبر
excruciate,دق کرنا ـ دکھ کرنا ـ ستانا
exculpate,بري کرنا ـ چھوڑ دينا
exculpation,بري
excursion,هوا خوري ـ تفريح ـ سير سپاٹا
excursive,غير مستقل ـ مهم جو
excursus,مقدمه تبصره ـ تنقيد ـ ضميمه
excusable,قابل تنقيد
excuse,فرض سے سيکدوش کرنا ـ معاف کرنا ـ بري کرنا ـ چشم پوشي کرنا ـ بريت ـ چھٹکارا ـ عذر ـ معذرت
excuser,بري کرنے والا ـ معاف کرنے والا
exeat,باهر جانے کي اجازت مدرسے وغيره سے ـ رخصت
execrable,مردود ـ ملعون ـ قابل ـ نفرت
execrate,کوسنا ـ بددعا دينا ـ اظهار نفرت کرنا
execration,کراهت ـ بددعا ـ سراب
execrator,بددعا کرنے والا
executable,قابل تکميل ـ نافذ کرنے کے قابل
execute,تعميل کرنا ـ ختم کرنا ـ تکميل کرنا ـ پھانسي دينا
executer,تکميل کرنے والا
executing,تکميل کرتا هوا
execution,تعميل ـ تکميل
executioner,گردن مارنے والا ـ جلاد ـ پھانسي دينے والا
executive,وصي ـ عامل ـ تعميل کننده ـ حکومت کا صيغه انتظامي جو قوانين اور احکام کو نافذ کرتا هو
executor,تعميل کرنے والا ـ وصيت پر عمل کرنے والا
exegesis,تشريح ـ شرح
exegetical,شرح کا ـ شرح دار
exemplar,مثل ـ نمونه
exemplary,مثالي ـ سبق آموز
exemplification,نظير ـ توضيح ـ نقل ـ مثال
exemplify,نمونه بننا ـ نظير دينا
exempt,آزاد کرنا ـ معاف کرنا ـ چھوڑ دينا
exemption,معافي ـ آزادي ـ چھٹکارا
exequatur,کسي حکومت کا دوسرے ملک کے قونصل کو تسليم کرنا ـ يورپ کے ماتحت بشت کو دنياوي اختيارات دينا
exequies,رسومات تجهيز و تدفي€
exercisable,قابل مشق ـ جاري رکھنے کے قابل
exercise,ورزش کرنا ـ مشق کرنا ـ جاري رکھنا
exerciser,مشق کرنے والا ـ جاري کرنے والا
exert,کوشش کرنا ـ زور لگانا ـ جد و جهد کرنا ـ محنت کرنا
exertion,مشقت ـ معي ـ سرگرمي
exfoliate,چھلکے اتارنا ـ پراني چھال کا گرنا
exhalable,بھاپ بنانے کے قابل ـ نکالنے کے قابل
exhalation,اخراج ـ باهر کي سانس
exhale,اڑانا ـ نکالنا ـ بھاپ بنانا ـ سانس چھوڑنا ـ غصے کا اظهار کرنا
exhaust,کھيچ لينا ـ خالي کرنا ـ صرف کرنا ـ کمزور کرنا ـ کلي اخراج
exhaustible,کھينچ لينے کے قابل
exhaustion,خالي کرنا ـ کھيچ لينا
exhaustive,تھکا دينے والا ـ تشريحي
exhibit,پيش کرنا ـ آشکار کرنا ـ دکھانا
exhibition,نمود ـ دکھاوا ـ نمائش
exhibitioner,وظيفه خوار طالب العلم
exhibitor,نمائش ميں اپني چيزيں دکھانے والا
exhilarate,خوش کرنا ـ شاد کرنا
exhilaration,فرحت ـ خوشي
exhort,نيکي کي ترغيب دينا ـ نصيحت کرنا
exhortation,وعظ ـ نصيحت ـ ترغيب
exhortative,ناصحانه ـ نصيحت آميز
exhortatory,ناصحانه ـ پند آميز
exhorter,وعظ کرنے والا ـ نصيحت کرنے والا
exhumation,کھود کر نکلنا
exhume,قبر کھودنا ـ کھود کر نکلنا
exhumer,کھودنے والا
exhuming,کھودائي
exigence,اهم ضرورت ـ شديد ضرورت
exigency,اهم ضرورت
exigent,اشد ـ اهم ـ ضروري
exiguous,مختصر ـ قليل
exile,وطن سے دوري ـ جلا وطني
exist,ظاهر هونا ـ موجود هونا ـ زنده هونا ـ واقع هونا
existence,موجودات ـ کائنات ـ هستي ـ وجود
existent,واقعي ـ جيتا جاگتا ـ زنده
exit,رحلت کوچ ـ روانگي ـ برخاستگي
exodus,رحلت ـ اخراج ـ کوچ
exonerate,بوجھ اتارنا ـ بے خطا ٹھيرانا ـ الزام سے بري کرنا
exoneration,بربت ـ خلاصي
exonerator,بري کرنے والا
exorbitance,زياده ـ نهايت ـ بے حد ـ بے اندازه ـ بے اندازه گراں
exorbitancy,گراني ـ مهنگاپن ـ بے اعتدالي
exorbitant,زياده ـ نهايت ـ بے حد ـ بے اندازه
exorcism,جھاڑ پھونک ـ جنتر منتر ـ تمهيد
exordial,تمهيدي ـ ديباچے سے متعلق
exordium,آغاز ـ تمهيد ـ مقدمه
exoteric,عام پسند ـ عام فهم
exotic,الفاظ ـ بديسي ـ اجنبي
expand,تشريح کرنا ـ پھيلانا ـ وسعت دينا ـ بڑھانا
expandable,قابل وسعت
expander,وسعت دينے والا
expanse,فراخي ـ کشادگي ـ وسعت
expansible,قابل وسعت
expansion,فراضي ـ کشادگي
expansionist,تجارت کي توسيع کا حامي
expansive,وسيع ـ حاوي ـ پھيلنے والا
exparte,يک طرفه فيصله وغيره
expatiate,بے روک ٹوک گھومنا ـ تفصيل وار بيان کرنا ـ لمبي چوڑي تقرير کرنا
expatiation,جلاوطني ـ ترک وطني
expatiator,ترک وطن کرنے والا ـ جلا وطن کرنے والا
expatriate,ترک وطن کرنا ـ جلا وطن کرنا ـ شهر بدر کرنا
expatriation,جلاوطني
expect,راه ديکھنا ـ چشم براه هونا ـ اميد رکھنا ـ خيال کرنا
expectable,اميد رکھنے کے قابل
expectance,اميد ـ توقي
expectancy,اميد ـ توقع
expectant,اميدوار ـ حامله ـ منتظر ـ متوقع
expectation,اشتياق ـ شوق ـ اميد
expecter,توقع رکھنے والا
expectorant,گلے سے بلغم نکالنے والي دوا
expectorate,کھنکھارنا ـ بلغم نکالنا ـ تھوکنا
expectoration,کھنکھار
expectorator,کھنکھارنے والا
expedience,مصلحت ـ حکمت ـ خود غرضي ـ ضرورت
expediency,خود غرضي ـ ضرورت
expedient,مناسب ـ سزاوار ـ لائق
expedite,کام کي تکميل ميں جلدي کرنا ـ پھرتي ـ جلد روانه کرنا
expediter,پھرتي دکھانے والا
expedition,عجلت ـ چالاکي
expeditionary,فوجي مهم کي بابت
expeditious,پھرتيلا ـ تيز رو
expeditiously,پھرتي سے ـ مستعدي سے
expel,خارج کرنا ـ نکالنا ـ دور کرنا ـ زبردستي نکال دينا
expellable,نکالنے کے قابل
expellent,مادے کو خارج کرنے والا ـ مسهل
expeller,خارج کرنے والا
expend,روپيه کھپانا ـ خرچ کرنا ـ صرف کرنا
expendable,صرف کرنے کے قابل
expender,صرف کرنے والا
expenditure,صرف ـ خرچ ـ مصارف
expense,خرچ ـ مصارف ـ لاگت
expensive,قيمت ـ گراں ـ مهنگا ـ قيمتي
expensiveness,گراں خرچ ـ فضول خرچي
experience,تجربه ـ آزمائش ـ آزمائش کرنا ـ امتحان کرنا ـ تجربه کرنا
experienced,آزموده کار ـ جهاں ديده ـ تجربه کار
experiment,آزمائش ـ تجربه
experimental,آزموده ـ تجربه کيا هوا
expert,کسي فن کا ماهر ـ استاد
expiable,قابل کفاره ـ اصلاح پذير
expiate,اصلاح کرنا ـ کفاره دينا ـ تلافي دينا
expiation,صدقه ـ بدله ـ کفاره
expiator,کفاره دينے والا
expiration,وفات ـ موت ـ آخر وقت
expire,دم چھوڑنا ـ دم نکلنا ـ مرنا ـ سانس نکل جانا ـ ختم هونا ـ ميعاد ختم هونا
expirer,دم چھوڑنے والا
explain,تشريح کرنا ـ سمچھانا ـ توضيح کرنا ـ تفسير کرنا
explainable,قابل وضاحت
explainer,وضاحت کرنے والا
explanation,کھول کر بيان کرنا ـ توضيح تشريح
explanatory,تفصيلي ـ تشريحي
expletive,حشو ـ غير ضروري
explicable,شرح پذير
explicate,واضح کرنا ـ کھولنا ـ شرح کرنا
explication,تشريح ـ انکشاف ـ وضاحت
explicator,واضح کرنے والا ـ تشريح کرنے والا
explicit,باقابل ترديد ـ مفصل ـ صاف صاف
explicitly,تفصيل وار ـ صراحتا ـ صاف صاف
explode,بے نقاب کرنا ـ فاش کرنا ـ پھٹنا
exploder,فاش هونے والا
exploit,کارنامه ـ کار عظيم ـ بهادري کا کام
exploitable,کام لانے کے قابل ـ قابل استفاده
exploitation,اپنے مقصد کے لئے استعمال کرنا ـ کار برآري ـ استحصال
exploration,کھوج ـ تلاش
explorative,تفتيش کے متعلق ـ تجسسانه
explore,تلاش کرنا ـ جستجو کرنا ـ کھوج لگانا
explorer,تلاش کرنے والا
explosion,دھماکا ـ زور کي آواز
explosive,بھک سے اڑ جانے والا
exponent,بيان کننده ـ شارح ـ نمائنده
export,برآمد کرنا ـ چالان کرنا ـ ملکي مال غير ممالک ميں بھيجنا
exportable,قابل برآمد
exportation,برآمدگي ـ نکاسي
exporter,برآمد کرنيوالا
expose,فروخت کے لئے پيش کرنا ـ نمائش کرنا ـ کھول کر ڈال دينا ـ کھولنا
exposer,کھول کر ڈالنے والا ـ نمائش کرنے والا
exposit,نمائش کرنا ـ تشريح کرنا
exposition,نمائش ـ توضيع ـ تفصيل
expostulate,منت سماجت کرکے باز رکھنا ـ سمچھانا ـ متنبه کرنا ـ رد و کد
expostulation,گله ـ شکوه ـ شکايت
expostulatory,تکراري ـ شکايت آميز ـ گلے شکوے کے طور پر
exposure,کھلا هوا رهنا ـ بکاؤ مال کي نمائش
expound,تفصيل سے بيان کرنا ـ تشريح کرنا
expounder,تشريح کرنے والا
express,ادا کرنا ـ اظهار کرنا ـ دبا کر عرق نکالنا ـ دبانا
expressible,اعلان پذير ـ کهنے کے قابل
expression,جچوڑ کر نکالا هوا رس ـ محاوره ـ کلام ـ اسلوب بيان کرنا
expressive,ولوله انگيز ـ پر معني
expressively,واضح طور پر
expressly,صراحت سے ـ تاکيد سے ـ ضروري
expropriate,جائداد سے بے دخل کرنا
expropriation,جائيداد سے بے دخلي
expropriator,جائيداد سے بے دخل کرنے والا
expulse,بے دخل کرنا
expulsion,بے دخلي ـ اخراج ـ خروج ـ خارج کرنا
expunction,مٹا ڈالنا ـ قلم زدگي
expunge,محو کرنا ـ قلم زد کرنا ـ مٹا دينا
expunger,مٹا دينے والا
expurgate,الائش دور کرنا ـ صاف کرنا ـ پاک کرنا ـ دھو ڈالنا
expurgation,پاکيزگي ـ شائستگي
expurgator,صاف کرنے والا ـ پاک کرنے والا
exquisite,نفيس ـ عمده ـ پاکيزه
exquisitely,لطافت سے ـ پاکيزگي سے
extant,ابھرا هوا ـ اٹھا هوا ـ باقي ـ اب بھي موجود
extastrong,زائد طاقتور
extemporaneous,بر محل ـ عين وقت پر کيا هوا ـ برجسته
extemporary,بر محل ـ عين وقت پر کهنا
extempore,بي اليدهيه ـ برجسته ـ بروقت
extemporize,بروقت شعر کهنا
extend,پھيلنا ـ پھيلانا ـ بڑھانا ـ لمبا کرنا ـ وسيع کرنا
extendable,بڑھانے کے قابل
extender,بڑھانے والا
extensible,وسعت پذير
extension,وسعت ـ ايزادي ـ لمبائي
extensive,کشاده ـ لمبا چوڑا ـ فراخ
extensively,کشادگي سے
extent,حد ـ رقبه ـ اندازه ـ قرق نامه
extenuate,هلکا کرنا ـ جرم کي اهميت کو کم کرنا
extenuation,هلکا پن ـ کمي
exterior,باهر سے آيا هوا ـ بيروني حالت ـ خارجي
exterminate,مٹا ڈالنا ـ ستياناس کرنا ـ جڑ کاٹ دينا
extermination,بربادي ـ بيخ کني
exterminator,برباد کرنے والا ـ بڑ کاٹنے والا
external,غير ملکي ـ ناگهاني ـ اچانک ـ خارجي
externalism,مظاهره پرستي ـ ظواهر پرستي
externally,بيروني طور پر
externals,محسوسات ـ اسباب ظاهري ـ احوال پذيري
exterritorial,ملکي قانون کي دسترس سے باهر
extinct,هوا ـ گل ـ معدوم ـ موقوف
extinction,باقي نه رهنا ـ مٹنا
extinguish,خاموش کرنا ـ گل کرنا ـ برباد کرنا ـ بجھادينا
extinguishable,مٹانے کے قابل ـ فنا پذير
extinguisher,مٹادينے والا
extinguishment,مٹاؤ
extirpate,جڑ سے اکھاڑنا ـ نيست و نابود کرنا
extirpation,بربادي ـ بيخ کني
extirpator,برباد کرنے والا
extol,تعريف کے پل باندھنا ـ تعريف کرنا ـ ستائش کرنا
extoller,تعريف کرنے والا
extorsion,بالجبر حاصل کرنا ـ زبردستي لے لينا
extorsive,بالجبر حاصل کرنے والا
extort,کسي سے کوئي چيز بالجبر حاصل کرنا ـ زبردستي لے لينا
extorter,زبردستي لے لينے والا
extortion,بالجبر حاصل کرنا ـ زبردستي لے لينا ـ استحصال
extortionate,زبردستي حاصل کرنے والا ـ جابر ـ ظالم
extra,زائد ـ فالته ـ علاوه
extracosmical,جارج از امکا€
extract,نچوڑ ـ ست ـ جوهر ـ ماحصل
extraction,انتخاب
extractor,زنبور ـ عرق کھينچنے والا ـ اقتباس کرنے والا
extradite,غير ملک کے مجرم کو اس ملک کے حوالے کرنا
extradition,تحويل مجرمين ـ مقام احساس کا استقرار
extramundane,غير مادي ـ غير دنياوي
extraneous,بيروني ـ خارجي
extraordinary,خلاف قاعده ـ خلاف معمول
extravagance,انحراف ـ تجاوز ـ اسراف ـ فضول
extravagant,فضول خرچ ـ غير محتاط ـ خراج
extravaganza,عجيب و غريب انسان ـ اچنبھے کا
extreme,مرکز سے بهت دور ـ دور دراز ـ حد سے زياده ـ اشد ـ مخت
extremism,انتها پسندي
extricable,سلجھانے کے قابل ـ نجات دينے کا مستحق ـ قابل رهائي
extricate,بچانا ـ چھڑانا ـ نجات دلانا
extrication,خلاصي ـ رهائي
extrinsic,ظاهري ـ عارضي ـ خارجي
extrude,نکال باهر کرنا ـ خارج کرنا ـ باهر کرنا ـ دھکيلنا
extruder,خارج کرنے والا
extrusion,خروج ـ اخراج
exuberance,افراط ـ لبريز هونا ـ وافر هونا ـ کثرت
exuberant,فرواں ـ لبريز ـ بافراط ـ رنگي€
exuberate,لبريز هونا ـ جي بھر کر هونا ـ زياده هونا
exudation,عرق ـ رس ـ پسينه
exude,پسينه نکلنا ـ پسينه ٹپکنا
exult,خوش و خرم هونا ـ باغ باغ هونا ـ پھولے نه سمانا ـ فخر کرنا
exultant,شادمان ـ فرحان ـ خوشي سے اترانے والا
exultation,نشاط ـ شادماني ـ خوشي
exuviate,خول اترنا ـ پراني کھال اتر جانا ـ کينچلي اتارنا
eyas,باز کا بچه جسے سدھايا جاتا هے
eye,چشم ـ آنکھ
eyeable,قابل مشاهده
eyeball,ديده
eyebrow,بھوئيں
eyecup,آنکھ دھونے کي پيالي
eyeglass,نظر کا چشمه
eyelash,هلک
eyre,دوره کرنے والي عدالت ـ گشتي عدالت
eyrie,هوائي
