f,انگريزي حروف تهجي کا چھٹا حرف
fa,موسيقي ميں ايک سپتک کا چوتھا سر ـ ما کا سر
fabian,سست ـ دھيما ـ دير کرنے والا
fable,افسانہ ۔ بناوٹ ۔ کہانی ۔ فرضی قصہ کہنا ۔ قصہ گھڑنا ۔
fabler,قصه گو ـ داستان گو
fabric,صورت ـ شکل ـ گھر ـ کپڑے کي ساخت
fabricate,جعلي دستاويز بنانا ـ جھوٹ بنانا ـ ايجاد کرناـ بنانا
fabrication,جعلسازي ـ جھوٹ ـ بناوٹ
fabricator,ايجاد کرنے والاـ جعلساز
fabulist,داستان گو ـ انسانه نويس
fabulous,مصنوعي ـ فرضي ـ وهمي ـ غير تاريخي
facade,اگواڑہ ۔ مکان کا رو کا حصہ ۔
face,چهره ـ صورت ـ شکل ـ ظاهري حالت
faceable,سامنا کرنے قابل ـ مقابله کرنے کے قابل
facer,سخت مشکل ـ بلائے ناگهاني تھپڑ ـ طمانچه
facet,پهلو ـ رخ ـ پھل ـ جانب ـ ايک پهلو ـ کسي ـ پهلو دار چيز کا پهلو
facetiae,ظريفانه کلام ـ ظرافت ـ لطيفه ـ نکته ـ  فحش گوئي
facetious,خوش مزاج ـ هنسي مذاق کرنے والا ـ زنده دل ـ ظريف
facial,منه يا چهرے کے متعلق
facile,آسان ـ سهل ـ خوش خلق ـ نرم ـ ملائم
facilitate,سهولت پيدا کرناـ سهل کرناـ ترقي کرنے ميں مدد کرنا
facilitation,آساني ـ سهولت
facility,تقرير کي رواني ـ آساني ـ آسان هونا ـ اچھا موقع
facing,پوشش ـ لباس ـ کناره ـ حاشيه ـ اوپلا ـ استر کاري
facsimile,ٹھيک نقل ـ هو بهو نقل کرنا ـ لکھائي
fact,حقيقت ـ حالت ـ اصل حال ـ صداقت
faction,جماوت ـ گروه ـ سياسي فريق
factional,فسادي ـ مفسد ـ فتنه انگيز ـ هنگانه پراذ
factious,غير حقيقي ـ جعلي ـ بناوٹي ـ نقلي
factiousness,فتنه انگيزي ـ بکھيڑا ـ دنگا فساد
factitious,غير حقيقي ـ جعلي ـ بناوٹي ـ نقلي ـ مصنوعي
factitiousness,دنگا ـ فساد ـ جھگڑا
factitive,افعال قلوب ـ ايسے فعل فن ميں مفعول اور توسيع فعل هو
factor,عنصر ـ لازمي جز ـ حقيقت ـ اهم جز ـ واقعه
factorable,قابل حقيقت
factory,کارخانه
factotum,هر کام کرنے واله ملازم
factual,اصلي ـ حقيقي ـ واقعائي
factum,محضر ـ درخواست ـ واقعه کي روادار ـ بيان
faculty,لياقت ـ استعداد ـ قابليت ـ دماغي قوت ـ جامعه ميں کسي فن کا شعبه
fad,دھن ـ اصول ـ خبط ـ وهم
fadable,قابل وهم
faddism,دلنشين خيال ـ خبط ـ وهم ـ تصوريت
faddist,اپنے خيال پر چلنے والاـ وهمي ـ خبطي
fade,مرجھانا ـ خشک هونا ـ زائل هونا ـ مائد پڑنا ـ پھيکا پڑنا
fader,مرجھانے والا
faeces,فضله ـ درد ـ پاخانه ـ ليد ـ گوبر
fag,جان مانا ـ محنت مزدوري کرنا ـ چاکري کرنا ـ سخت تکليف اٹھانا
faggot,ايندھن کا گٹھا ـ کليجي کے کباب
fagot,لکڑيوں کا گٹھا
fahrenheit,حرارت پيما آله
fail,ناکام هوناـ کم هونا ـ گھٹ جانا ـ کافي نه هونا ـ معدوم هونا
failing,چوک ـ قصور ـ خطا
failingly,ناکامي سے
failure,ناکام شخص ـ نامرادي ـ ناکامي ـ کمي
fain,رضا مند نه حالت مجبوري
faineant,کام چور ـ سست ـ کاهل
faint,کم همت ـ بزدل ـ کمزور ـ مرجھايا هوا ـ هلکا
fainthearted,نامرد ـ کم همت ـ ٹرهوک
fair,حسين ـ بے داغ ـ بے عيب ـ خوبصورت ـ خوشنما
fairhaired,پورے بالوں والا
fairing,وه تحفه جو کسي ميلے ميں خريدا جائے
fairly,خاصا ـ بالکل ـ ٹھيک ٹھيک ـ انصاف سے
fairness,حسن ـ خوبي ـ پاکيزگي ـ ايماني داري
fairplay,مساوي برتاؤـ انصاف
fairtale,پريوں کي کهاني
fairy,پري ـ پري دار ـ پريوں کا خيال
fairyland,پرستان ـ پريوں کا ديس
fait,قطعي فيصله ـ ختم شده کام
faith,اعتبار ـ يقين ـ ايماني ـ مذهب ـ اقرار
faithful,پات کا پکا ـ قول کا پورا ـ با وفا ـ ثابت قدم ـ نمک حلال
faithfully,وفاداري سے ـ ايمان داري سے
faithfulness,سچائي ـ کھرا پن ـ نمک حلالي ـ اعتبار
faithless,کافر ـ بے ايماني
faithlessly,بے ايماني سے
fake,بناوٹي چيز ـ جعلي چيز
fakeer,فقير
fakery,فقيري
falcate,خمدار ـ ٹيرھا ـ خمدار
falchion,خمدار تيغ ـ عباسي
falcon,شکره ـ باز ـ بهري
falconer,باز دار ـ بازوں کو سدھانے والا ـ بازوں کا شکاري
falconry,باز بازي
fall,پيدا هونا ـ گر پڑنا ـ زوال پذير هونا
fallacious,گمراه کن ـ دھوکے کا ـ غلط کاذب
fallacy,غلطي ـ فريبي ـ دھوکا ـ فريب کاري
fallastern,پيچھے ره جانا
fallbackupon,آسرا ڈھونڈنا ـ سهارا لينا
fallibility,خطا کاري ـ قصور واري
fallible,بھولنے والا ـ چوکنے والا ـ خطا وارن
fallingsickness,صرع ـ مرگي
fallingstar,شهاب ثاقب
fallintoarange,غصه هونا
fallout,ريڈيائي اثرات ـ جوهري بم کے مضر اثرات ـ لڑ پڑنا
fallow,کاشت کرنا ـ جوتنا
fallshortof,حصول مقصد ميں ناکام رهنا ـ توقع پوري نه کرنا
false,جھوٹ ـ دروغ گو ـ باطل ـ بے ايمان ـ نمک حرام ـ دھوکے باز
falsehood,کھوٹ ناراستي ـ جھوٹ ـ بے ايماني
falsely,دغا بازي سے ـ دھوکے سے ـ جھوٹ بول کر
falser,جھوٹ بولنے والا
falsetto,بلند روشن آواز ـ اونچے سر کي تان
falsification,غلط بياني ـ جعلسازي ـ تلبيس
falsified,رد و بدل ـ جعلي تحرير
falsifier,جعلي تحرير تيار کرنے والا
falsify,رد و بدل کرنا ـ غط بياني کرنا ـ بگاڑنا
falsity,بد ديانتي ـ فريب کاري
falter,پس و پيش کرنا ـ لڑکھڑانا ـ هچکچانه
falterer,هچکچانے والا
falteringly,پس و پيش کرتے هوئے ـ هکلاتے هوئے
fame,زبان زد هونا ـ مشهور هونا ـ شهرت دينا ـ چرچا هونا
familarity,دوستي ـ بے تکلفي ـ ميل ملاپ
familiar,اپنے گھر کا ـ اپنے خاندان کا
familiarity,دوستي ـ ميل ملاپ
familiarize,خوگر کرنا ۔ پلانا ۔ وحشت دور کرنا ۔
family,اهل و عيال ـ بال بچے ـ کنبه ـ بھائي بند ـ قريبي رشته دار
famine,گرائي ـ قحط سالي ـ قحط
famish,پھوکا مارنا ـ فاقوں سے هلاک هونا
famous,نامي ـ نامدار ـ معروف ـ مشهور ـ نهايت عمده
fan,پنکھا ـ باد کش ـ باد آور  ـ دونکني
fanatic,متعصب ـ پر جوش ـ ديوانه ـ سر گرم
fanaticism,جذبه ـ مذهبي جنون
fancier,شوقين ـ شائق
fanciful,وهمي ـ خيالي ـ متلون ـ فرضي
fancifully,انوکھي طرز سے ـ تلون سے
fancy,خيال کرنا ـ گمان کرنا ـ تصور کرنا ـ قياس کرنا ـ خواهش کرنا
fane,عبادت گاه ـ حرم ـ دائره ـ گرجا ـ مسجد ـ مندر
fanfare,ترقي کا باجا ـ نفيري ـ باجا ـ گاجا
fanfarons,لاف زن ـ شيخي باز ـ اکڑ باز
fang,دانت ـ درندوں کا بڑا دانت
fantail,لقا کبوتر
fantasm,خيال ـ وهم ـ سهراب ـ دهوکا
fantast,خيالي پلاؤ پکانے ولا ـ خيالي
fantastic,وهمي ـ خيالي ـ بے اصول
fantastical,بے اصول ـ وهمي ـ خيالي
fantastically,نرالے انداز سے
fantasy,تصورات پيدا کرنے والي طاقت ـ خيال وهم ـ قوت واهبه
far,دور دراز ـ بعيد ـ دور تک í فاصله پر
farce,مزاحیہ قسم کا ناٹک ۔
farcer,تمشائيوں کو هنسانے والا ـ مزاحيه
farcical,هنسي مزاق کا ـ مزاقيه
farcy,کھجلي ـ خارش
fare,زاد راه ـ گاڑي کا کرايه ـ سفر کرنا ـ جانا ـ پيش آنا
farewell,الوداع ـ في امن الله ـ خدا حافظ
farina,آٹا ـ ميده ـ زهره گل
farinaceous,آٹے کا ـ ميدے کا
farm,کييٹ ـ کاشت ـ چک ـ اجاره دينا ـ جمع بندي کرنا ـ بچوں کي تربيت کرنا
farmable,قابل کاشت
farmer,کسان ـ زميندار
farming,زمينداري ـ کاشتکاري ـ کھيتي باڑي
faro,پتوں کا کھيل
farouche,چڑ چڑا ـ شرميلا ـ کھچڑي
farrago,کھچڑي ـ گڈ مڈ ـ گڑ بڑ
farrier,نعلبند ـ سلوتري ـ بيطار
farriery,نعل جڑنا
farrow,جھول نکالنا ـ نچے دينا ـ سود کي جھول
fart,گوز ـ گوز کرنا ـ رياح خارج کرنا ـ پاد
farther,دور تر ـ زياده تر ـ اور آگے ـ ذرا آگے
farthest,سب سے دور ـ دور دراز ـ بهت دور
farthing,دھڑي ـ بهت حقير رقم
farthingale,ابھر هوا سايه ـ سايه پھيلانے کا چکر
fascicle,گچھا ـ گلدسته
fasciculate,گچھے دار
fascinate,جادو کرنا ـ موه لينا ـ درويده کرنا ـ شکار کو مسحور کر لينا í کشش سے کام کرنا
fascination,دلکشي ـ سحر ـ افسوں
fascine,لکڑيوں کے گٹھے جو جنگ ميں مورچوں کو اونچا کرنے کھائيوں کو بھرنے اور کڑگجوں کے بانے ميں کام آتے هيں
fascism,فسطائيت
fascist,فسطائي اصولوں کا پيرو
fash,آفت ـ مصيبت ـ جھنجھٹ ـ دق کرنا ـ ستانا
fashion,انداز ـ لباس ـ روپ ـ تراش ـ شکل ـ دستور ـ رواج ـ طور طريقه ـ بتابا ـ ٹھالنا ـ منشکل کرنا
fashionable,پابند وضع ـ وضع دار
fast,پرت رکھنا ـ روزه رکھنا ـ فاقه کشي ـ تيزي سے ـ مضبوطي سے ـ جلدي سے ـ پيوسته ـ جکڑا هوا
fasten,چکڑنا ـ کسنا ـ مضبوطي سے بانڈھنا
fastener,جکڑنے والا
fastidious,نزاکت پسندـ نازک مزاج ـ نازک ـ عالي دماغ ـ صاحب ذوق
fastidiously,نزاکت سے ـ تنک مزاجي سے
fastidiousness,نازک مزاجي
fastness,پائداري ـ پختگي ـ مضبوطي
fat,موٹا تازه ـ چربي دار ـ روغن دار ـ چپکنے والي مٹي ـ زر خيز
fatal,قسمت کا لکھاهواـ مهلک ـ مقدر کا
fatalism,جبريت
fatalist,جبريه
fatality,نصيب ـ تقديد ـ مقدر ـ انجام
fate,مرنا ـ مقدر هونا ـ مقدر کرنا
fateful,برے شگون والا ـ منحوس ـ اهم ـ ضروري
father,والد ـ ابا ـ پدر ـ باپ ـ پر دادا
fatherly,باپ جيسا ـ مشفقانه
fathom,ايک بام ـ قدائم
fathomable,قابل لياقت
fathomless,نے تل ـ عميق
fatidical,پيشين گو ـ غيب دان
fatiguable,قابل تھکن ـ تھکانے کے قابل
fatigue,تھکن ۔ تکان ، مشقت ، محنت 
fatiguing,چور چور کر دينے والا
fatling,جانور جو ذبح کرنے کے لئے پالا جائے ـ کم ومر چربي والا جانور
fatten,موٹا کرنا ـ موٹا هو جانا ـ پھولنا ـ فربه هونا
fatty,موٹا تازه ـ روغن ـ چکنا ـ چربي دار
fatuity,گدھا پن ـ حماقت
fatuous,الو ـ گدھا ـ احمق
fauces,حلق
faucet,شراب کے پيپے کي تونٹي
faugh,حيف ـ چھي چھي
fault,کوتائي ـ غلطي ـ قباحت ـ چوک ـ عيب ـ قصور ـ کھوٹ ـ غلط کام کرنا ـ غلطي کا کام
faultfinder,عيب جو
faultless,بے قصور ـ بے عيب
faulty,ناکاره ـ خراب ـ ناقص
fauna,کسي خطه کے جانور
favor,ساتھ دينا ـ مهرباني کرنا ـ مدد کرنا ـ پسند کرنا ـ سهولت پيدا کرنا
favorable,طرفدار ـ مفيد ـ مهربان ـ موافق ـ مائل ـ پسنديده
favorer,امداد کرنے والا ـ ساتھ دينے والا
favorite,مقبول ـ منظور ـ دلپسند
favoritism,جانب داري ـ رعايت
favour,ساتھ دينا ـ امداد کرنا ـ مهرباني کرنا ـ پسند کرنا
favourer,امداد کرنے والا ـ ساتھ دينے والا
fawn,هرن کا بچه ـ اظھار انس کرنا ـ دم پلانا ـ چاپلوسي کرنا
fawncolour,هلکے بادامي رنگ کا
fay,چپکانا ـ چسپان کرنا ـ جوڑنا ـ ايمان ـ پريزادـ پري
fealty,اطاعت گزاري ـ فرمانبرداري ـ اقرار وفا داري
fear,خوف کھانا ـ دهشت کھانا
fearer,خوف کھانے والا ـ ٹرنے والا
fearful,خوفزده ـ خائف ـ بزدل
fearfully,دهشت سے ـ خوف سے
fearfulness,خوف ـ دهست
fearlessly,جانبازي سے ـ بے باکانه ـ بے دھڑک
fearsome,هولناک ـ ڈراؤنا
feasibility,کار آمد هونا ـ آساني ـ سهولت
feasible,عمل پذير ـ قابل عمل
feast,تهوار ـ جشن
feastaway,رات بھر کھانا پينا
feastofreason,مجلس مذاکره ـ تذکره ـ علمي
feat,کرتب ـ بازي گري ـ چالاکي
feater,باري گر ـ چالاک
feather,بال و پر ـ کلغي ـ پنکھ ـ ٹوپي ميں لگانے کے پر
featherweight,خاص کر ايک سوار جسکا وزن ايک استون هو
feathery,هوا کا سا ـ تيز
feature,صورت شکل ـ وضع قطع ـ نقشه اٹارنا ـ رنگ روپ
febrifuge,دافع بخار
febrile,بخار سے متعلق
february,فروري
feckless,غلاظت ـ آلائش
feculency,تلچھٹ ـ غلاظت ـ ميلا پن
feculent,کندا ـ ميلا
fecund,بار آور ـ زهن رسا ـ کشير اولاد
fecundate,ثمر دار کرنا ـ بار آور کرنا ـ حامله کرنا
fecundation,حمل رهنا ـ حمل
fecundity,نچه کشي ـ سر خيزي
federal,وفاق ـ متحده
federate,متحد هونا
federation,وفاقي حماعت  ـ عهد و پيمان
fee,ملک تعلقه ـ جائدادـ مزدوري ـ اجرت
feeble,ضعيف ـ کمزور ـ ناتوان ـ کاهل
feebleminded,نامرد ـ بزدل ـ دل کا بودا ـ کم همت
feebleness,ضعيف ـ کمزوري
feed,پرورش کرنا ـ پالنا پوسنا ـ کھلانا ـ پلانا ـ منه ميں لقمه دينا ـ دودھ دينا ـ چرانا ـ غذا کا کام دينا
feedable,قابل پرورش ـ کھلانا پلانا ـ زميں کو چراگاه بنانا
feeder,چاره ڈالنے والا ـ کھانا دينے والا
feel,ٹٹولنا ـ معلوم کرنا í محسوس کرنا ـ شعور هونا
feeler,محسوس کرنے والا
feeling,احساس ـ جذبه ـ درد ـ رقت ـ تصور
feelingly,رقت سے ـ همدردي سے ـ درد مندي سے
feet,پاوں ـ پير
feign,جوڑنا ـ کھڑنا ـ بنانا  ـ ايجاد کرنا ـ بهانا بنانا ـ حيله کرنا
feigned,بهانه باز ـ مکار ـ جھوٹا
feint,مدھم ـ دھندله ـ جھوٹ موٹ کا ـ بناوٹيو
felicitate,نهال کرنا ـ مسرور کرنا ـ خوش کرنا ـ مبارک باد کرنا
felicitation,مبارک بادي ـ انبساط ـ سرور ـ چين
felicitator,مبارک باد دينے والاـ خوش کرنے والا
felicitous,شاد ـ خوش و خرم ـ مسرور ـ پر لطف
felicity,چين ـ سکھ ـ آرام ـ خوشي ـ مسرت ـ آسودگي ـ خوشحالي
feline,کربه صفت ـ بلي کا ـ کينه پرور
fell,چمڑا ـ کھال ـ گرا دينا ـ ظالم ـ سنگدل ـ بے رحم ـ قاتل
fellable,گرانے کے قابل
felloe,ميڈرا ـ پوٹھي
fellow,دوست ـ رفيق ـ يار ـ ساتھيا
fellowship,شرکت ـ صحبت ـ موافقت ـ جماعت
felodese,خود کشي کرنے والا ـ خود کشي
felon,گنهگار ـ ظالم ـ بے رحم ـ مجرم ـ شرير
felonious,فاسد ـ ناکاره ـ مجرمانه ـ خراب
feloniously,بدمعاشي سے
felonry,ندمعاشوں کي جماوت يا گروه
felony,بد معاش
felt,نمدا بنانا ـ نمدا
felucca,فلک ـ بحر روم کے ساحل پر چلنے والي کشتي
female,عورت ـ ماده ـ زنانه
feminine,زناني ـ نسواني
femininity,زنانه پن ـ نسوانيت
feminise,نسواني خواص اختيار کرنا
feminize,نسواني خواص اختيار کرنا
femoral,ران کي هڈي کے متعلق
femur,ران کي هڈي
fen,دلدلي زمين
fence,فصيل ـ روک ـ آڑ ـ نچاؤ کرنا ـ گھير لينا ـ روکنا ـ احاطه کرنا
fencer,تيغ زن
fencible,وه سپائي جو ملک ميں ره کر صرف ملک کي حفاظت کرے
fencing,تيغ رئي
fencingmaster,پٹے باز
fend,روکنا ـ باز رکھنا
fender,کوئي جو روکنے کے لئے کام آئے
fennel,سونف ـ سويا
fenny,دلدلي
fenugreek,ميتھي
feoff,متولي بنانا ـ قبضه يا دخل دينا ـ جاگير دينا
feoffee,متولي ـ جاگيردار
feoffer,جاگير منتقل کرنے والا
feretory,تابوت گاه ـ آثار دان
ferial,اس دن کا فو تقريب کے لئے نه هو ـ معمولي دن
ferine,درندوں کا ـ وحشي ـ جنگلي
ferment,اٹھانا ـ جوش پيدا کرنا ـ بھڑکانا
fermentable,جوش پيدا کرنے کے قابل
fermentation,ابال ـ جوش ـ هيجان
fermentative,جوش پيدا کرنے والا
fern,ايک قسم کا پودا
ferocious,درنده خو ـ ظالم ـ خونخوار
ferociousness,درندگي ـ وحشي پن ـ بے رحمي
ferocity,خون خواري ـ درندگي
ferret,بڑے نيولے کي قسم کا ايک جانور
ferriage,ناؤ کا کرايه
ferric,لوهے کا
ferriferous,سنگتي لوهے کا ـ جس ميں لوها نکلے
ferruginous,زرات کا ـ رنگ کے رنگ کا ـ سرخي مائل پھوڑا
ferrule,چھلا ـ شام
ferry,ناؤ پر پار کرنا ـ تاؤ سے عبور کرنا
fertile,سرسبز ـ زرخيز
fertileness,شادابي
fertility,درخيزي
fertilizable,قابل کاشت کرنا ـ قابل زرخيز
fertilization,زرخيز بنانا
fertilize,قابل کاشت کرنا ـ زرخيز بنانا ـ باو آور کرنا
fertilizer,کيمائي کھاد
ferule,بچوں کي سزا دينے کي قمچي ـ بڑا سويا ـ سونف
fervency,شوق ـ ولوله ـ جوش
fervent,دلسوز  ـ تيز ـ تند ـ گرم ـ سرگرم
fervently,دلسوزي سے ـ گرم جوشي سے
fervid,پرجوش ـ پر شوق ـ سرگرم
fervor,گرمي ـ جلن ـ حرارت ـ شوق
fervour,شوق ـ حرارت ـ جلن
fescue,لکڑي جس سے پڑھاتے وقت نقشه يا تخته سياه پر حرف کوئي اور چيز بناتے هيں
festal,خوش خرمي کا ـ جشن کا ـ عيد کا
fester,مواد پڑنا ـ زخم پڑنا ـ بد خواهي کرنا ـ جلنا
festival,تقريب ـ ميله ـ عيد ـ تهوار
festive,خوش و خرم ـ هشاش بشاش ـ باغ  باغ
festivity,رنگ رلياں ـ جشن ـ عيش و عشرت
festoon,سهرا ـ بار
fetch,لے کر آنا ـ حاصل کرنا ـ آنسو يا خون نکالنا ـ دام پانا ـ قيمت پانا ـ راغب کرنا ـ سانس لينا
fetcher,لے کر آنے والاـ  حاصل کرنے والا
fete,تهوار ـ جلسه ـ عيد
fetid,گندا ـ بدبو دار ـ سڑا هوا
fetidness,بدبو ـ سڑاند ـ عفونت
fetish,شجر ـ بے جان ـ حجر
fetlock,گھوڑے کا ٹخنه ـ گٹھا
fetter,زنجير ـ پيڑي ـ روک ـ اٹکاؤ
fettle,درست کرنا ـ مرمت کرنا ـ حالت
feu,مقرره لگان پر دوامي پته ـ جمع بندي
feud,عداوت ـ هنگامه ـ پراني دشمني
feudal,فوجي خدمت کے متعلق
feudalism,جاگيرداري نظام
feudatory,جاگيرداري ـ بحيشت جاگير دار
fever,هيجان ـ جوش ـ ابال ـ بخار ـ تپ ـ بخار آنا
feverish,بے قرار ـ بخار کا سا
feverishness,بے کلي ـ بے قراري
few,محدود ـ چند ـ گنتي کے ـ چند ايک
fewness,تھوڑا ـ قلت ـ کمي
fez,ترکي ٹوپي
fiasco,بھول ـ چوک ـ خطا ـ غلطي کھوٹ ـ سخت ناکامي
fiat,فرمان ـ حکم ـ اختيار دينا
fib,جھوٹ بولنا ـ مکا مارنا
fibber,مکا مارنے والا ـ جھوٹ بولنے والا
fibre,نس ـ ريشه ـ وضع ـ بناوٹ
fibrin,ريشے جيسي چيز
fibrous,ريشه دار
fickle,ناپائيدار ـ نے چين ـ بے کل
fickleness,نے ثباتي ـ بے اعتمادي
fictile,کمهار کا ـ سانچے ميں ٹھلا هوا ـ متي کا بنا هوا
fiction,افسانه ـ من گھڑت قصه ـ کھاني
fictitious,جھوٹا ـ خيالي ـ بناوٹي ـ بنايا هوا ـ جعلي ـ فرضي
fid,لکڑي يا لوهے کي بلي جو مستول ميں لگائي جاتي هے ـ کھونٹا
fiddle,سارنگی ۔ پکتارا ۔ چوتارا ۔ سا رنگ ۔ لغو ۔
fiddlefaddle,احمقانه گفتگو ـ بکواس
fiddler,سارنگي نواز ـ سانگيا
fiddlestick,سارنگي کا گز
fiddlestring,سارنگي کا تار
fidget,بے کلي ـ بے آرامي
fidgety,پريشان ـ بے قرار ـ بے چين
fiducial,مستحکم ـ راسخ ـ مضبوط
fiducially,معتقدانه ـ بلاشبه ـ بلا شک
fiduciary,امين ـ امانتدار ـ اعتماد ـ پکا ـ مضبوط
fie,شرم ـ چھي چھي
fief,پراني دشمني عداوت
field,ميدان کھيت ـ کاشت ـ چراگاه
fielder,کاشتکار
fielding,کاشتکاري
fiend,بھوٹ ـ ديو
fiendish,شيطان سيرت ـ بھوت جيسا
fiendishly,بد نفسي سے
fierce,تند ـ تيز ـ آتش مزاج ـ خشم الود ـ خونخوار
fierceness,خونخواري ـ تندي
fiery,شعله ـ آتش ـ گرم ـ تيز ـ پر شوق
fife,مرلي ـ بانسري ـ بے نواز
fifer,نے نواز ـ بانسري بجانے والا
fifteen,پندره
fifteenth,پندراھواں
fifth,پانچواں
fifthly,پانچويں جگه پر
fifty,پچاس ـ پهت سے
fig,گوار ـ انجير
fight,جنگ ـ جھلاپ ـ معرکه ـ لڑائي
fighter,لڑنے والا
fighting,لڑائي
figment,من گھڑت بيان ـ بے بنياد
figurant,ناچنے والي ـ رقاصه
figurante,تاچنے والي ـ رقاصه
figurate,ڈول يا صورت بنانا
figuration,خيال ـ تشکيل ـ چهره مهره
figurative,تمثيلي ـ مرادي ـ رنگين
figuratively,تشبيها ـ مجازا
figurativeness,رنگيني ـ مجازيت
figure,حالت ـ صورت ـ شکل ـ وضع ـ خاکه
figurer,تصور کرنے والا
filament,سوت ـ ريشه
filature,ريشم کا ايون ـ ريشم کے تار لپيٹنے کي چرخي
filch,چوري کرنا ـ چرانا ـ اڑالينا
filcher,اچکا ـ چوٹا
file,ريتي ـ عيار ـ مکار ـ فطرتي ـ چيتي سے صاف کرنا ـ رگڑنا ـ رگڑ کر هموار کر دينا ـ قطار ميں چلنا ـ کوچ کرنا ـ کاغزات ترتيب سے رکھنا ـ فائل
fileable,قابل اصلاح
filial,اولاد کا ـ لڑکا يا لڑکي  کا
filiated,باپ بنانا
filiation,اولاد ـ فرزندي ـ نسب
filibuster,لٹيرا ڈاکو
filigree,زردوزي ـ طلا کاري
filing,چوره ـ براده ـ ذرات
fill,پر کرنا ـ بھرنا ـ ذخيره کرنا ـ سير کرنا
fillable,بھرنے کے قابل
filler,بھرنے والا ـ پر کرنے والا
fillet,سربند ـ سر کا بندھن ـ جوڑا بندھن
fillip,ناخن سے اچھالنا
fillout,ڈالنا ـ زياده کرنا ـ بڑھانا
fillup,بھر دينا ـ کمي پوري کرنا ـ منه تک بھرنا
filly,چنچل دوشيزه ـ گھوڑي کا بچ
film,جھلي ـ جاله ـ فوٹو يا فلم کي پٹي ـ دھند ـ فلم بنانا
filmy,جھلي دار
filter,پاني مقطر کرنے کا برتن يا آله ـ مقطر کرنا
filterer,مقطر کرنے والا
filth,پاخانه ـ گوهر ـ غلاظت
filthy,غلييظ ـ ناپاک ـ ميلا
filtrate,چھائي پوئي شراب ـ صاف کرنا ـ مقطر کرنا
filtration,صاف کيا هوا پاني
fin,هاتھ ـ بازو
final,آخري امتحان ـ فيصله کن
finality,انجام ـ قطعيت ـ انتها
finance,آمدني ـ مال گزاري ـ محاصل ـ ماليه
financial,خزانے ـ خراج کے متعلق ـ مالي
financially,معاشي
financier,مالي کاروبار کرنا ـ  روپيه لگانا
finch,ايک قسم کي چڑيا
find,پانا ـ هاتھ لگانا ـ ملنا ـ معلوم کرنا
findable,پانے کے قابل
finder,پانے والا
fine,پيشگي رقم ـ جرمانه ـ تاوان ـ خوبصورت ـ عمده ـ نفيس ـ نادر ـ خالص
fineable,خوبصورتي کے قابل
finer,جرمانه کرنے والا ـ تاوان وصول کرنے والا
finery,بناؤ ـ سنوار ـ بننا ٹھنا ـ زيبائش
finesse,نازک انداز ـ زهرگي ـ حکمت
finest,سب سے عمده
finger,انگلي ـ انگشت ـ رقم لينا ـ رشوت لينا
fingerer,رشوت لينے والا ـ رقم لينے والا
fingerpost,سڑک بتانے والا هاتھ کا نشان
finical,اوچھا ـ هلکا ـ سيک ـ تفاست پسند
finis,خاتمه ـ انجام ـ تمت ـ زندگي کا انجام
finish,ختم کرنا ـ خاتمه کر دينا ـ مکمل کرنا
finishedmanners,پاکيزه اخلاق ـ شاهسته اطوار
finisher,مکمل کرنے والا ـ خاتمه کرنے والا ـ مارنے والا
finite,مفيد ـ محدود
finny,پر دار
fiord,دو اونچي پهاڑيوں کے درميان سمندر کا طويل ناله
fir,صنوبر ـ شمشار
fire,آگ ـ آتش ـ سوزش
firkin,ڈبا ـ مرتبان ـ برني
firm,ٹھوس ـ مستحکم ـ مضبوط ـ پائيدار
firmament,فلک آسمان ـ چرغ
firman,اجازت نامه ـ پروانه ـ حکم
firmly,مضبوطي سے ـ ثابت قدمي سے
firmness,پائداري ـ استقلال
first,اگلا ـ پهلا ـ اول ـ مقدم ـ سابق ـ بڑا ـ درجے ميں بڑا
firstaid,وقتيه علاج ـ فوري طبي امداد
firstborn,پهلي پيدائش
firstly,سب سے پهلے
fiscal,خزانه کے متعلق
fish,مچھلي ـ ماهي ـ مچھلي کا گوشت ـ مچھلي پکڑنا ـ غوطه لگا کر موتي نکلنا ـ تعريف کرانا
fishable,مچھلي پکڑنے کے قابل
fishbone,مچھلي کي هڈي
fisher,مچھيرا
fisherman,مائي گير
fishery,مائي گيري کا پيشه
fisheye,سپاٹ نظر
fishy,مچھلي کي سي مزيدار چيز
fissure,دراڑ ـ دراز ـ شگاف ـ چاک ـ الک کرنا
fist,مشت ـ متھي ـ مکا
fistic,مشتي ـ مکا باز
fisticuff,هاتھا پائي ـ دھکم دھکا
fistula,ناسور ـ نالي دار زخم
fit,ٹھيک ـ قابل ـ موزوں ـ فالج ـ مرگي ـ دوره
fiting,ٹھيک ـ درست ـ مناسب
fitness,درستي ـ قابليت ـ مناسب ـ صلاحيت
fittingly,ٹھيک ٹھيک ـ درستي سے
five,پانچ
fix,مستحکم کرنا ـ نصب کرنا ـ متوجه کرنا ـ سخت هو جانا
fixable,حيراني کے قابل
fixate,منجمد کرنا ـ مضبوط کرنا
fixation,انجماد ـ مضبوطي
fixative,رنگ جمانے کا مساله
fixed,قائم ـ مضبوط ـ جما هوا ـ گڑا هوا
fixedly,گھوکر ـ مضبوطي سے
fixedness,سکون ـ ثابت قدمي
fixity,انجمار ـ جماؤ
fixture,مقرره کام يا کھيل ـ جمي هوئي چيز ـ جوڑ يا بند
fizz,سنسناٹا ـ سن سن ساں ساں کرنا
fizzer,سنسنانے والا
fizzle,دھيمي آواز ـ سي سي کي آواز
fizzleout,کام کي اچھي طرح نه هونا
flabbergast,حيراني و ششدر کرنا ناکامي نامرادي
flabby,کمزور í تھل تھل ـٹھيلا
flaccid,نرم ـ ٹھيلا ـ جھريان پڑا هوا ـ کمزور
flag,پاني کا پودا ـ دلدلي زمين وغيره ـ جھنڈا   ـ نشان
flagellant,کوڑے مار ـ اپنے اپ که سزا دے کر گناه دور کرنے والا
flagellate,اپنے آپ کو سزا دينا
flagellation,گناه دور کرنے کے لئے اپنے آپ کو سزا دينا
flagellator,اپنے آپ کو سزا دينے والا
flaggy,تقيه ـ کمزور ـ گرا هوا
flagitious,بدکار ـ مردور ـ گنھگار
flagon,پيمانه ـ شراب کي گول اور چپٹي بوتل
flagrant,سوزان ـ روشن ـ کھلا هواـ واضع ـ جلتا هوا
flail,بالي سے اناج نکالنے کا آله
flair,جبلي قوت امتياز و انتخاب
flake,روئي ـ برف کا گولا ـ پاپڑ ـ گرنا
flam,دہوکا ۔ فریب ۔ جہوٹی کہانی ۔
flambeau,مشعل ـ روشن
flamboyant,شعله ساں خطون کي صورت کا بنا هوا ـ شعلے جيسي لکيروں کا
flame,لو ـ شعله ـ بھڑکتي هوئي آگ ـ تيز روشني ـ سرخ رنگ
flamer,جلنے والا
flameup,شرما جانا ـ سعلے کي طرح پلنا
flaming,شعله زن ـ نهايت گرم
flamingo,لال سر
flammable,اشتعال پذير
flamy,شعله صفت
flange,چپٹي پاڑھ يا کگر جس کا کناره باهر کي نکله هوا هو
flank,کوکھ ـ پهاڑ کي ايک جانب ـ قلب فوج کے دونو ں جانب
flanker,بازو مار مورچه بندي ـ قلعه بندي
flannel,فلالين ـ ايک قسم کا اوني کپڑا
flannelet,نقلي فلالين
flap,هلکي تھپکي دينا ـ پر مارنا ـ کريز کرنا
flapedoodle,خرافات ـ بکواس ـ بے معني باتيں
flapjack,پوری ۔ میٹہی ٹکیا ۔
flapper,مگس مار ـ جون جنگل بطخ يا تيتر ـ وه لڑکي جو پنور عام صحبتوں شريک نه هوتي هو ـ هاتھ ـ ياد دلانے والي چيز
flare,جهاز کے بازوں کا ابھرناـ شعلے کا لرزنا
flareup,چند روزه سرفرازي ـ بھڑک اٹھنا
flash,شور کا نکلنه ـ چمکنا ـکوندنا ـ تيزي سے حرکت ميں آنا
flashy,سطحي ـ ذرا سي دير چمکنے والا ـ عارضي تجلي ـ بے مزه
flask,بارود کي کپي ـ ييل يا شراب کي بوتل
flat,هموار ـ برابر ـ مسطح ـ پھيلا هو ميدان ـ چورس ـ فرشي ـ کف دست
flatblasphemy,کھلا هوا کفر ـ نرا کفر
flatdenial,صاف انکار
flatnonsense,قطعا مهمل
flatrate,يکساں ترخ
flatter,ضرورت سے زياده تعريف کرنا ـ خوشامد کرنا ـ پھلانا í دم دينا ـ جھانسا دينا
flatterer,خوشامد کرنے والا ـ دم دينے والا
flattering,خوشامد
flattish,قريب قريب چپٹا
flatulence,غرور ـ بد دماغي ـ ابھار
flatulency,غرور ـ نفع
flatulent,ريح پيدا کرنے والا ـ بد دماغ ـ نفاخ
flatulently,بد دماغي کے ساتھ ـ اپھار سے
flaunt,پر مارنا ـ پھڑ پھڑانا ـ شيخي سے اترانا
flaunter,بھڑک دکھانے والا
flauntingly,اکڑفون سے ـ شيخي سے ـ اترا کر
flavor,مخصوص مزا ـ خوشبو ـ ملک
flavour,مخصوص مزه ـ مهک ـ خوشبو
flaw,قصور ـ نقص ـ عيب ـ دھبا ـ درد ـ خراب کر دينا ـ عيب پيدا کرنا
flawless,بلا نقص ـ بے عيب
flax,پٹ سن
flaxen,سن کا ـ سن کا بنا هوا
flay,کھال کھينچنا ـ سختي سے تنقيد کرنا ـ برباد کرنا
flayer,برباد کرنے والا
flayflint,بخيل ـ دھمکي دے کر روپيه وصول کرنے والا
flea,پسو
fleabite,معمولي بات
fleck,لکير ـ داغ ـ چھائي
fledge,پر نکلنا ـ پر دار نکلنا ـ ارنے کے قابل هونا يا کرنا ـ کچا آدمي ـ ناتجربه کار شخص
flee,بھاگنا ـ فرار هونا ـ رفو چکر هونا ـ بچنا ـ نفرت کرنا
fleece,بھيڑ کي اون
fleeceable,وه شخص جس کي دولت لوٹي جا سکيے وه  پھيڑ جس کي اور کاٹنے کے قابل هو
fleeced,وه شخص جسے لوٹ ليا گيا هو ـ بھيڑ جسکي اون کاٹ لي گئي هو
fleer,منه چڑانا ـ هنسي اڑانا ـ آوازے کسنا ـ تحقير کرنا
fleet,کھاڑي ـ ايک ساتھ سفر کرنے والے جهازوں کا بيڑا ـ اڑ جانا ـ غائب هو جانا
fleeter,اڑ جانے والا ـ غائب هو جانے هولا
fleeting,ناپائيدار
fleetmarriage,شادي کي رسم جو کسي بدنام پادري نے ادا کي هو
fleetparson,بے وقعت پادري جو فليٹ قيد خانه کے اعتراف ميں خفيه نکاح پڑھايا کرنا تھا
flemish,ملک فلينڈرس کي زبان
flesh,سکار کرنا í خون چٹاناـ کوشت کھلانا
flesher,قصاب ـ بوچڑ
fleshing,گوشت کا هم رنگ چست لباس
fleshly,انساني ـ بشري ـ حيواني ـ شهواني ـ فنساني ـ مادي
fleshtights,تنگ اور چست لباس جو گوشت کا رنگ هوتا هے
fleshy,گوشت دار ـ لحم ـ فربه
flex,خم کرنا ـ موڑنا ـ چمکانا
flexibility,نرمي ـ لچک
flexible,لچکدار ـ  جھک جانے وار مڑنے والا
flexion,جڑا هوا حصه ـ موڑ ـ خم
flexor,عضو کو جھکانے والا پٹھا
flexure,خميدگي ـ خم ـ لچک
flibbertigibbet,بک بک کرنے والا ـ بکواس
flick,کوڑا مارنا ـ چابک لگانا ـ جھٹکا
flicker,سانپ کي طرح حرکت کرنا ـ وا سے پلنا ـ پلنا جلنا ـ پر جھاڑنا
flight,اڑان ـ پرواز ـ هوا ميں پرواز ـ پرواز کا طريقه ـ گريز ـ فرار
flighty,وحشي  ـ کم عقل وهمي
flimsiness,کمزوري ـ تزاکت ـ بودا پن
flimsy,کمزور ـ ناپائيدار ـ نازک ـ بودا ـ کم حيثيت
flinch,هٹنا ـ دبنا ـ سرکنا
flincher,جي چرانے والا ـ سرکے والا
flinchingly,جھجکتے هوئے ـ کچے پن سے
fling,ڈالنا ـ گرانا ـ  پھيلانا ـ نکالناـ چھوڑنا
flinger,گرانے والا ـ  ڈالنے والا ـ چھوڑنيوالا
flint,چقماق کا پتھر جو اندر سے بھورا اور سخت هو تا هے
flinty,چقماق سا ـ کڑا
flip,کسي کے رخسا ر پر انگلي سے مارنا ـ چوٹ مارنا
flippancy,زبان درازي ـ بے پروائي
flippant,بے ادب ـ گستاخ ـ طرار
flippantly,بے ادبي سے ـ فرفر ـ تيز زباني سے
flipper,مچھلي کا چوڑا پر
flirt,اچھالناـ تيزي سے پلانا ـ جھوٹي محبت کرنا
flirtation,ناز ـ نخرے ـ معاشقه
flirtatious,نخرے باز ـ معاشقه کرنے والا
flit,پھٓڑکنا ـ پھڑپھڑانا ـ اڑ جانا ـ کوچ کرنا
flitabout,ادھر ادھر چلنا پھرنا
flitch,سور کے پهلو کا نمکين اور سکھايا هوا گوشت ـ ايک سمندري جانور کي چربي کا ٹکڑا
float,تيرنے والي کوئي شئے ـ ترينڈا
floatable,اشتهار کے قابل ـ تيرنے کے قابل
floatage,تيرنيوالي چيز ـ تيراکي
floatation,بھاؤ ـ کسي کاروبا ر کا آغاز
floater,تيرتي هوئي چيز
floating,بهتي هوئي ـ تيرتي هوئي
floatingdebt,عارضي فرض
flocculent,رعتيں دار ـ گچھے دار ـ رعني کے سے
flock,اون کي جٹا ـ اون يا روئي کا کالا
flockabout,گروه بنا کر چلنا پھرنا
flockout,گروه ميں باهر نکلنا
floe,سمندر ميں بھتا هو ابرف کا توده
flog,کوڑے ـ بيد سے مارنا ـچھڑي سے مارنا
flogger,بيد سے مارنے والا
flogging,کوڑے مارنا ـ درے مارنا
flood,چغياني ـ چڑھاؤ  ـ دريا ـ پاني سے بھر دينا
floodgate,پانی چھوڑنے اور روکنے کا دروازہ ۔
floodofrain,طوفا ني بارش ـ موسلا دھار ـ بارش
floodwater,سيلاب کا پاني
floor,زمين ـ تهه زمين ـ سمندر کي تهه ـ فرش کرنا
floorer,لمبا کر دينيوالا گھونسا ـ گرا دينے والا مکا ـ بد حواس کر دينے والي چيز
flop,بھدي چال سے چلنا ـ ڈھلنا ـ جھومنا ـ  بھاري اور بلند آواز سے
floppy,بے قابو ـ بھدا ـ بے ڈھنگا
flora,نباتيات ـ نامه
floral,پھولوں يا پودوں کي متعلق
floralzone,چھوٹا پھول ـ گل هزار
florescence,فصل گل ـ شادابي
floret,چھوٹا پھول
floriate,پھول پتيبنا کر آرائش کرنا
floriculture,پھولوں کي کاشت ـ پھولو ں پر داخت
floriculturist,پھول مالي ـ پھولو ں کي کاشت کا شوقين ـ پھول کاشت کرنے والا
florid,رنيگين ـ پھولوں سے سجا هوا ـ گل بهار
floridity,گل داماني ـ لالي ـ سرخي
florin,چاندي اور سونے کا سکه
florist,گل فروش ـ پھول کي کاشت کرنے والا
floss,ريشم ـ کچا ريشم
flotilla,چھوٹا بيڑا
flounce,جھالر ـ بيل ـ گوٹـ گھس پڑنا
flour,آٹا ـ ميده
flourish,ترقي کرنا ـ سرسبز هونا ـ پھلنا پھولنا
flout,توهين کرنا ـچڑانا ـ نفرت ظاهر کرنا
flouter,نفرت کرنے والا ـ توهين کرنيوالا
flow,ڈھلکنا ـ جاري هونا ـ رواں هونا ـ ابلنا
flower,گل ـ پھول ـ پھول کھلانا
flowery,پھولوں سے لد ا هوا ـ پھول دار
flowing,رواں ـ فصيح
flowingly,روائي سے
fluctuate,گھٹنا  بڑھنا  ـ اترنا چڑھنا ـ بدلتے رهنا ـ ڈگمگانا
fluctuation,لهراؤ  ـ اتار ـ تبديلي
flue,روئي کے منتشر ذرات ـ ديگ نالي ـ بانسري کے سوراخ
fluency,لساني رواني ـ حاضر بياني ـ فصاحت
fluent,ڈھلکتا هوا ـ راوں  ـ جاري ـ رقيق  ـ هموار
fluently,خوش بياني سے ـ فصاحت سے
fluff,رواں ـ نرم روئيں يا بال
fluffy,ملائم ـ پردار ـ روئيں دار
fluid,پتلا ـ پاني سا ـ سيال
fluidity,سيال هونا ـ پتلا هونا
fluke,ایک طرح کی چپٹی مچھلی ۔
flukily,خوش قسمتي سے
fluky,اتافاقي
flume,پاني لے جانيکي نالي ـ نالي بنانا
flummery,هلکا پھلکا کھانا ـ کھير ـ جو دودھ
flummox,گومگو ميں ڈال دينا ـ بد حواس کر دينا
flunkey,چپڑاسي ـ اردلي ـ چوبدار ـ پيش خدمت
fluor,رنگين روشني
fluorine,ايک قسم کي غير معدني بے رنگ گيس
flurry,هيجان ـ جھونکا ـ جوش ـ پريشان کرنا ـ حيران کرنا
flush,بازو تول کر اڑ جانا ـ نکل بھاگنا ـ سرخ هو جانا ـ همت دلانا ـ باغ باغ هونا ـ خوش کرنا  ـ دھارا
flushable,نکلنے کے قابل
flusher,نکلنے والا ـ پريشان کرنے والا
fluster,نيم مست کرنا ـ مدهوش کرد ينا ـ پريشان کر دينا
flute,نے ـ بانسري ـ مرلي
fluter,مرلي بجانيوالا
flutist,بانسر ي بجانيوالا
flutter,پروں کو پھڑپھڑانا ـ پھڑکنا ـ بے قرار هونا ـ اضطراب
flutterer,سنسني پيدا کرنے والا
fluty,بانسر ي کي سي صاف اور نرم آواز
flux,بھاؤ ـ سيلان ـ فاسد مادے کا اخراج
fluxions,بھتي هوئي  شي ـ روائي
fly,پرواز ـ اڑان ـ فاصله جو طے کيا گيا هو
flyable,اڑان کے قابل
flyaway,دور اڑنا
flyer,اڑنے والا
flyerflier,پرند ـ اڑنے والا ـ جانو ر يا سواري جو بھت تيز جا رهي هو
flying,اڑتا هوا ـ پروازي
foal,گھوڑي يا گدھي کا بچه
foam,باھر پھينکنا ـ اوپر آنا ـ کف ـ جھاگ لگانا
foamy,جھاگ دار
fob,گھڑي رکھنے کي چھوٹي جيب ـ فريب دينا ـ مکر کرنا ـ دھوکا دينا
focal,ماسکي ـ مرکز نگاه کيبابت
focus,مرکز نگاه ـ صحيح فاصلے کے مطابق شيشه لگانا
fodder,چاره ـ بھوسه ـ گھاس ـ چاره ڈالنا
foe,غنيم ـ حريف ـ عدو ـ دشمن ـ بد خواه
foetal,جنين کے متعلق
foeticide,حمل ضائع کرنا ـ حمل گرانا
foetus,جنين ـ رحم مادر کا بچه
fog,پاني کے اندر کھڑي هوئي گھاس ـ دھند ـ غير معمولي تاريک
foggey,پرائي وضع اور خيالات کا آدمي ـ قدامت پرست ا نسان
foggy,کهردار ـ دھندلا ـ تاريک ـ حيران پريشا
foggyideas,دھندلے خيالات کا
fogyish,پرائے خيال کا
foible,عيب ـ نقص ـ خطا ـ قصور ـ اخلاقي کمزوري
foil,شکست ـ هار ـ ناکامي ـ قوس بنا کر آرائش کرنا
foilable,قابل شکست ـ هرا نے کے قابل
foist,خران چيز ملا دينا ـ آميزش کرنا ـ بھرتي کرنا
fold,گلے لگانا  ـ تهه کرنا ـ سينے سے لگانا
foldable,مڑنے کے قابل
folder,تهه کرنے والي ـ لپيٹنے والي کل
folding,تهه کا نشان ـ شکن
foldingdoors,ايسے دروازے جن کے پٹ تهه هو جاتے هيں
foliaceous,برگ سا ـ پتے کا سا
foliage,پتے ـ پتياں ـ برگ ـ اوراق
foliageplant,کروٹن ـ وه درخت يا پودے جو پتوں کي وجه لگائے جاتے هيں
foliate,پتے دار ـ ورق بنانا ـ کوٹ کر بيل کر پرت بنانا
foliation,ورق سازي ـ ورقوں سے آرائش
folio,ايک تختے کے دو ورق
folk,لوگ ـ قوم ـ فرقه ـ قبيله
folklore,وه باتيں جو عوام ميں پائي جائيں
folksongs,عوام کے دلپسند گانے
follicle,چھو ٹي تھيلي ـ غدود ـ گانٹھ
follow,تعاقب کرنا ـ دل لگانا ـ اختيار کرنا ـ دھيان ديانـ اتباع کرنا
follower,اتباع کرنے والا ـ عمل کرنے والا ـ تعاقب کرنيوال
following,حالي موالي ـ ذيل کا
folly,نافهمي ـ حماقت
foment,گرم پاني سے دھرنا ـ کسي کو حرارت پهنچانا
fomentation,اشتعال ـ تحريک
fomenter,اشتعال دلانے والا
fond,بے وقوف ـ نادان ـ ضرورت سے زياده محبت کرنے والا
fonder,شوقين
fondle,چھاتي سے لگانا ـ پچکارنا
fondler,چھاتي سے لگانے والا
fondly,شوق سے
fondness,پير ـ شوق
font,چشمه ـ منبع
food,خاص قسم کي غذد ـ کھانے کي چيزيں ـ خوراک ـ قوت
foodanddrink,دانه و پاني
foodstuff,سامان خوراک ـ اشيائے خوردني
fool,احمق ـ بے وقوف ـ ساده لوح ـ دھوکه دينا
foolery,احمقانه حرکت
foolhardiness,احمقانه بھادري ـ احمقانه ضد
foolhardy,اجڈا
foolish,احمق ـ بے وقوف
foolishness,حماقت
foolproof,بے وقوف بھي نه کرے
foolscracy,ايسے حکومتي اراکين جو احمق هوں ـ احمقوں کي حکومت
foolsparadise,بيوقوفوں کي جنت
foot,پاؤں ـ پير ـ چال ـ قدم ـ رفتار ـ ذيل ميں
football,فٹ بال
footboard,گاڑي کے پيچھے اردلي يا سائيس کے کھڑے هونے کا تخته
footbridge,پيدل کراس کرنے وکا پل
footer,فٹ بال کا کھيل
footfall,پاؤں کا پھسلنا
foothold,پاؤں کا سهار ا ـ پاؤں رکھنے کي جگه
footing,جائے عافيت ـ پاؤں رکھنيکي جگه
footle,چھچھورا پن ـ چھچھوري حرکت کرنا
footwear,جوتے
fop,کج کلام ـ رنگيلا ـ وضعدار ـ خود پسند
fopling,حقير آدمي جو اکڑ دکھانے
foppery,حماقت
foppish,خود نما ـ پر تکلف
foppishness,خود نمائي ـ خود بيني ـ دکھاوا
for,بابت ـ برائے ـ لئے ـ بارے ـ کو ـ واسطے ـ واسطه ـ خاطر ـ طرف ـ بجائے ـ اس نيت سے
forage,دانه ـ چار ه ـ گھوڑوں کي غذا ـ لوٹنا ـ اجاڑنا ـ خرابکرنا
foray,حمله ـ دھاوا ـ هله بولنا
forbear,برداشت کرنا ـ توقف کرنا ـ در گذر کرناـ باز کرنا ـ تحمل کرنا ـ صبر کرنا
forbearance,برداشت ـ صبر ـ پرهيز
forbearer,برداشت کرنے والا ـ صبر کرنيوالا
forbearingly,تحمل کے ساتھ
forbid,معانت کرنا ـ منع کرنا ـروکنا ـ باز رکھنا
forbidden,ممنوع ـ ممتنع ـ حرام
forbidder,منع کرنے والا ـ روکنے والا
forbidding,بد شکل ـ زشت رو
force,زور ـ طاقت ـ فوجي طاقت ـ فوجي  دسته ـ زبردستي ـ توانائي ـ لاچار  کرنا ـ مجبور کرنا ـ چھيننا ـ قوت
forceful,مضبوط ـ طاقت ور ـ بااثر
forcemeat,مصاله دار قميه
forceps,زنبور
forcible,مضبوط ـ قوي ـ طاقت ور
ford,گھاٹ ـ دريا کو پايا ب جگه سے عبور کرنا
fore,آگے ـ پيش
forearm,مقابله کيلئے تيار هونا
forebode,پهلے سے خبر دينا ـ پيش گوئي کرنا
foreboder,پيش گوئي کرنے والا
foreboding,بد شگوني ـ پيش گوئي
forecast,دورانديشي کرنا ـ پيش بيني کرنا ـ عاقيت انديشه
forecaster,دور انديش
forecastle,جھاز کا اگلا  حصه
foreclose,روکنا ـ باز رکھنا
foreclosure,رهن کي هوئي چيز کي ضبطي
forefather,باپ دادا ـ اباواجداد ـ اسلاف
forefinger,انگشت شهادت
forefoot,جانور کا اگلا پاؤں
forefront,اگلا دسته
forego,قبل از وقت ترک کرنا ـ هاتھ دھو بيٹھنا
foregoer,قبل از وقت ترک کرنے والا
foreground,تصوير کا سامنے کا منظر
forehand,گھوڑے کا اگلا حصه
forehead,پيشاني ـ ماتھا
foreign,اجنبي ـ غير ملکي ـ بديسي
foreigner,پرديسي ـ غير ملکي جھاز
foreignism,غير ممالک کے الفاظ و محاروات
foreignize,غير ملکيوں کي نقل کرنا
forejudge,شهادت سننے سے پهلے فيصله دينا
forejudger,قبل از وقت فيصله کرنيوالا
forejudgment,فيصله
foreknew,پهلے سے واقف
foreknow,پهلے سے واقف هونا
foreknowledge,علم قبل وقوع
foreland,راس ـ بيني کوه
forelock,سامنے کا بال ـ سٹکني ـ کنڈي لگا کر بند کرنا
foreman,جيوري کا مير مجلس يا صدر
foremanship,جيوري کے مير کا عهده
foremast,اگلا بادباب
foremost,سب سے اگلا ـ پهلا ـ نماياں
foremother,دادي
forenoon,دو پهر سے پهلے
forensic,عدالت کے متعلق
foreordain,پهلے سے مقرر کرناـ کسي واقعه کي نشاندهي کرنا
forerun,بڑھنا ـ آگے رهنا ـ پيشواني کرنا
forerunner,آگے آنے والا
foresee,بھانپ لينا
foreseeable,بھانپ کينے کے قابل
foreseeing,دور انديش
foreshadow,پيش خيمه هونا
foreshorten,تصوير کو اس طرح دکھانا که اس کا اگلا حصه چھوٹا نظر آئے
foreshowed,پيش گوئي
foreshown,پيشن گوئي کرنا
foresight,دور انديشي ـ احتياط ـ دور بيني
foreskin,عضو ـ تناسل سے آگے کي کھال
forest,جنگل ـ درخت جو جنگل ميں هوں
forestall,پيش بندي کرنا ـ وقت سے پهلے کاروائي کرنا
forestaller,پيش بندي کرنے والا
forestay,مستول کھڑا کرنے کا موٹا رسه
forester,محافظ جنگلات
forestery,جنگل لگانے کا علم
forestry,جنگل لگانے کا علم
foretaste,چاشني ـ مزه
foretell,پيش گوئي کرنا ـ آنے والے واقعات ظاهر کرنا
foreteller,پيش گوئي کرنے والا
forethought,پيش بيني ـ دور انديشي
foretime,پرانے دن ـ گزرا هوا زمانه
foretoken,آنے والے خيالات کي طرف اشاره ـ پيش خيمه
foretooth,اگلا دانت ـ سامنے کا دانت
forewarn,پهلے سے خبر دار
foreword,مقدمه ـ آغاز کلام
forfeit,ضبطي ـ قرقي ـ تاوان
forfeitable,ضبط کرنے کے قابل
forfeiture,ضبط شده چيز
forfend,هٹانا ـ دور کرنا ـباز رکھنا
forgave,معاف کيا هوا
forge,دھاتوں کو گلانے کي بھٹي ـ تپانا ـ راسته پيدا کرنا
forger,تپانے والا ـاعتراض کرنے والا
forgery,جعل سازي ـ بناوٹ ـ جعلي دستاويز
forget,بھولنا ـ فراموش کرنا ـ خيال سے اتارناـ ياد نه رهنا
forgetable,فراموش کرنے کے لائق
forgetful,بيپروا ـ غافل
forgetfully,غفلت سے
forgettable,فراموش کرنے لائق
forgivable,قابل معافي
forgive,معاف کرنا ـ درگزر کرناـ بخش دينا
forgiven,بخشا هوا
forgiveness,معافي ـ ترک
forgiver,معافي دينے والاـ درگزر کرنے والا
forgiving,رحيم ـ غفور ـ معاف کرنے والا
forgo,پرهيز کرنا ـ ترک کرنا ـ چھوڑدينا ـ دست بردار هونا
forgoer,ترک کرنے والا ـ دست بردار هونے والا
forgot,بھول
forgotten,بھولا هوا
fork,دو شاخه ـ کھڑنچا ـ کھانے کا کانٹا
forked,بيچ سے چرا هوا ـ پھٹا هوا ـ نوکدار
forkout,ادا کرنا ـ حوالے دينا ـ دے دينا
forky,کانٹے کي طرح
forlorn,بے کسي ـ نااميدي ـ مايوسي ـ خطرناک عمل
form,روپ ـ شکل ـ تراش ـ ظاهري شکل و صورت ـ انتظامـ قالب ـ خرگوش کا گھر ـ قاعده
formable,بنانے کے قابل ـ ترتيب دينے کے قابل ـ تصور کرنے کے قابل
formal,دستور کے مطابق ـ حسب دستور ـ سخت ـ روکھا ـ ظاهري
formalist,رسم و ضبط کا پابند
formality,رسم ۔ قانون ۔ رواج ۔ قاعدہ ۔ طریقہ 
formally,رسمي طور پر
formation,پيدائش ـ خلقت ـ بناوٹ
formative,چيز بنانے والا
former,اول ـ پهلا ـ اگلا ـ سابق
formerly,آگے ـ پيشتر ـ زمانه ميں
formidable,خوفناک ـ ڈراؤنا ـ هولناک
formless,مجرد ـ بيصورت ـ بے شکل
formula,قاعده ـ دستور ـ ضابطه ـ ترکيب
formulary,مقره بيانات
formulate,تجويز کرنا ـ مشتکل کرنا
formulation,ضابطه ـ قاعده
formulator,ضابطه ساز
fornicate,زنا کرنا ـحرامکاري کرنا
fornication,زنا
fornicator,زنا کرنے والا ـ حرامکار
forsake,فراموش کرنا ـ ترک کرناـ بے تعلق هونا
forsaken,ترک کيا هوا ـ چھوڑا هوا
forsaker,بے تعلق هونے والا
forsaking,بے تعلقي
forswear,قسم کھانا ـ جھوٹي قسم کھانا
fort,قلعه ـ حصار
forte,قوت ـ استعداد ـ ذھانت
forth,آگے ـ سامنے ـ اگلا
forthcoming,آنے والا ـ غالبا پيش آنے والا ـ موجود ـ حاضر
forthwith,ابھي ـ في الفور
fortieth,چاليسواں
fortification,مورچه بندي ـ قلعه بندي
fortify,قلعه بندي کرنا ـ تصديق کرنا ـمورچے بنانا ـهمت افزا کرنا
fortitude,همت ـ برداشت ـ تحمل
fortnight,دو هفتے
fortnightly,هر دو هفتے بعد
fortross,گڑھي ـ چھوٹا قلعه ـ کوٹ ـ مستحکم کرنا
fortuitism,يه عقيده که قدرتي اسباب سے واقعات ظهور پذير هوتے هيں ليکن ان ميں کوئي منصوبه نهيں هے
fortuitous,اتفاقي طور پر واقع هونے والا
fortuity,موقع ـ اتفاق ـ حادثه
fortunate,خوش قسمتـ خوش نصيب ـ نيک اختر ـ مبارک ـ کامياب
fortunately,خوش نصيبي سے ـ خوش قسمتي سے
fortune,قضا و قدر ـ مشيت ـ تقدير ـنصيب ـ بخت
fortunehunter,جو شخص دولت مند بيوي تلاش کرتا هو
forty,چاليش
fortyfive,پنتاليس
fortywinks,چھپکي ـ مختصر نيند ـ قيلوله
forum,چوک ـ چاوڑي ـ بازار ـ وه مقام جھاں عدالتي کاروائي کي جاتي هو
forward,قبل از وقت ـ وقت سے پھلے تيار ـ آماده
forwarder,جلدبازي کرنے والا
forwardness,چستي ـ چالاکي ـ آزاد خيالي
fossa,کھائي ـ خندق ـ نشيب
fossil,زمين سے کھود کر نکالا هوا ـقديم ـ حجريه
fossilbones,هڈياں جو پتھر بن جائيں
fossilfuel,زمین میں دبا ہوا ایندھن ۔
fossiliferous,جس کے اندر حجري چيزيں هوں
fossilize,پتھر ميں تبديل کرنا
foster,پالنا ـ پرورش کرنا ـمحبت سے پرورش کرنا
fosterage,دايه گري ـ دودھ پلانے کي ملازمت
fosterer,پرورش کرنے والا ـپالنے والا
fosterling,رضاعي بچه
foul,ميلا ـ گندا ـ ناپاک ـ غليظ ـ تصادم ـ نفرت انگيز
fouler,ميلا کرنے والا ـ گندا کرنيوالا
foulness,ناراستي ـ نجاست ـ غلاظت
foulplay,خلاف قاعده کھيل ـ پرفريب کھيل
found,قائم کرنا ـ بنانا ـ تعمير کرنا ـ بنياد رکھنا ـ تائيد کرنا
foundation,قيام ـ بنياد
founder,باني ـ قائم کرنے والا
founding,پانا
foundling,لوارٹ بچه
foundry,دھات يا شيشه گلا کر چيزيں بنانا
fount,چشمه ـ منبع ـ فواره
fountainhead,اصل سر  چشمه ـ منبع ـ جڑ ـ اصل
four,چار
fourteen,چوده
fourteenth,چودھواں
fourth,چوتھا
fourthly,چھوتھے
fowl,چڑيا ـ پرنده ـ شکار کرنا
fowler,پرندوں کا شکاري
fowling,جال لگا کر پرندوں کا شکا ر کرنا
fox,لومڑ ي ـ فريبي ـ مکاري کرنا ـدھوکا دينا
foxiness,فريب کاري ـ مکاري ـ عياري
foxy,چالباز ـ مکار ـ حليه ساز ـ بھورا
fracas,هلڑ ـ شور ـ اودھم ـ بلوه
fraction,ٹکڑا ـ کسر ـ پارچه ـ کسر اعشاريه
fractional,مکسور ـ کسري
fractionary,مکسو ر ـ کسري
fractionate,الگ الگ کرنا ـ ٹکڑے کرنا ـ تجزيه کرنا
fractionize,کسروں ميں تقسيم کرنا ـ پاره پاره کرنا
fractious,تنک مزاج ـ جھگڑالو ـ چڑچڑا
fracture,هڈي ٹوٹنا ـ گروچه ٹوٹنا
fragile,بودا ـ کمزور ـ نازک
fragility,جلد ٹوٹنے کي صلاحيت
fragment,پاره ـ ٹکڑا ـ پرزه ـ ريزه
fragrance,مهکار ـخوشبو
fragrant,معطر ـ خوشبودار
frail,نازک ـ ناپائيدار ـ بودا ـ کمزور
frailer,کمزور کرنے والا
frailty,فنا ـ بودا پن ـ نزاکت ـ بے ثباتي ـ خطا
framable,بنانے کے قابل
frame,نقشه بناناـ بٹھانا ـ چسپاں کرناـ خيال کرنا ـ نظريه قائم کرنا
framer,مؤجد ـ باني ـ مرتب کرنے والا
framing,چوکھٹا لگانا
franc,فرانس
franchise,حق رائيدھي ـ حق شهريت
franco,فرانسي
frank,صاف گو ـ صاف دل ـ راست باز ـ کھرا
frankenstein,ايسا ديو جو اپنے بنانے والے هي کيلئے خطرناک هو ـ راکشس
frankincese,لوبان
frankly,کشاده دلي سے ـ صا ف دلي سے
frankness,بے تکلفي ـ سادگي
frantic,شوريده سر ـ قابو سے باهر ـ سودائي
frantically,غيض هو غضب کي حالت ميں
fraternal,برادرانه ـ بھائي بندي کا
fraternity,بھائي چاره ـ برادري ـ بھائي بندي ـ گروه ـ فرقه
fraternization,مواخات ـ ميل جول
fraternize,رشته پيدا کرنا
fraternizer,رشته پيدا کرنے والا
fratricidal,بھائي يا بهنوں کے قاتل کا
fratricide,برادر کشي کرنا ـبھائي بھن کا قتل کرنا
fraud,دھوکا ـ فريب ـ دغا
fraudulence,فريب کاري ـ مکاري ـ حليه بازي
fraudulent,دغا باز ـ فريبي ـ مکار
fraudulently,مکر سے ـ حليه سے
fraught,بھرپور ـ بھرا هوا ـ لدا هو
fray,رگڑنا ـ گھسنا ـ ڈرانا ـ دھمکانا
freak,وهم ـ لهر ـ پريشان خيالي
freakish,وهمي ـ لهري ـ خلاف معمول
freakishly,وهمي طور پري
freakofnature,خلاف فطرت
freckle,دھبے آنا ـ جھائياں پرنا ـ داغ پڑنا
free,آذاد ـ بے قيد ـ محفوظ ـ بچا هوا
freebooter,سمندروں ميں لوٹمار کرنے والا ـ سمندري ڈاکو
freedom,نجات ـ مخلصي ـ آذادي ـ چھٹکارا ـ شهري آزادي
freegift,عطيه ـ تحفه
freehand,اختيار دينا
freehearted,آزاد خيال
freeliving,هر قسم کي قيد سے آزاد زندگي
freelove,بلا کسي معاهدے يا نکاح کے زن و شوهر کے تعلقات
freely,آزادي سے
freeman,آزاد آدمي
freethinker,سماجي قيد و بند سے آزاد
freeze,جمنا ـ منجمند هونا ـ جم کر برف هوجانا
freezeonto,ساتھ لگے لگے پھيرنا
freezer,جمنے والا
freezing,جما دينے والي
freight,جھاز کا کرايه ـ سامان ـ بوجھ
freightage,سامان لے جانے کيلئے جھاز کا محصول
freighter,سامان رونانه کرنے والا
french,فرانسيسي قوم کا
frenchfication,فرانسيسي بنانے کا طريقه ها عمل
frenchify,فرانسيسي بنانا
frenziedrage,مجنونانه غصه
frenzy,جنون ـ سودا ـ پاگل پن ـدماغي انتشار
frequency,ايسا واقعه جو با ربار پيش آئے
frequent,متعدد بار ـ اکثر ـ بھت ـ اکثر
frequentation,آمدورفت
frequently,بار بار يا اکثر جانا
fresco,پلاسٹر پر رنگ بھرنا
fresh,سرسبز ـ ترو تازه ـ شادابـ نيا ـ صاف ـ ٹھنڈا
fresher,وه طالبعلم جو جامعه ميں نيا نيا داخل هوا هو
freshet,سيلابي دريا ـ بھاؤ ـ سيلاب
freshly,ابھي ابھي ـ حال هي ميں
freshness,تازگي
freshwater,تازه پاني
fret,منبت کاري کرنا ـ آراستگي ـ ابھري هوئي تصوير
fretandfume,غصه اور بے صبري
fretaway,رنج ميں گھٹنا
fretful,جھگڑالو
fretfully,چڑچڑے پن سے
fretfulness,بد حواسي ـ ناراضگي
frety,جھگڑالو
freudian,نفسيات کے ماهر فرائڈ کي تحليل نفسي کا معتقد
friable,نرمـ بھر بھري ـ خسته
friar,راهب ـ درويش
friary,خانقاه
fribble,خفيف اور فرسوده حرکات کرنا ـبيهوده
fricassee,گوشت کے بھنے هوئے ٹکڑے
friction,مالش ـ طبعي مالش ـ مزاحمت
friday,جمعه ـ شکروار
friend,يار دوست ـ رفيقـ خير خواه ـ آشنا ـ کسي کي مدد کرنا
friendly,مهربان ـ دوست کا برتاؤ کرنے والا ـمحب
friendship,دوستي ـ ياري
frieze,کھردار کپڑا ـ موٹاني اوني کپڑا
frigate,چھوٹا تباه کن جنگي جھاز
fright,هول ـ دهشت ـ خوف ـ ڈر ـ خوفزده کرنا
frighten,خوفزده کرنا
frightful,بھيانک ـ ڈراؤنا ـ وحشت انگيز
frigid,سر د ـ خشک ـ مرده ـ روکھا ـسر دل ـ اداس
frigidity,افسردگي ـ بے دلي ـ سردي
frigidly,افسردگي
frill,جھالر ـ سنجاف ـ گوٹ
frilled,کناري دار ـ گوٹ ـ جھالر دار
frilling,کناري ـ جھالر
fringe,جھالر ـ حاشيه ـ هلو
fringing,جھالر لگانے کي وضع
fringy,جھالر دار
frippery,پرانے کپڑے
frisk,اچھلنا ـ ناچنا ـ کودنا ـ کھيل کود
frisker,ناچنے والا ـ کودنے والا
friskily,کھيلتے کودتے
frisky,چنچل ـ کھلنڈدارا ـکودنے پھاندنے والا
fritter,تکه  ـ پارچه ـ گوشت کے ٹکڑے
fritterer,گوشت کے ٹکڑے کرنيوالا
frivol,فضول گفتگو کرنا ـ روپيه ضائع کرنا ـ بيهودگي کرنا
frivoler,فضول گو
frivolity,هلکا پن ـ اوچھاپن
frivolous,خفيف ـ هلکا ـ ادني ـ نکما ـ غير سنجيده
frivolously,بيهودگي سے
frivolousness,هلکا پن ـ سبکي
friz,بالوں کو گھونگريالے بنانا ـ مروڑنا ـ بل دينا
frizz,چھن چھن کر ـ آواز پيد اهونا
frizzer,چهج چهن کرنے والا
frizzle,کسي چيز کو تلنا ـ گھونگر والے بال
frizzy,خمدار زلفيں
fro,ادھر ادھر
frock,جبه ـ عبا ـ عورتوں کا کرته
frog,مينڈک ـ کمر کي پٹي کي کڑي
frolic,چنچل ـ شوخ ـ چلبلا  ـ خوش طبع
frolicsome,چنچل ـ شوخ ـ طناز
frolicsomeness,چنچل پن ـ دل لگي
from,سے ـ از ـ موافق
frond,وه پتے جيسا عضو جو پتے اور تنے کے جوڑ پر نکلتا هو ـ پتے
front,ماتھا ـ پيشاني ـ چهرا ـ رخ ـ سامنے  ـ آگے ـ منظر
frontage,عمارت کے سامنے کا طول ـ پھيلاؤ
frontal,سامنے کا ـ پيشاني کا ـ آگے کي طرف
frontier,حد ـ سر حد
frontispiece,عمارت کا روکا ـ منقش دروازه
frontlets,سربند ـ پيشاني کي پٹي
frost,انجماد  ـ بستگي ـ پالا ـ دل کا افسرده هو جانا
frostiness,ٹھنڈ ـ سخت سردي ـ اداسي
frosty,سخت سر دـ ٹھنڈا ـ يخ بسته
froth,کف ـ جھاگ ـ بکواس ـ بک بک ـ خالي باتيں
frothily,فضول گوئي کرتے هوئے
frothiness,بيهودگي ـ کھوکھلا پن
frothy,کف دار ـ جھاگ دار
froward,متصرد ـ سر کش ـ خود رائے ـ شرير
frowardness,گمراهي ـ هٹ ـ خود رائي
frown,تيوري چڑھانا ـ چين به جنين هونا ـ گھورنا
frowner,گھورنے والا
frowningly,چين به جنين هو کر
frowzy,سڑا هو اـ بد بودار
frozen,جمنا ـ منجمد هونا
fructiferous,پھل لانے والا ـ ثمر آور ـ بار آور
fructification,پودوں کے اعضائے تناسل ـ ثمر داري ـ بار آوري
fructify,بار آور کرنا ـ سر سبز کرنا ـثمر دار کرنا ـپھل لانيکے قابل
frugal,کفاير شعا ر ـ کم خرچ ـ فضول خرچي سے بچنے والا
frugality,کفايت شعاري
frugally,کفايت شعاري سے
fruit,ميوه ـ پھل ـ ثمر
fruitarian,پھلوں کو غذد کے طور پر کھانے والا
fruiter,پھل لے جانے والا جھاز
fruiterer,پھل بيچنے والا ـ باغبان
fruitful,نافع ـ مفيد ـ زرخيز
fruition,خواهش کے مطابق  چيز مل جا نا ـ دستيابي
fruitless,بے فائده ـ لاحاصل ـ بے فائده
fruity,پھل کا ـ پھل کي مانند
frumentaceous,گيھوں کي طرح ـ گندمي
frumenty,دليان جو دودھ ميں پکايا جائے
frump,بد واضع ـ پرائے مذاق کي عورت جو بد نما لباس پهنے هو
frumpish,بد وضع ۔ بد قطع ۔
frumpy,بد وضع
frustrate,مايوس کرنا ـ باطل کرنا ـناکام کرنا ـ کالعدم
frustration,محرومي شکست ـ ناکامي
frustum,مخروطي ـ ناقص
fry,مچھليوں کے بچے ـ جھنڈ ـ جھول ـ هجوم ـ بھوننا
fryer,مچھلي تلنے کا برتن
frypan,بھننے کا برتن
fuddle,مست کرنا ـمخمو ر کرناـ شراب پلا کر  بد حواس کرنا
fudge,پيوند لگانا ـ جھوٹي کهاني کهنا
fuel,ايندھن ـ کوئله ـ جلانے کي لکڑي ـ اشتعال
fugacious,چنده روزه ـ عارضي ـ جلد گزرنے والا ـ رواں
fugitive,ناپائيدار ـ بے قرار ـ بھاگا هو ا ـ اڑتا هوا
fulcrum,نصاب ـ ٹيک
fulfil,پورا کرنا ـ تکميل کرنا ـ وفا کرنا ـ حکم کي تعميل کرنا
fulfiller,تعميل کرنے والا ـ پورا کرنے والا
fulfillment,تکميل ـ بجا آوري ـ پابندي
fulgent,دمکتا هوا ـ روشن
full,بھرا هوا ـ لبابـ لبريز ـ کافي ـ کلف دينا
fuller,کپڑے کو صاف کرنے والا ـ دبيز کرنيوالا
fullness,افراط ـ تکميل ـ روز ـ کثرت ـ بھتات
fulltime,کل وقتي
fully,تما م تر ـ سارا کا سارا
fulminant,بجلي کي طرح چمکنے والا ـ گرجنے والا
fulminate,گرجنا ـ کڑکنا ـ بجلي کي طرح چمکنا
fulmination,الزام ـ اعتراض ـ چمک ـ گرج
fulminator,چمکنے والا
fulness,وقت مقرره
fulsome,ناگوار ـ مکروه ـ ناپسند
fulsomeness,اکتا دينے والي زبان
fumble,گھبرائے پھرنا ـ ٹٹولنا
fumbler,اناڑي ـ بيڈھنگا
fume,بخارات ـ دھوني ـ فاسد بخارات ـ جوش و خروش ميں دکھانا
fumigate,دھوني دينا ـ خوشبودار بنانا
fumigation,بخارات يا دھوئيں سے هوا صاف کرنے کا عمل
fumigator,دھوني ـ دوا جو هوا کو صاف کرے
fumitory,شاهتره
fumy,بخارات سے بھراهوا
fun,مذاق ـ کھيل ـ تماشه ـ دل لگي
function,فرض منصبي  ـ منصب ـ عهده ـ خدمت ـ فرض انجام ديناـ مذهبي يا اور کوئي تقريب
functional,محض رسمي ـ با ضابطه
functionary,سرکاري ـ کارپرداز ـ منصحب دار
fund,پونجي ـ جمع ـ ذخيره ـ کسي سرمايه ميں لگا دينا ـ جمع کرنا
fundament,دبر ـ کون ـ سرپن ـ چوتڑ
fundamental,ابتدائي ـ اصلي ـ بنيادي ـ مرکزي ـ ضروري  ـ اساسي
fundamentalism,يهي مذهب کي بنياد هے
fundamentally,اصولوں کے مطابق ـ اساسي طور پر
funeral,ماتمي ـ جنازه ـ کفن
fungous,نرم ملائم ـ جلد پيدا هونے والا
funk,بزدلي کا اظهار کرناـ کام سے جي چرانا
funker,ڈرنے والاـ کام سے جي چرانے والا
funky,خوف زده ـ کام چور ـ بزدل
funnel,دودھ کش ـ روشن دان ـ قيف
funny,پر مذاقـ ايک چھوٹي کشتي
funnyman,مذاقي آدمي
fur,سمور ـ جانوروں کي ملائم کھال
furbelow,گوٹ ـ پٹياں ـ پليٹوں والي گو ٹ لگانا ـ سنجاف لگانا
furbish,صيقل کرناـ جلا دينا ـ مانجنا
furcated,شاخ دارـ دو شاخه
furcates,شاخ دار ـ دو شاخه
furious,تندو تيز ـ برهم ـ غضبناک
furiously,شدت سے ـ تندي سے ـ غضبناک
furl,کھينچ کر کھول دينا  ـ باندھنا ـ تهه کرنا ـلپيٹنا
furlable,تهه کرنے کے قابل
furler,باھاندنے والا ـاميد چھوڑنے والا
furlong,فرلانگ
furlough,رخصت ـ لمبي چھٹي ـ رخصت دينا
furnace,تنور ـ چولھا ـ آتش دان
furnish,باهم پهنچانا ـ مهيا کرنا ـ کمرے کو سامان سے آراسته کرنا
furnisher,اسباب خانه داري
furniture,فرنيچر ـ کرسي ميز وغيره
furore,تعريف و تحسين ـ جوش و خروش
furrier,سمور فروش
furrow,هل چلانا ـ نالي بنانا ـ ناگر کرنا
furrower,هل چلانے والا ـ نالي بنانے والا
further,مدد کرنا ـ علاوه ـ زياده ـ دور کا ـ اگلا ـ پرے ـ ديگر
furtherance,ترقي ـ اعانت ـ امداد
furthermore,مزيدبرآں ـ علاوه ازيں
furthest,سب سے دور
furtive,چوري کا ـ جوري چپھے کا ـ خفيه کيا هوا ـ مخفي
furtively,چوري سے
fury,جذبه ـ جوش ـ غضب ـ غصه
fuscouse,کالا ـ سياه ـ تاريک رنگ
fuse,تيز حرارت سے پگھلنا ـ گلانا ـ آميزش کرنا
fusee,گھوڑي کے تخنے کي هڈي کا ابھار
fusible,قابل آميزش
fusil,هلکي توڑے دار بندوق
fusilier,بندوقچي سپاهي
fusillade,توپوں يا بندوقوں کي باڑه ـ حمله کرنا ـ قتل کرنا
fusion,گلاوٹ ـ پگھلا هوا ماده
fuss,شور و غل ـ هنگامه ـ هلچل ـ هنگامه
fusser,بھاگ دوڑ کرنے والا
fussiness,اضطرابي حرکت
fussy,غل غپاڑے کرنے والا
fustian,ايک قسم کا موٹا کپڑا
fustic,ايک قسم کي لکڑي
fustigate,ڈنڈے لگنا ـ مارنا ـ پيٹنا
fustigation,بيد مارنے کي سزا جو روميوں ميں رائج هے
fusty,باسي چيز کي بو رکھنے والا کھانا
futile,بے حاصل ـ بے نتيجه ـ بيکار
futility,بيکاري ـ بے اثري
future,آگے آنے والا ـ مستقبل ـ آئينده
futurity,زندگي ما بعد ـ آئينده
fye,توبه ـ تف ـ لعنت ـ لا حول ولا قوت
