g,انگريزي حروف تهجي کا ساتواں حرف
gab,بک ـ بک ـ بکواس ـ گپ شپ ـ بکواس کرنا
gabble,بکنا ـ بک بک کرنا ـ جلد جلد بولنا
gabbler,بک بک کرنے والا ـ جلد بولنے والا ـ بکواس کرنے والا
gaberdine,چوغه ـ لباده
gabion,ڈليا ـ ٹوکرا ـ چھابا
gable,ديوار کا تکنا
gablet,چھوٹا چھجا ـ چھوٹا سا نوک دار حصه
gaby,احمق ـ بيوقوف
gad,اظهار حيرت کے لئے ـ يا الله
gadabout,آواره گردي کرنا
gadfly,ڈانس ـ بڑي مکھي ـ چم چچڑ ـ سر هر جانے والا آدمي
gadget,ترکيب ـ تدبير ـ چال
gadgeteer,مشين کا چھوٹا پرزه ـ چال ترکيب
gaelic,اسکاٹ لينڈ کي کيلٹ نسل
gaff,انکڑا ـ مجھلي مارنے کا برچھا
gaffer,بڑے مياں ـ بوڑھا چوهدري
gag,منه بند کرنا ـ زنان بندي کرنا ـ منه ميں کبڑا ٹھونسنا ـ دھوکا دينا
gage,کوئي چيز گرو کرنا ـ ضمانت ـ مکفول کرنا
gager,ضمانت ميں رکھانے والا
gaggle,کٹ کٹ کي آواز نکلنا
gaiety,دل لگي ـ چهل ـ خوش طبعي ـ زرق برق ـ رنگ رلياں
gaily,خوش طبعي سے ـ نماهش سے
gain,حاصل کرنا ـ پانا ـ جيتنا ـ سبقت لے جانا ـ جيتنا ـ کامياب هونا ـ نفع ـ ترقي
gainable,حاصل کرنے کے قابل
gainer,حاصل کرنے والا
gainful,مفيد ـ سود مند
gainless,بے فائده ـ لا حاصل
gainsaid,انکار ـ رد
gainsay,انکار کرنا ـ رد کرنا ـ ترديد کرنا
gainsayer,رد کرنے والا ـ ترديد کرنے والا ـ مخالفت کرنے والا
gainsaying,ترديد ـ مخالفت
gait,رفتارـ چال ـ روشن
gaiter,موزه ـ جواب ـ ساق و پوش
gala,جشن  ـ تقريب ـ عيد ـ تهوار
galaday,خوشي کا دين
galaxy,کهکشاں ـ ستاروں کا جھومٹ ـ ناکي لوگوں کا مجمع ـ حسينوں کا مجمع
galdly,شاداں و فرحاں
gale,تند هوا کا جھونکا ـ نسيم سحري
galen,مذاق کے طور پر طبیب حاہق ۔ جالینوس ۔
galena,کان سے نکالا هوا کچه سيسه
galenic,جڑي نوٹي کي
galilee,کرجا کا برآمده
galingale,خولنجان ـ پان کي جڑ
galipot,ايک قسم کا تاڑھا تارپين
gall,رگڑنا ـ دق کرنا ـ ستانا ـ ناک ميں دم کرنا ـ ذليل کرنا ـ خفيف کرنا
gallant,پر تکليف ـ خوش لباس ـ شاندار ـ پر شوکت ـ شجاع ـ عاشق مزاج
gallantly,مردانه ـ عاشقانه ـ جانبازي
gallantry,جونمردي ـ عالي همتي ـ بهادري ـ بلند همتي
gallery,لمبا کمره ـ لمبا برآمده ـ غلام گردش
galley,پرانے زمانے کا جنگي جهاز ـ چھابے کے حروف کا تخته
gallic,فانسيسي ـ باشندوں گال کے متعلق
galling,سخت ناگوار ـ پريشان کن ـ تکليف ده
gallipot,مٹي يا چيني کے برتن ـ کليا
gallivant,آواره گردي کرنا ـ آواره پھرنا
gallivanter,آواره کردي کرنے والا
gallo,فرانس کا ـ فرانس کے متعلق
gallomania,فرانسيسيسي چيزوں کا خبط
gallomaniac,فرانسيسي چيزوں کا ديوانه
gallon,ايک انگريز ي ناپ
galloon,سوتي ـ ريشمي ـ پٹکه ـ پيٹي
gallop,پوري تيزي سے ـ سرهٹ
galloper,سرهٹ دوڑنے والا
gallophobia,جو فرانس سے خاهف هو
galloway,جھوٹے قد کا گھوڑا ـ ٹانگن
gallows,پھانسي ـ پھانسي کا تخنه ـ ورزش کا تخته
galop,ايک تيز انگريزي ناچ
galore,کثرت سے ـ بهتاب سے ـ فروائي
galosh,جوتوں کے اوپر پهننے کے ربر کے موزے
galvanic,بجلي پيدا کرنے کے متعلق ـ بر وقت ـ بتاوٹي
galvanisediron,لوها جس پر جست کي قلعي هو
galvanism,برقي قوت جو کيميا ئي عمل سے حاصل کي جائے
galvanization,قلعي ـ ملمع سازي
galvanize,کيمائي عمل سے بجلي کي قوت پيدا کرنا
galvanizer,ملمع ساز
gambit,شطرنج کي چال
gamble,قمار بازي ـ جوا کھيلنا
gambler,قمار باز ـ جواري
gamboge,سيام اور کمبوٹيا کے درختوں سے نکالا هوا گوند جو پيلا رنگ کرنے متيں کام آتا هے
gambol,کودنا ـ کھيلنا
game,تفريح ـ سير ـ کھيل ـ برد ـ شکار ـ کام ـ دليد ـ بهادر
gamely,همت سے ـ بهادري سے
gamer,جوا کھيلنے والا
gamesome,چنچل ـ خوش طبع
gamesomely,شوخي سے ـ خوش طبعي سے
gamesomeness,خوش طبعي ـ شوخي
gamester,شکاري
gaminghouse,قمار خانه ـ جوا خانه
gamma,يوناني حروف تهجي کا تيسرا حروف
gammon,سور کي نمک لگي هوئي خشک ران ـ دغا کرنا ـ دھوکا کرنا ـ فريب
gamut,سرگرم
gamy,شکار سے بھرا هوا ـ جري باهمت
gander,بے وقوف ـ ساده لوح
gang,جتھا ـ گروه طاهفه ـ محفوظ ـ مضبوط کرنا
ganger,قليوں کا جمعدار
gangetic,دريائے گنگا کا
ganglion,نس کا ورم ـ محور
gangrene,فساد ـ نسيج ـ سڑا هوا
gangrenous,ناسور دار ـ گلا هوا ـ سڑا هوا
gangway,راه ـ تنگ راسته ـ گزر گاه
ganja,گنجا
gaol,قيد خانه ـ جيل خانه ـ قيد ـ قيد کرنا ـ جيل ميں ڈالنا
gaoler,قيد کرنے والا
gap,خندق ـ کھائي ـ درز
gape,جمائي لينا ـ منه کھولنا ـ هکا بکا ره جانا
gaper,جمائي لينے والا
gapped,شق ـ شگاف دار
gappy,شق ـ شکاف دار
garage,گاڑياں کھڑي کرنے کي عمارت
garb,لباس ـ پوشاک  ـ بھيس
garbage,اوجھڑي ـ آلائش ـ فحله ـ کوڑا کرکٹ ـ فحش کتابيں
garble,تحريف کرنا ـ چن لينا ـ بد دينتي سے افتباس کرنا
garbler,تحريف کرنے والا
garden,پھلواڑي ـ باغ ـ گلشن ـ شاداب ـ خطه
gardened,باغ بنايا هوا ـ چمن والا
gardener,مالي ـ باغبان
gardenia,گل چاندني ـ موگرا
gardening,باغباني ـ باغ لگاناـ مالي کا کام
gargantuan,ديو قامت ـ جسيم
gargle,غراره کرنا
gargler,غراره کرنے والا
gargoyle,ايک اطالوي وطن پرست رهنما
garibaldi,ايک اطالوي وطن پرشت رهنما
garish,بھڑکيلا ـ چمکدار ـ نمائشي
garishness,چمک ـ دکھاوا
garland,هار ـ پھول مالاـ گلدسته ـ گجرا
garlic,لهسن
garlicky,لهسن پڑا هوا
garment,کپڑے ـ لباس ـ پوشاک ـ جوڑا
garner,غلے کا گودام ـ کھته
garnet,ياقوت ـ لعل ـ تامڑا
garnish,سنوانا ـ آراسنه کرنا ـ سنگارنا ـ کھانے کي پليٹيں سجانا
garnishable,آراسته کرنے کے قابل
garnishment,کھانے کي رکابيوں کي سجاوٹ
garniture,حاشيه آرائي ـ زيبائش íـ لباس
garret,اوپر کي منزل کا کمره ـ سر ـ دماغ
garrete,ديوار بناتے وقت چھوٹے چھوٹے پتھر ديوار ميں لگانا يا بھرنا
garrison,قلعه کي فوج
garrote,گلا گھونٹنے کا آله
garroter,گله کھونٹنے والا
garrotte,گلا گھونٹنے کا آله
garrulous,بکواس ـ بک بک کرنے والا
garter,موزه کا بنک يا فيته ـ لچکدار ـ پٹي
gas,گيس
gasbag,شيخي باز
gasconade,شيخي ـ لاف گذاف ـ ٹينگ مارنا
gaseous,گيس والا ـ گيس کي طرح
gash,گهرا زخم ـ کاري زخم
gasification,گيس کي شکل دينا
gasify,گيس کي شکل دينا
gasket,چھوٹي رسي
gasoline,اڑ جانے والا سيال ـ گيسو لين
gasometer,گيس رکھنے کے پيپے
gasp,هانپنا ـ سانس کھيچنا ـ سانس پھول جانا
gasper,سستا سگريٹ
gasser,هوائي باتيں کرنے والا ـ غباره
gassiness,زبائي جمع خرچ
gassy,گيس سے بھرا هوا
gastric,شکمي ـ پيٹ کا
gastro,مرکب الفاظ کا سابقه ـ پيٹ ـ شکم
gastrologist,پيٹ کے امراض کا ماهر
gastrology,پيٹ کے امراض کا علم
gastronome,کھانے کا مبصر
gastronomic,فن طباخي سے متعلق
gastronomical,فن طباخي سے متعلق
gastronomy,فن غذائيت
gate,در ـ دروازه ـ پھاٹک ـ راسته ـ راه ـ لاحقه
gatecrasher,ناخوانده مهمان
gateway,دروازه ـ دروازه يا گزر گاه
gather,اکٹھا کرنا ـ جوڑنا ـ جمع کرناـ فراهم کرنا íـ يکجا کرنا ـ انتخاب کرنا
gatherer,جمع کرنے والا ـ اکٹھا کرنے والا
gathering,جماعت ـ مجلس ـ اجتماع
gauche,اناڑي ـ تاواقف
gauchely,اناڑي پن سے
gaucherie,بيهودگي ـ اناڑي پن
gaud,نمائش لباس ـ ٹيپ ٹاپ
gaudily,نمائش انداز ميں ـ بھڑکيلے پن کے ساتھ
gaudiness,نمائش انداز
gaudy,پر تکلف ـ دھوم دھام کا جلسه
gaudyday,دعوت کا دن ـ جشن کا دن
gauffer,چنت ٹالنا ـ تھه کرنا ـ موڑنا
gauge,ناپنے کا آله ـ باران پيما ـ ناپ
gaugeable,ناپنے کے قابل ـ انداز کے قابل
gauger,ناپنے والا ـ انداز کرنے والا
gauls,گال کا باشنده
gaunt,دبلا پتلا ـ سوکھا
gauntlet,پنجه ـ دستانه ـ فوجي سزا
gauze,گاج ـ باريک ريشمي کپڑا
gauzy,پاريک ريشمي کپڑے کا
gave,ديا هوا
gawk,هولا ـ بے تکا آدمي
gawkiness,بے ٹھنگا ـ بے تکا پن
gawky,هولا ـ بے تکا
gay,مسرور ـ خوش ـ مگن ـ هنس  مکھ ـ بے فکر
gayer,خوش کرنے والا
gaze,شوق سے ديکھنا ـ گھور کر ديکھنا
gazelle,پرن ـ آپو ـ غزال
gazer,شوق سے ديکھنے والا
gazette,جريده اعلاميه ـ گزٹ ـ اخبار شائع هونا
gazetteer,فرهنگ جعرافيه
gazogene,سوڈا وائر بنانے کي مشين
gear,گاڑي کے پرزے ـ سازو سامان ـ کل پرزے ـ دندائے دار چکر
gearbox,گاڑی کا پرزہ ۔
geegeegee,گھوڑا
geese,قاز کي  جمع قازين
gehenna,دوزخ ـ نرک ـ جهنم
geisha,جاپاني رقاصه
gelatin,ايک چيپ دار ماده
gelatine,ايک چيپ دار ماده
gelatinous,ليس دار
gelded,خصي  ـ آخته
gelder,آخته کرنے والا
gelding,خصي گھوڑا
gelid,نهايت سرد ـ انتها ٹھنڈي جگه
gem,گوهر ـ جوائر ـ نگينے ـ قيمتي پھتر
geminate,جڑوان
gemination,ازدواج ـ جوڑے جوڑے
gemini,جوزا ـ متھن
gemmate,کليوں دار ـ کلياں آنا ـ غنچے نکالنا
gemmation,شگوفے پھو ٹنا ـ شگوفوں گي ترتيب
gemmiferous,جواهر خيز ـ پر شگوجه
gemmy,جواهر جيسا
gendarme,سوار يا پياده سپائي
gendarmerie,فرانس کي جوجي پوليس کا دسته
gender,مذکر مونث
genealogical,نسلي
genealogist,نسب دان کا عالم ـ نسب دان
genealogy,شجره نسب
genera,جنس ـ قسم
general,عام مروجه ـ وامه ـ کل ـ معمولي ـ مجموعي
generalissimo,متحده لشکروں کا سالار
generality,کليت ـ عموميت ـ عام بات
generalization,تجنیس ۔ تعمیم ۔
generalize,جنس وار کرنا ـ مهم گفتگو کرنا
generalizer,مهم گفتگو کرنے والا
generally,علي الوموم ـ اکثر اوقات
generalreader,هر طرح کي کتابيں پڑھنے والا
generalship,جرنيل کا عهده
generate,پيدا کرنا ـ خلق کرنا ـ بناناا
generation,نشو و نما ـ اولاد ـ نسل ـ پشت
generative,پيدائش کي صلاحيت رکھنے والا
generator,پيدا کرنے والا
generic,جنس کا ـ جنسي
generosity,عالي همتي ـ فاخدلي
generous,عالي همت ـ دريا دل ـ سخي í فياض
generously,فياضي سے
genesis,ابتدا ـ آغاز ـ پيدائش
genet,مشک بلاؤ کا سمور
genetic,اصل ـ پيدائش عالم کے متعلق
genetically,علم الخلق کي رو سے
geneva,جنيوا
genial,مفيد ـ خوشگوار ـ صحت نخش ـ توليدي
geniality,زنده دلي
genially,زنده دلي سے
genie,جن ـ باري مخلوق ـ آگ کي مخلوق
genital,توالد و تناسل کے متعلق ـ نسل کے متعلق ـ اعضائے تناسل
genitive,اضافي ـ مضاف اليه
genius,محافظ روح ـ جن ـ همزاد ـ خصلت
gent,مهذب ـ خليق ـ شاهسته
genteel,ترتيب يافته ـ خليق ـ ساهشته
gentile,پت پرشست ـ مشرک ـ کافر
gentility,شرافت ـ مروت ـ اصالت
gentle,شريف ـ نجيب ـعالي
gentlefolk,چھوٹي مکھي ـ شريف لوگ
gentleman,شريف ـ بزرگ ـ زي مرتبه
gentlemanfarmer,زميندار جو اپني ساري زميں پر کاشت کرتا هو
gentlemanlike,شريفوں کي طرح
gentlemanliness,شرافت ـ خوش رويگي
gentlemanly,شريفانه ـ شريفوں کي لائق
gentleness,نرمي ـ شائستگي ـ شرافت
gentler,بردباد
gentlewoman,شريف زادي
gently,دھيمے سے
gentry,شرفا ـ خواص ـ شريف خاندان کے لوگ
genuflect,عبادت کے وقت جھکنا
genuflection,رکوع
genuine,اصلي ـ خالص ـ کھرا ـ بے ميل
genuinely,حقيقي طور پر ـ سچ مچ
genuineness,اصليت
genus,جنس ـ قسم
geo,سابقه ـ زمين کا
geodesist,پيمائش ارض کا ماهر
geodesy,بفقات الارض کا علم
geodetically,پيمائش زميں کي رو سے
geognosy,کسي علاقے کي زمين کي ساخت ـ طبقات الارض کا علم
geographer,علم جعرافيه کا ماهر
geographic,جغرافيائي
geographically,طبعي ـ حالات کے لحاظ سے
geography,علم جغرافيه
geologist,ماهر ارضيات
geologize,طبقات الارض کي تحقيقات کرنا
geology,ارضيات
geomancy,علم الاعداد ـ جفر
geomantic,رمل کے بارے ميں ـ علم الاعداد کے متعلق
geometer,مهدس ـ اقليدس دان
geometric,هندسے کے متعلق
geometrically,از روئے علم هندسه
geometrician,اقليدس جاننے والا
geometry,اقليدس ـ هندسه
geophagist,وه شخص جسے مٹي کھانے کي بيماري هو
geophagy,مٹي کھانے کي بيماري
geoprgic,دهقاني نظم
george,ولي جارج ـ انگلستان کا روحاني محافظ
georgette,باريک ريشمي کپڑا ـ جارجيٹ
geranium,ايک جنگلي درخت ـ ايک پھول کا پودا
germ,وه کله جو پهلي بار بيچ سے نکلتا هے ـ جنين ـ نيضه ـ جرثومه
german,نسلي عزيز ـ سگا ـ رشته دار ـ جرمني کا ـ ملک جرمني کا باشنده
germane,کسي موضوع سے متعلق رکھنے والا
germanizm,المانويت ـ جرمن زبان کا محاوره
germanomania,جرمن زبان کا محاوره
germanophobia,جرمن بننے کا خبط ـ جرمن پرستي
germany,جرمن کي هر چيز کو برا سمجھنا
germicidal,ملک جرمني
germicide,جراثيم کش
germinate,جاثيم کش ـ مارنے والي
germination,پيدا کرنا ـ اگانا ـ نکلنا
gerontocracy,اگنا ـ باڑه ـ نمو
gerrymander,ضعيفوں اور بوڑھوں کي حکومت
gerund,ناجائز اثر ٹال کر کسي سيسي جماعت کو انتخاب ميں کامياب کرنا
gestation,اسم فعلي
gestic,حمل ـ زمانه حمل
gesticulate,اشاروں سے متعلق
gesticulation,اشاروں سے بات کرنا ـ بقل کرنا ـ بھاؤ بتانا
gesticulatory,اشاروں سے کسي مفهوم کو ظاهر کرنا
gesture,اشارتي ـ اشاروں والي
gesturer,اعضا کي حرکت ـ جسم کي اندازه ـ احساس يا جذبه کا اظهار کرنا
get,اشارے سے مطلب ظاهر کرنے والا
getable,پيده کرنا ـ حاصل کرنا ـ کماناí پانا í پاس رکھا
getbyheart,کمانے کے قابل ـ پيدا کرنے کے قابل ـ قابل برداشت
getup,زباني ياد کرنا
getwind,لباس ـ انداز ـ وضع ـ طرز ـ کتابت ـ جلد ـ بندي وغيره
gewgaw,پھيل جانا ـ مشهور هو جانا
geyser,کٹھ پتلي ـ کھلونا
ghastliness,گرم پاني کا چشمه
ghastly,بھيا نک شکل و صورت
ghee,بھيانک ـ وحشت ناک ـ مرده سا
ghetto,گھي
ghost,روح ۔ ہمزاد ۔ دم ۔ جان ۔ روح القدوس ۔
ghostlike,روح ـ همزاد ـ دم ـ جان ـ روح القدوس
ghostly,بھوت کي طرح ـ سايه کي طرح
ghoul,روحاني ـ پاک ـ ديني ـ مذھبي
ghoulish,غول بيابائي ـ غول
giant,غول جيسا
giantess,جن ـ وعفويت ـ غير معمولي ـ فرات کا آدي
gibber,غير معمولي قد و قامت کي عورت ـ ديوئي
gibberish,تيزي سے بولنا
gibbet,بے معني شور
gibbon,سولي ـ پھانسي کا تخته
gibbosity,لانبے هاتھ پير کا بندر
gibe,لعنت ملامت کرنا ـ طعنے دينا ـ آوازے کسنا ـ مذاق اڑانا
giber,مزاق ارانے والا ـ طعنے دينے والا
gibingly,لعنت ملامت سے
giblets,قاز کے وه اعضا جو پکانے سے پهلے کاٹ کر الگ کر دئے جاتے هيں
giddily,بے فکري ـ بے خودي
giddiness,کم ظرفي ـ بے خودي
giddy,چکراتا هوا ـ گھمتا هوا ـ پھرنا هوا
gift,پخشش ـ تحفه ـ هديه
gifted,مالک ـ هوشيار ـ قابل
gig,هلکي گاڑي ـ ٹم ٹم
gigantic,عفريت ـ صورت ـ قوي هيکل
giggle,دانت نکالنا ـ قهقهے مارنا ـ ره ره کر هنسنا
giggler,قهقهے مارنے والا
gild,سونے کا پاني پھيرنا ـ سونا چڑھانا ـ ملمع کرنا
gildedyouth,فيشن ايبل نوجون
gilder,گلٹ کرنے والا
gilding,گلٹ کا کام
gill,گلپھڑا ـ جبڑے پر کا گوشت ـ مچھلي کا شکار کرنا ـ جال سے پکڑنا
giller,مچھلي کا شکار کرنے والا
gillie,خدمت گار ـ خادم ـ غلام ـ لونڈا
gillyfolwer,ايک قسم کا پھول جس سے لونگ کي خوشبو آئي هے
gilt,ملمع ـ جھول
gimcrack,چيز ـ نمائش شے ـ کھلوناـ نکمي آرائشي چيز
gimcrackery,نمائشي سامان ـ کھلونے
gimlet,سوراغ کرنے کا آوزار ـ برما
gimmal,زنجير ـ سائکل
gimp,ايک قسم کي ريشمي ٹور
gin,پھندا ـ دام ـ جال ـ روئي اونٹنے کي مشين
gingal,بندوق جو گھوڑی پر رکھ کر چلائی جائے ۔
ginger,ادرک ـ جوش و خروش ـ تيزي
gingerade,ادرک کي شراب
gingerly,ڈرتے ڈرتے ـ تهايت احتاط سے
gingery,تيز ـ جوشيلا
gingham,دھاري دار کپڑا ـ سوت کا رنگين کپڑا
gippy,مصري سپائي
gipsy,ايک خانه بدوش قوم کا فرد ـ سرير عورت
giraffe,افريقه کا ايک جانور
girandole,آتش بازي کي چرخي ـ روشني کا جھاڑ
gird,کسنا ـ جکڑنا ـ بانڈھنا
girder,کڑي ـ دھني
girdle,کمر بند ـ توا
girdler,گھيرنے والا
girl,لڑکي ـ بچي ـ کنواري ـ دوشيزه
girlfriend,لڑکي دوست
girlhood,دوشيزگي ـ بچپن
girlish,شرميلي ـ بھولي ـ معصوم
girlishness,شرميلا پن
girth,زير بند ـ بانڈھنا ـ کسنا
gist,خلاصه ـ اصل ـ نچوڑ
give,دينا ـ عنايت کرنا ـ بخشناـادا کرنا
giveable,دينے کے قابل ـ قابل مرحمت
given,دے چکا
giver,دينے والا
gizzard,حوصله ـ سنگدانه
glabrous,چکني کھال کا ـ بغير بالوں اور روئيں کے
glacial,برف کا ـ برفاني
glaciate,برف سے چکنا کيا هوا
glacier,برف کا توده
glaciered,برف کے تودوں سے ٹھکا هوا
glad,خوش و خرم ـ مسرور ـ خوشي ميں اضافه کرنے والا
gladden,مسرور کرنا ـ خوش کرنا
gladder,خوش کرنے والا
glade,جنگل کے اندر کھلا هوا ميدان
gladiate,شمشير زئي کرنا ـ مناظره کرنا
gladiator,مناظره کرنے والا شخص
gladly,شاداں و فرحاں
gladness,شادماني ـ مسرت
gladsome,خوش و خرم ـ محفوظ
gladsomeness,مسرت ـ سرور ـ انبساط
gladstone,ايک قسم کا هلکا سفري بيگ
glair,ليسدار شے ـ چپکنے والا مساله
glamor,حسن ـ سحر ـ جادو کرنا ـ موه لينا
glamorous,مسحور کن ـ جازب نظر ـ نظر فريب
glamour,نظر فريب حسن ـ سحر ـ جادو ـ موه ليناـ جادو کرنا
glance,جھلکـ نظر ـ سرسري نظر ـ اشارے کرنا ـ جھلکنا
gland,غدود ـ گانٹھ ـ گلٹي
glanders,گھوڑوں کي ايک بيماري
glandiform,گلٹي جيسا
glandular,غدودي
glanduliferrous,غرودوں والا ـ پرغدود
glandulous,گلٹي دار ـ غدودي
glare,جھلکنا ـ دمکنا ـ چونکا دينا
glaringly,غضب آلود نگاه سے
glarious,انڈے کي سفيدي جيسا
glary,غضب آلوده ـ خيره کن
glass,شيشه ـ کانچ ـ زجاج شيشے کے برتن ـ آهينه
glassy,کانچ سا ـ شيشے کي مانند ـ شيشے کا ـ بے رونق ـ بے نور ـ صاف شفاف
glaucoma,آنکھ کي بيماري
glaucous,آبي ـ هلکا سبز
glaze,شيشه لگانا يا جڑنا ـ شيشه دار کھڑکياں لگانا ـ آنکھ کا پتھرا جانا
glazer,شيشے لگانے والا
glazier,شيشه ساز
glazing,شيشے جوڑنے کا کام
gleam,شعاع ـ کرن ـ دھيمي روشني ـ آبداري
gleamy,چمکتا هوا
glean,چننا ـ جمع کرنا ـ خوشه چيني کرنا
gleanable,جمع کرنے کا قابل
gleaner,جمع کرنے والا ـ اکٹھا کرنے والا
gleaning,انتخاب
glebe,دھرتي کھيت
glee,خوشي ـ شادماني  ـ رنگ رلياں
gleeful,مسرور ـ شادمان
gleefully,شادماني سے
gleeman,مسرور آدمي ـ خوش مزاج شخص
gleet,مواد ـ پيپ
glen,تنگ دره
glib,چمکنا ـ صاف ـ هموار ـ بے لگام
glibber,پھسلنے والا
glibly,چرب زباني سے
glibness,روائي ـ چرب زباني
glide,بے آواز چلنا ـ آهسته آهسته حرکت کرنا ـ پھسلنا ـ خاموشي سے بهنا
glider,آهسته آهسته گزرنے والا
glidingly,غير معلوم طريقے سے ـ سيک رفتاري سے
glim,روشني ـ چراغ ـ شمع
glimmer,ٹمٹمانا ـ جھلک ـ شماع
glimpse,جھلک ـ سرسري جلوه ـ عارضي تجلي
glimpser,ايک نظر ڈالنے والا
glint,جھلک دکھانا ـ چمک چمک ـ جھلک
glisten,ره ره کر چمکنا ـ جھلک
glitter,روشن هونا ـ تابان هونا ـ درخشان هونا
glittering,منور ـ درخشان
gloaming,شفق ـ دھندلکا
gloat,پر شوق نگاهوں سے ديکھنا
gloater,پر شوق نگاهوں سے ديکھنے والا
gloatingly,تمنا سے ۔ للچائی ہوئی نظر سے ۔
globe,گولا ـ گول چيز ـ زمين
globetrotter,زمين کا پيدل سفر کرنے والا
globisty,گولائي ـ کربت
globose,کروي ـ گول
globular,خون کے قطروں پر مشتعل ـ مدود گول ـ کروي
globule,جھوٹا کره ـ قطره ـ گولي
glomerate,گھنا جھاڑي دار ـ گچھا بنا هوا ـ گولي بنا هوا
glomerule,پھولوں کا گچھا ـ اعصاب گچھا
gloom,اندھيرا هو جا نا ـ بے رونق نظر کر دينا ـ اداس نظر آنا
gloominess,تاريکي ـ افسردگي
gloomy,بے نور ـ اداس ـ ملول
glorification,حمد و ثنا ـ تکبير ـ تمجيد
glorify,حمد و ثنا کهنا ـ تکبيرکهنا
glorious,جليل القدر ـ عظيم الشان ـ مشهور ـ معروف
gloriously,شهرت سے ـ شان سے
glory,تعريف ـ توصيف ـ اترانا
gloss,چمک دمک ـ جھلک حاشيه ـ جلا دينا ـ بے جا تاويل
glossary,فرهنگ ـ فهرست ـ حاشيه ـ شرح
glossiness,ظاهري چمک دمک ـ سطحي آب
glossy,چمکيلا
glove,آهني ـ اوني ـ سستانے بنانا ـ ريشمي دستے ـ دستانے مهيا کرنا
glover,دستانے بنانے والا
glow,ديکنا ـ دمکنا ـ لهکنا ـ لال هونا ـ جوش ميں آنا
glower,قهر آلود نظروں سے ديکھنا
gloweringly,غصه کي نگاه سے
glowworm,کرمک شب تاب ـ جگنو
glucose,انگوري شکر
glue,چمکنے والي چيز ـ چيپ دار چيز
gluey,چپ چپا ـ چپکنے والي
glum,خفا خفا ـ اداس ـ ناراض
glume,بھوسي ـ چھلکا ـ اناج کا چھلکا
glumly,بيزاري سے
glummer,اداس هونے والا
glumness,بيزاري
glut,نگلنا ـ ٹھونسنا ـ حلق تک کھلانا ـ افراط ـ کثرت
gluten,نشاسته ـ ماوا ـ چيپ دار شے
gluteus,چيپ دار
glutinate,سريش يا ليني سے جوڑنا
glutinous,لسدار
glutton,پيٹو ـ کھاو“ ـ ے صبرا
gluttonous,بسيار خور
gluttony,بسيار خوري
glycerine,گليسرين ـدوا
gnalared,ناهموار ـ بل دار
gnarl,گره ڈالنا ـ بل ڈالنا
gnash,دانت پيسنا
gnat,مچھر ـ پيشه ـ حقير شے
gnaw,کترنا ـ چبانا ـ دانت سے کاٹنا
gnawable,چبانے کے قابل
gnawer,چبانے والا
gnome,قول ـ کهاوت ـ ضرب المتل
gnomon,دھوپ گھڑي کا کانٹا
gnostic,عيسائيوں کا ايک فرقه ـ علم سحيح رکھنے والا ـ عارف
gnu,جنوبي افريقه کا بيل کي شکل کا هرن
go,جانا ـ چلنا ـ حرکت کرنا ـ کوچ کرنا ـ درست هونا ـ ره جانا
goal,گھڑ دوڑ کي حد نشان ـ جيت هار کا مقام ـ منزل مقصود
goat,بکرا ـ بز ـ شهوت پرست آدمي
goatee,بکرے کي سي داڑھي
goatherd,چرواها
goatish,شهرت پرست ـ بکرے جيسا
goatling,پوٹله ـ کم عمر بکرا
goatskin,بکرے کي کھال
gob,لقمه ـ نواله ـ تھوک ـ رال ـ لعاب دھن ـ تھوکنا
gobang,ايک کھليل
gobble,بڑے بڑے نوالے کھانا ـ جلدي جلدي هڑپ کر جانا
gobbler,شتر مرغ  ـ بڑے بڑے لقمے کھانے والا
goblet,آنجوره ـ قدع ـ جام
goblin,بھوت ـ جن
goby,ايک جوٹي مچھلي
god,اﷲ تعالي ـ خدا
goddess,محبوبه ـ پري ـ حور
godfather,کفيل ـ ذمه دار
godgrant,خدا نے چاها ـ انشا الله
godhead,اﷲ ـ خدا ـ رب
godhood,خدائي ـ الوهيت
godknows,خدا هي جانے
godless,بے دين ـ منکر ـ کافر
godlessness,کفر ـ بے ديني
godlike,ربائي ـ رحماني
godliness,تقوي ـ خدا ترسي
godly,صالح ـ متقي
godmother,کفيله
godowns,مال گودام ـ گودام
godsend,آسماني ـ خدا کي دي هوئي
godsent,آسماني ـ خدا کي دي هوئي
godtruth,امر حق ـ حق ـ سچي سچي بات
godwilling,خدا نے چاها ـ انشا الله
goer,جانے والا ـ چلنے والا ـ جانے والي چيز
gofer,ايک کيک جو شهد کي مکھيوں کے چھتے کي شکل کا بنايا جاتا هے
goggle,آنکھيں پھير پھرا کر ديکھنا ـ ترچھا ديکھنا
goggleeyed,ابھري هوئي آنکھوں والا ـ بھينگا
goggler,ترچھي نطر سے ديکھنے والا
goglets,صراحي ـ جھجري
going,ميدان ـ دوڑ کا ميدان ـ رخصت ـ موجود ـ چالو
goitre,گھينگا ـ گلھڑ
goitrous,گلھڑ کے متعلق
gold,سونا ـ زر ـ طلا ـ روپيے پيسه
goldbeater,سونے کے ورق بنانے والا
golden,سونے کا ـ سونے سے معمور ـ قيمتي
goldenmouthed,شيريں کلام
goldenremedy,بهترين علاج
goldensaying,سنهري مقوله
golder,سونے والا
goldeyes,سنهري آنھيں
goldfever,سونے کي تلاش کاجنون
goldfish,چین کی سرخ مچھلی ۔
goldmean,معتدل رويه ـ اعتدال
goldsmith,سونار
golf,گلف کا کھيل
golfer,گلف کا کھلاڑي
goliaths,راکشس
gondola,وينس شهر کي چھوٹي کشتي
gondolier,بجرا چلانے والا
gone,تيا هوا ـ رفته ـ گم شده
gong,گھنٹه ـ گھڑيال
gonorrhocel,جرياني ـ سوزاکي
gonorrhoea,سوزاک ـ جريان
good,اچھا ـ بھلا ـ خوب ـ عمده ـ مناسب ـ معقول ـ پاکيزه
goodbye,خدا حافظ کهنا
goodly,اچھا ـ خوش
goodman,اچھا آدمي
goodmen,اچھے اشخاص
goodness,نيکي ـ اچھائيـ خوبي
goodnight,رات کا سلام
goodwife,اچھي بيوي
goodwill,کسي کارخانے کا نام اختيار کرنے اور اس سے فائده اٹھانے کا حق ـ گرم جوشي ـ خير خواهي ـ نيک نيتي
goody,اچھا سال
goodyear,اپنے آپ کو پارسا ظاهر کرنے والا ـ نيکي کي دم بھرنے والا
goodygoody,کرکٹر کي وه گيند جو بظاهر پيروں کي طرف سے مڑنے والي هومگر ٹانگوں کي طرف مڑے
googly,هنس ـ راج هنس
goose,ايک قسم کا انگور
gooseberry,بے وقوف ـ ساده لوح
goosy,گرم سلاخوں سے ليس وغيره پر لهريں يا پليٹيں ڈالنا
gopher,برباد هونا ـ ناکام هونا ـ بيٹھ جانا
gophut,گارڈيس سے منسوب هے جس نے گره باندھي تھي جس کو سکندر نے تلوار سے کاٹ ڈالا تھا ـ مشکل ـ دشوارـ پيچيدار
gordian,مشکل کام ـ پيچيده مسئله
gordianknot,خون فما هوا لهو ـ تکوني زمين
gore,نگلنا ـ کھانا ٹھونسنا ـ گله ـ حلق
gorge,بھڑکيلا ـ چمکيلا ـ شاندار ـ پر تکلف ـ فاخره
gorgeous,شسان و شوکت سيٗ
gorgeously,شان و شوکت
gorgeousness,گلا پوش
gorget,بد شکل عورت ـ بد نما ـ خوفناک
gorgon,بن مانس ـ گوبلا بندر
gorilla,بيسيار خوري
gormandize,بيسيار خور
gormandizer,ايک خار دار جھاڑي
gorse,خون آلوده
gory,خدا کي قسم ـ واللّٰه ـ بخدا
gosh,ايک قسم کا چھوٹے پروں والا بڑا باز
goshawk,خدا کي قسم ـ واللّٰه ـبخدا
goshbygosh,قاز کا بچه
gosling,خوش خبري ـ انجيل ـ مسلک ـ مذهب ـ عقيده
gospel,گرجا کا انجيل خواں
gospelers,چھوٹي مکڑي کا باريک جالا ـ شيطان کو ڈور
gossamer,باتوني ـ فضول گو
gossip,بکواسي
gossiper,بکواس ـ فضول گوئي
gossipry,بکواس کرنے والا
gossipy,بکواس کرنے والا ۔
got,وحشي ـ غير مذهب ـ جاهل
goth,شهر جو بيوقوفي کيلئے مشهور هے
gotham,بيوقوف ـ احمق
gothamite,گوتھ قوم يا اسکي زبان کے متعلق
gothic,جاهل ـ اکھڑا ـ غير مذهب
gothish,حاصل کيا هوا
gotten,چھيني کي قسم کا ايک آله
gouge,چبا کر نکالنے والا
gouger,مغلوب هونا ـ ناکام هونا ـ برباد هونا
gounder,کدو ـ خشک کھوکھلا کدو
gourd,کھاؤ ـ پيٹو
gourmand,کھائوں اور شرابوں کا مبصر
gourmet,دھبا ـ گٹھيا ـ چھينٹا
gout,گٹھيا کے مرض کي طرح
goutily,گھٹيا کا اثر
goutiness,نقرسي
gouty,حکومت کرنا ـ عملداري کرنا ـ راج کرنا ـ انتظام کرنا ـ نگراني کرنا
govern,حکومت کرنے کے قابل
governable,بندوبست ـ انتظام ـ حکومت
governance,حاکمه ـ استاني
governess,حکمراني ـ حکمران جماعت ـ گورنر
government''s,حاکمانه ـ حکومتي ـ سرکاري
government,حکومت کا
governmental,حاکم صوبه ـ ناظم
governor,صوبه دار اعلي ـ گورنر جنرل
governorgeneral,حکومت
govt,بے و قوف آ د مي ـ گھامر ـ کوئل
gowk,پشواز ـ عورتوں کا جامه ـ جبه
gown,وکيل ـ قانون کا پيشه کرنے والا
gownsman,وکلا
gownsmen,ايک کر لينا ـ اچک لينا ـ چھين لينا
grab,چھيننے والا
grabber,فضل ربي ـ رحمت ـ کرم ـ لطيف ـ انعام
grace,دلکشي ـ دل ربا ـ خوبصورت ـ حسين
graceful,خوش اسلوبي سے
gracefully,دلکشي ـ خوش اسلوبي
gracefulness,کم بخت ـ بد نصيب ـ مردود ـ بے شرم
graceless,بے شرمي سے ـ بدتميزي سے
gracelessly,بد نصيبي ـ بد بختي
gracelessness,کريم ـ رحيم ـ مهرنان ـ نيک خو
gracious,پهرباني سے ـ رحمت سے ـ کريمي سے
graciously,کريمي ـ رحيمي
graciousness,مرتب کے قابل
gradable,درجوں يا مراتب کے لحاظ سے ترتيب دينا
gradate,درجه بندي
gradating,تدريج ـ ترتيب
gradation,پايه ـ مرتبه ـ قسم وار ترتيب دينا
grade,ترتيب دينے والا
grader,اتار چڑھاؤ کا تناسب ـ نشيب کي مقدار
gradient,درجه بدرجه
gradual,رفته رفته ـ درجه بدرجه
gradually,درجے مقرر کرنا ـ کسي جامعه سے سند لينا ـ سند عافته ـ فاضل
graduate,حصول سند ـ درجه بندي
graduation,قلم ـ پيوند ـ ايک ذات کرنا ـ سيا سياست يا تجارت سے ناجائز فائده اٹھانا
graft,قلمـ پيوند ـ ايک ذات کرنا ـ سياست يا تجارت سے ناجائز فائد ه اٹھانا
grafter,ناجائز فائد ه اٹھانے والا
grain,بیج ۔ تخم ۔ غلہ ۔ صاف کرنا ۔ دانہ دار بنانا ۔
grained,کھردار ـ دھاري سے ـ دانه دار
grainer,صاف کرنے والا يا دانه دار بنانے والا
grainless,بے دھاري کا ـ بے دانه
grainy,دانه دار
gram,چنا ـ نخود
gramercy,شکر ـ شکريه
graminaceous,گھاس کا ـ گھاس جيسا
graminivorous,گياه خور ـ چرنے والا ـ گھاس کھانے والا
grammar,صرف و نحو ـقوائد زبان ـ زبان کا صحيح استعمال
grammarian,قوائد زبان کا جاننے والا
grammatical,قوائد زبان کے متعلق
grammatically,قوائد بان کے لحاظ سے
gramme,حجم کا ايک وزن ـ پاني کا وزن
grammialogue,مختڈر نويسي ـ لفظوں کي جگه علامات
gramophone,گراموفون باجا جس پر دھاري دار ٹکياں بجائي جاتي هون
granary,اناج ـ گودام
grand,بڑا ـ بھاري ـ عظيم ـ پر شوکت  ـ پر تکلف ـ بلند
grandad,دادا کيلے پيار کا لفظ
grandam,ناني ـ دادي ـ نانا ـ دادا ـمائي
grandaunt,بڑي پھوپھي
grandchild,بڑا بچه
grandee,بلند مرتبه رئيس
grandeur,بڑائي ـ جاه جلال ـ بزرگي ـ عظمت ـ شکوه ـ شان و شوکت
grandfather,دادا
grandiloquence,رنگين کلامي ـ تحرير کا شکوه
grandiloquent,رنگين قلم ـ جادو بيان
grandiose,اعلي پيمانه پر تجويز کيا هوا ـ دھوم دھام کا ـ پر شکوه
grandiosely,دھوم دھام سے
grandiosity,شان و شکوه
grandmother,دادي
grange,ملے کي عمارتيں ـ مرزع کے مکان کي عمارتيں
graniferous,غله کي پيداوار  والا ـ غله پيدا کرنے والا
graniform,غله کي مانند
granite,پتھر جو عمارت کے کام آتا هے ـ سخت پتھر
graniteware,لوهے کے برتن
granivorous,غله سے غله کھانے والاـ اناج خور
granny,دادي ـ ناني
grant,حق دے دينا ـ بخشنا ـ مرحقت کرنا
grantable,قابل منظوري
grantee,لينے والا
granter,دينے والا
grantor,هبه کرنے والا
granular,دانه دار
granularity,دانه دار هونا
granulate,دانه دار کرنا ـ انگور بندھنا ـ زخم بھرنا
granulation,آغاز اندمال ـ انگور بننا
granulator,دانه دار کرنے والا
granule,چھوٹا دانه
grape,انگور
grapery,انگور پيدا کرنے والا باغ
graphic,مشرح ـ واضع ـ هوبهو
graphically,نقشوں اور تصويروںکے ساتھ ـ وضاحت کے ساتھ
graphology,ہاتھوںکی لکیر سے چال چلن اور عادات و اطوار کا اندازہ لگانا ۔
grapline,grapline
grapple,کنڈا ـ کانٹا  ـ آنکڑا ـ هاتھا پائي کرنا
grappler,هاتھا پائي کرنے والا
grasp,پکڑنا ـ قبضه کرنا ـ قابو لانا
graspable,قابل فهم ـ قابل گرافت
grasper,پکڑنے والا ـ گرفتار کرنے والا
grasping,حريص ـ طامع
graspingly,ادراک سے ـ لالچ سے
grass,چري ـ گھاس  ـ گياه ـ گرانا ـ جھاڑنا
grassless,بے گياه
grasswindow,وه عورت جسکا شوهر باھر گيا هو
grassy,گھاس سے ڈھکا هوا ـ هرا بھرا
grate,رگڑنا ـ گھسنا ـ آتش دان کي سلاخيں يا جالي
grateful,قابل قبول ـ خوشگوار ـ پسنديده
grater,جھانواں ـ سل ـ رهتي ـ کدو کشتي
gratification,فرحت ـ تسکين
gratified,فرحت بخش
gratify,فرحت
gratifying,تسکين زده
grating,جنگله ـ جالي ـ رگڑ
gratingly,ناپسنديدگي سے ـ سمع خراشي سے
gratis,مفت ميں ـ بلا قيمت
gratitude,شکر ـ شکرانه ـ شکر گزاري
gratuitous,مفت ـ بلامعاوضه ـ بے سبب
gratuitously,خواه مخواه
gratuitousness,بلا معاوضه کام کرنا ـ احسان
gratuity,حسن خدمت کا کام انجام ـ اجر ـ صله
gratulate,خوشي کا اظهارکرنا ـمبارک باد دينا
gravamen,شکايت نامه ـ فرد جرم ـ سنگين جرم
grave,قبر ـ گور ـ مزار ـ ترتيب  ـ مدفن
gravel,روڑي ـ بجري ـ ريتي ـ حيرت زده کرنا
gravelly,پتھريلا ـ بجريلا ـ کنکريلا
gravely,غور و فکر سے ـ متانت سے
graver,کھودنے والاـ کنده کرنے والا
graveyard,قبرستان
gravid,پيٹ سے ـ حامله
gravitate,جھکنا ـ کھينچنا ـ مرکز کي کشش
gravitation,کشش ـمرکز
gravity,بھاري پن ـ متانت ـ اهميت ـ کشش ارض
gravy,آب و جوش ـ شوربه
gray,بھورا  ـ مائل ـ کڑبڑا
grazable,چرنے کے قابل
graze,چرنا ـگله باکرنا ـ مويشي چرانا
grazer,مويشي چرانے والا
grazier,ميوشيوں کي تجارت کرنے والا ـ گله بان
grazing,چرائي ـ گله باني
grease,روغن لگانا ـ چکنا ئي کرنا ـرشوت دينا
greaser,رشوت دينے والا
greasiness,چرب زباني ـ چکنائي
greasy,روغني ـ چکنا ـ بغير صاف کيا هوا
great,بڑا ـ کبير ـ اهم ـ ضروري ـ بلند ـ طاقتور ـ زور دار
greathearted,سخي
greatly,فراخدلي سے ـ بھت زياده
greatness,بزرگي ـ بڑائي ـ عظمت
greave,ساق پوش ـ پنڈليوں کي زره
greaves,چربي کي تلچھٹ
grecian,يونان کا باشنده
greece,يونان
greed,آز ـ حرص ـ طمع ـ شوق
greediness,طمع ـ لالچ
greedy,کھانے پينے کا لالچي ـ حريص
greek,يوناني ـ مکار ـ فريبي
green,هر ا ـ سبزـ شاداب ـ تروتازه ـ هرا بھرا ـزرد
greener,هرا کرنے والا
greenery,هريالي
greeneyed,رشک کرنے والا ـ حاسد
greenish,کسي قدر ناتجربه کار ـ سبزي مائل
greenly,هريالي
greenness,هرا پن ـ سبزي
greenstick,هري چھڑي
greeny,سبز سا
greet,سلام کرنا ـبندگي کرنا ـ پوچھنا ـخير مقدم کرنا
greeting,خير مقدم ـ مبارک بادي
gregarious,غول يا گروه ميں رهنے والا ـ صحبت پسند ـ ملنسار ـگروهوںکا
gregariousness,جماعت پسنديـ هم جنس پسندي
grenade,چھوٹا بم ـ هاتھ گولا
grenadier,هتھ گولا پھينکنے والا سپاهي
grenadine,بچھڑے يا مرغے کي ران کا گوشت جو ايک ترکيب سے پکايا جا تا هے ـ جالي دار اوني کپڑا ـ فرانسيسي انار کي شراب
grey,خاکستري ـ بھورا ـ اداس  ـ بھورا کرنا
greybeard,ضعيف ـ عمر رسيده
greyer,بھورا کرنے والا
greyheaded,عمر رسيده
greyhound,تازی کتا ۔ شکاری کتا ۔
grid,کٹهراـ جنگلاـ آتش دان
gridiron,سيخدار چولھا
grief,ملال ـ کلفت ـ رنج
grievance,شکايت ـ ناراضگي ـ رنجش ـ تکليف
grieve,ستانا ـرنجيده کرنا ـ دل دکھانا ـ متاسف هونا ـ غم هونا ـ رونا
griever,دل دکھانے والا ـ غم کرنيوالا
grievous,تکليف ده  ـ مهلک ـ سنگين ـ خراب
grievously,رنج کے ساتھـ سختي سے
griffin,ناتجربه کاري ـ اناڑي
griffon,کتے کي ايک نسل
grigs,چھوٹي بام مچھلي
grill,بھوننا ـ بريان کرنا ـکباب کرنا ـ ايذا کرنا ـ کباب
griller,ايذا دينے والا ـ تکليف دينے والا
grillwork,کباب کا کام
grim,هيبت ناک ـ ڈراؤنا ـ سنگدل
grimace,بناوٹي صورت بنانا ـ منه بنانا ـ بناوٹ
grimacer,منه بنانے والا ـبناؤٹي صورت بنانے والا
grime,کالک ـ ميل ـ ميلا کرنا ـ کنده کرنا ـ آلوده کرنا
griminess,گنده هوناـ ميلا هونا ـ کثافت
grimly,سختي سے ـ سنگدلانه
grimmer,گنده کرنے والا
grimness,بے رحمي ـ ظلم
grimy,گنده ـ کثيف
grin,دانت پيسنا ـ دانت نکال کر منه بنانا ـ زهر خند کرنا
grinder,چکي ـ پسنهارا ـ سان پر چڑھانے والا
grindstone,پيسنے کا پتھر
grip,پکڑنا ـ تھامنا ـ متوجه کرناـ پکڑنے کا دسته
gripbreak,دستي بريک ـ دستي روک
gripe,مضبوط پکڑنا ـدبانا ـتکليف دينا
griper,زور سے پکڑنے والا ـ دبانے والا
gripewater,دوا جو درد ميں گھوڑوں کي دي جاتي هے
grisliness,خوفناک ـ هيبت ناکي
grisly,ڈراؤنا ـ خوفناک
grist,پسائي کاغله ـ گھان ـ پسان ـ رسد
gristle,نرم هڈي ـ چيني
gristly,کرکري هڈي کي طرح
grit,ريت ـ بالو ـ بجري ـ روڑي ـ چوکر ـ روا ـ دليا
grittiness,کرکراپن
gritty,باهمت ـ مستقل مزاج
grizzle,خاکي ـ بھورے بالو ں والا
grizzled,بھورے بالوں والا
groan,کراهنا ـ پائے پائے کرنا ـبار هونا ـ لدا هوا هونا ـ حد سے زياده هونا
groaner,کراهنے والاـ آه و زاري کرنے والا
groaningly,فرياد کرتے هوئے ـ آه آه کرتے هوئے
groaninwardly,دلي صدمه هونا
groat,چاندي کا سکه ـ حقير رقم
grocer,کرانه کا دوکاندار ـ پنساري
grocery,پنساري کا سامان
grog,شراب اور پاني کا آميزه
grogblossom,شراب خوري کي وجه سے ناک کي سرخي
grogginess,مد هوشي ـ کمزوري
groggy,لڑکھراتا هوا ـ شرابي
grogram,اون اور ريشم کا بنا هوا موٹا کپڑا
groin,پيٹ اور ران کے درميان کا جسم ـ چڈھا ـ جانگھ
groom,شاهي محل کا داروغه ـ سائيس ـ دولها
groomer,سائيس ـ گھوڑے کي ديکھ بال کرنے والا
groomsman,شه بالاـ دولها کا دوست جو شادي کے وقت اسکے ساتھ هو
groove,نالي ـ خانه ـ جھري بنانا ـ چکر دار نالي
groover,نالي بنانے والا
grooviness,ايک راه پر هونا
groovy,لکير کا فقير ـ لکيروںوالا
grope,ٹٹولنا ـ اندھوں کي طرح تلاش کرنا ـامتحان کرنا
groper,ٹٹول کر معلوم کرنے والا ـ امتحان کرنے والا
gross,باره درجن ـ موٹا  ـ بھاري ـ کاهل
grosser,فاش کرنے والا
grotesque,آدھا تيتر آدھا بٹير ـ هفت رنگي ـ بے جوڑ
grotesquely,گڈ مڈ کرکے ـ بے ڈھنگے پن سے
grotesqueness,بے ٹکا پن
ground,زمين ـ سطح زمين ـ ملک  ـاصل وجه ـ سبب
grounder,مدار قائم کرنے والا
groundless,بے بنياد
groundlessly,بے سروھا
groundling,بنيادي تعليم ـ ادني مذاق کا انسان
groundnut,مونگ پھلي
groundsel,نرم گھاس جو پالتو جانوروں کي کھلائي جاتي هے ـ دهليز
group,مجموعه ـ زمره ـ گروه ـ مجمع ـ فراهم کرنا
grouper,ترتيب دينے والا ـ فراهم کرنے والا
grouse,ايک قسم کا جنگلي مرغ
grouser,شکايت کرنيوالا
grousing,شکايت
grout,پتلي گچي ـ جنگلي سيب ـ استرکاري کا مساله
grove,کنج ـ درختوں کا جھنڈ ـ ديوي کا نام
grovel,زمين پر ليٹ جانا ـذلت اختيار کرنا
groveler,اپنے آپ کو ذليل کرنيوالا
grow,اگنا ـ پيدا هونا ـبڑھنا ـ کاشت کرنا
growable,قابل کاشت
grower,کاشت کرنے والا ـ اگانے والا
growing,اگاؤ
growingly,گرجتے هوئے ـ غراتے هوئے
growl,غرانا ـ بڑبڑانا ـ غصه کي آواز نکالنا
growler,غرانے والا ـ ايک قسم کي مچھلي
growth,باليدگي ـ نشونما ـ کاشت ـ زراعت
grub,کھود ڈالنا ـ جڑيں اکھارنا ـ چھان مارنا ـ محنت کرنا ـکھان دينا
grubber,کھود کر نکالنے والا
grudge,حسد کرنا ـبخل کرنا ـجلنا ـ دريغ کرنا ـ بغص
grudger,حسد کرنے والا ـ بغض کرنے والا ـ کينه کرنے والا
grudging,بے دلي کا
grudgingly,بغض و حسد سے ـ بخل سے
gruel,دليا ـ آش ـ کھيرـ سزا دينا ـ سختي کرنا ـمار ڈالنا
grueler,سختي کرنے والا ـ مار ڈالنے والا
gruelingly,سختي سے
grueller,سزا دينے والا ـ سختي کرنے والا
gruelling,سختي
gruesome,مهيبـ هولناک ـ نفرت انگيز
gruesomeness,هولناکي
gruff,کڑا ـ سخت ـ چڑچڑا ـ سخت مزاج
gruffer,چڑ چڑ ا کرنے والا
gruffish,تلخ کلا م ـ تند مزاج
gruffness,اکھڑاپن ـ تند مزاجي ـ تلخ کلامي
grumble,بڑبڑانا ـ گھورنا ـ گرجنا ـ شکايت کرنا
grumbler,شکايت کرنيوالا
grumbling,چکايت
grumblingly,شکايت کے طور پر
grumpily,بد مزاجي سے
grumpiness,بد مزاجي
grumpy,ترشرو ـ چڑچڑا
grunt,غرانا ـ ناراضگي کا اظهار کرنا ـ سور کي سي بھاري آواز نکالنا
grunter,غرانے والا
grunting,غرانا
gruntingly,ناراضگي سے
gry,جريب کا دسواں حصه
guano,ايک پرند کي بيٹ جو کھاد کے کا م آتي هے ـمچھلي کي کھاد
guarantee,ضمانت ـ کفالت ـ ذمه داري ـ ذمه دار هونا
guarantor,ضامن ـ ذمه دار
guaranty,ذمه داري
guard,پاسبان ـ نگهبان ـ حفاظت کرنا ـ محفوظ رکھنا ـ پاسباني کرنا
guardian,سرپرست ـ والي  ـ مربي ـ امين ـ حامي
guardianship,حمايت ـ امانت ـ محافظت
guardsman,حفاظت کرنے والا آدمي
guava,امرود ـ جام
gubernatorial,صوبه دار کا ـ گورنر کا
gudgeon,ايک چھوٹي مچھلي ـ سادي لوح ـ بھولا
guebre,پارسي ـ گير ـ آتش پرست
guerilla,بے ترتيب لڑائي ـ چھابه ماري ـ گوريلا
guess,قياس کرناـ گمان کرنا ـاندازه کرنا
guesser,اندازه کرنے والا ـ قياس کرنے والا
guessing,انداز هـ قياس
guest,ضيف ـ مهمان  ـ مقيم سفر
guidable,اهنمائي کرنے کے قابل
guidance,راه نمائي ـ هدايت
guide,رهنما ـرهبر ـ پيش رو ـ راسته دکھانے والا ـ قيادت کرنے والا
guidebook,اهنمائي والي کتاب
guideline,سيدھا ساده
guider,رهنمائي کرنے والا
guiding,رهنمائي
guild,هم پيشه لوگ
guile,دغا ـ فريب ـ دھوکه ـ چالاکي
guileful,مکار ـ فريبي
guileless,بے ربا
guilelessness,بھولا پن
guillotine,آدميں کے سر قلم کرنے کي مشين ـ کس معاملے کا فيصله کرنا
guilt,جرم ـ گناه ـ خطا
guiltily,تقصير واري سے ـ نيت جرم سے
guiltiness,گنھگاري ـ قصورواري
guiltless,انجان ـ معصوم ـ بے گناهـ
guilty,مجرم ـ خاطي
guinea,افيقه کا ايک ملک
guineapig,امريکي چوها
guise,لباس ـ بھيس ـ صورت ـ پوشاک ـ چلن ـ طور طريقه
guitar,ستار
guitarist,ستار نواز
gulf,خليج
gulfy,بھنور سے بھرا هوا
gull,مرغابي ـ ساده لوح ـ بے وقوف
gullable,کوآساني سے بے وقوف بنايا جا سکے
gullet,نرخرا ـ حلقوم ـ نکاس  ـ ناله
gullibility,احمق ـ ساده لوحي
gully,تنگ گھاس ـ دره ـ نالي ـ ناله ـ پاني کا راسته
gulp,نگلنا ـ هڑپ کر جانا ـهانپنا
gulper,نگلنے والا
gum,مسوڑا ـ گوند
gumboil,مسوڑے کا ورم
gumlike,گوند کي طرح
gummy,لس لسا ـ چيپ دار
gumpton,منچلا پن ـ سمجھ بوجھ
gun,بندوق ـ قرابين ـ توپ
gunfight,بندوقوں کي لڑائي
gunfighter,بندوقوں سے لڑنے والا
gunfire,گن فائر
gunman,محافظ
gunned,بندوق والا
gunner,بندوق سے مارنے والا
gunnery,توپ بنانے کا فن ـ آتش بازي
gunny,بورا ـبوري
gunshy,بندوق کي آواز سے ڈرنے والا
gup,بے بنيا د افواه ـگپ
gurgle,غرغر کي آواز نکالنا ـ غرغرانا
gurnard,بڑے سي کي ايک سمندر مچھلي
gush,پھوٹ نکلنا ـ زور سے اچھلنا
gusher,مستعدي سے کام کرنے والا ـ اچھلنے والا
gushy,پرجوش
gusset,نکتا کپڑا جو لباس کو مضبوط بنانے کيلئے لگائيں ـ سنگھاڑا ـ چڑيا
gust,زور کا هوا کا جھونکا ـ مزا ـ ذائقه
gustable,لذت کے قابل ـ مزا کے قابل
gusto,مذاق ـ ذائقه ـ شوق ـ جوش
gusty,پرجوش ـ زور کا
gut,آنتيں ـ اوجھڑي ـ دم ـ حوصله ـ صاف کرنا ـنگلنا
gutter,ناله ـ موري ـ پرناله
guttural,گلے سے نکلنے والي ـ حلق کي ـ حلق سے ادا کيا هوا
guy,جھاز کا سامان ـ گائي فاکس کا پتلا جو نومبر ميں جلايا جاتا هے ـ رفوچکر هونا ـمذاق اڑانا ـ فراري
guzzle,بے طرح کھانا  اور شراب پ
guzzler,مسرفـ خراچ ـ فضول خرچ
gymkhana,مختلف کھيلوں کي جگه
gymnasium,ورزش گاه
gymnast,ورزش کا استاد
gymnastic,ورزش کا طريقه ـ جسماني موڑ توڑ
gymnic,کستر کے متعلق
gymnical,کسرت کے متعلق
gymnosophist,مني ـ بھگت ـ برهنه درويش
gynaecocracy,عورتوں کي حکومت
gypsum,جسپم ـ کھريا مٹي
gypsy,خانه بدوش ـ شرير عورت
gyrate,چکردار
gyration,گردش ـ چکرا
gyratory,گردش کرنے والا ـ چکر دينے والا
gyre,گھومنا ـ گردش کرنا ـ چکر دينا
gyro,چکر ـ دور
gyve,بيڑي ـ هتھکري
