h,انگريزي حرف تهجي کا آٹھواں لفظ,
ha,اها ـ واه ـ سبحان اﷲ,
habeas,حکم نامه,
haberdasher,سوئي پوت والا ـ بساطي,
haberdashery,خورده فروش,
habergeon,گلے اور سينے کا بغير آستين کا بکتر بند,
habile,ماهر ـ هوشيار ـ چالاک,
habiliment,پوشاک ـ لباس,
habilitate,تيار کرنا ـ سرانجام دينا,
habilitation,کام کي تياري,
habit,عادت ـ خو ـ طبيعت ـ خصلت,
habitability,سکونت پذيري ـ رهائشي قابليت,
habitable,قابل رهائش ـ رهنے کے قابل,
habitant,باشنده ـ رهنے والا ـ باسي,
habitat,رهنا ـ بسيرا کرنا,
habitate,کند ذهن کرنا يا هونا,
habitation,مکان ـ مسکن ـ گھر,
habitual,مدامي ـ معمول  ـ حوگر,
habituality,حسب معمول ـ معمول کے ساتھ,
habitually,حسب معمول,
habitualness,عادت ـ معمول,
habituate,سدھانا ـ عادت ڈالنا ـ خوگر کرنا ـ عادي کرنا,
habituation,استمراري ـ خوپذيري,
habitude,دستور ـ طريق عمل ـ رجحان رسم,
hacienda,وسيع ميدان ـ کھيت,
hack,ٹکڑے ٹکڑے کرنا ـ پاش پاش کرنا ـ کچومر نکال دينا,
hackle,سن کي دھنکي ـ سن کو کنگھنے سے صاف کرنا ـ ٹکڑے ٹکڑے کرنا,
hackler,ٹکڑے ٹکڑے کرنے والا,
hackney,معمولي گھوڑا ـ ٹٹو ـ بھارے کا گھوڑا,
had,رکھنا ـ هونا,
hade,نشيب کي طرف مائل هونا ـ جھکنا ـ ڈھلنا,
hades,برزخ ـ عالم ارواح,
haematic,دوا جو خون پر عمل کرے ـ خون آميز ـ مصفي خون,
haemorrhage,جريان خون ـ ادرار خون,
haft,قبضه ـ دسته,
hafter,دسته لگانے والا,
hag,چڑيل ـ ڈائن ـ جادوگرني ـ دلدل ميں سخت جگه,
haggard,منه زور ـ دبلاپتلا ـ پريشان حال,
haggardness,لاغري ـ بدحال,
haggish,چڑيل سي ـ بدصورت سي,
haggle,چھگڑا کرنا ـ تکرار کرنا ـ بھاؤ تاؤ کرنا,
haggler,تکرار کرنے والا,
hagiarchy,اوليائ اور بزرگان دين کي حکومت,
hagiocracy,بزرگان دين کا راج,
hagiographa,يهود کي مقدس کتابيں,
hagiologist,مقدس کتابوں کا لکھنے والا,
hah,اها ـ اهو ـ هنسي,
haha,قهقهه کي آواز ـ اهاها ـ باغ کے گرد گڑا هوا احاطه يا باڑه,
hail,‘اله ـ اوله ـ بوچھاڑ هونا ـ افرين ـ خوشآمديد ـ پکارنا ـ آواز دينا ـ سلام کرنا ـ خوش آمديد کهنا,
hailer,خوش آمديد کرنے والا ـ سلام کرنے والا ـ شاباش کرنے والا ـ پکارنے والا,
hair,مو ـ بال ـ رواں ـ پشم ـ اون ـ بال,
haircut,بال بنوانا,
haircutter,بال بنانے والا,
hairdresser,بال بنانے والا,
hairiness,بالوں کي کثرت,
hairless,گنجا,
hairsplitter,موشگاف کرنے والا,
hairsplitting,مشگافي کرنا,
hairstyle,بال بنانے کا انداز,
hairy,بال دار,
halcyon,رام چڑيا ـ پرسکون ـ عافيت کا,
hale,کھينچنا ـ لے جانا,
haler,کھينچنے والا,
half,آدھا ـ نصف ـ نيم ـ برابر کا ـ قريب قريب کا,
halfback,خام ـ ضعيف العقل,
halfhearted,بے دلي سے,
halfheartedly,بے دلي سے,
halflife,آدھي زندگي,
halfpenny,نصف بيني,
halftimer,جو آدمي آدھا دن پڑگے اور آدھا دن مزدوري کرے,
halibut,ايک قسم کي مچھلي,
halidom,مقدس شے کي قسم ـ پاک چيز,
hall,بڑا کمره ـ ديوان ـ ديوان خانه ـ زميندار کا مکان,
hallands,هالينڈ کي بني هوئي اناج کي شراب,
hallelujah,الحمدﷲ ـ خدا کا شکر,
hallmark,مستند ـ مهر تصديق,
hallo,آگے بڑھاتا ـ کسي کو متوجه کرنے کيلئے پکارنا ـ شور مچانا,
hallow,پاک کرنا ـ مقدس کرنا ـ احترام کرنا,
hallower,پاک کرنے والا ـ مقدس کرنے والا,
hallucinate,کسي شخص کے دماغ پر غلط اثر ڈالنا ـ گمراه کرنا,
hallucination,فريب خيال ـ فريب نظر ـ لغزش,
halo,هاله ـ حلقه نور ـ اوليائ سر کا حلقه,
halt,مقام ـ جگه ـ پڑاؤ ـ ڈيره ـ ٹھرنا ـ مقام کرنا ـ فوج ٹھهرانا,
halter,گلے ميں باندھنے کا پٹه ـ پھانسي پر لٹکانے کي رسي ـ پھاني دينا,
haltingly,لنگڑا کر ـ رک رک کر,
halve,دو برابر حصوں ميں تقسيم کرنا,
halvers,دو برابر حصوں ميں تقسيم کرنے والا,
halyard,بادبان کش,
ham,پشت ران ـ بستي ـ قصبه,
hamadryad,هندوستان کا زهريلا سانپ ـ حيش کا بندر,
hamburgh,ايک قسم کا سياه انگور ـ ايک چھوٹا پرنده جو پالا جاتا هے,
hamite,حام کي اولاد ـ مصري يا افريقي نسل سے,
hamlet,چھوٹا گاؤں ـ قريه ـ پورا,
hammer,گھن ـ هتھوڑا ـ مرگري ـ بندوق کا گھوڑا,
hammerer,هتھوڑے سے مارنے والا ـ ٹھوکنے والا ـ سخت محنت کرنے والا,
hammock,جالي دار جھولا,
hamper,کوئي چيز رکھ کر راسته روکنا ـ روکنا ـ گرفتار کرنا,
hamperer,گرفتار کرنے والا,
hamshackle,گھوڑے کے اگلے پير اور گردن کو باهم جکڑ دينا,
hamster,چوهے کي قسم کا ايک جانور جس کے گلے ميں تھيلياں هوتي هيں وه ان ميں غله بھر کر لے جاتا هے اور موسم سرما کے لئے ذخيره کرتا هے,
hamstring,چلنے کے ناقابل بنا دينا,
hand,هاتھ ـ دست ـ طرف ـ اختيار ـ پکڑنا ـ حوالے کرنا ـ مدد کرنا,
handbag,هاتھ کا چھوٹا بيگ,
handball,ايک کھيل,
handcrafting,دستکاري,
handful,مٹھي بھر ـ چند ايک,
handger,پھانسی دینے والا ۔ چھوٹی چوڑی تلوار ۔,
handicap,کسي مقابلے ميں وزن يا فاصلے کي قيد ـ روکنا ـ رکاوٹ پيدا کرنا,
handicraft,دستکاري ـ کاريگري ـ هاتھ کا کام,
handicraftsman,دستکار,
handiness,تيز دستي ـ کاريگر ـ سليقه,
handiwork,کاريگري ـ دستکاري,
handkerchief,رومال ـ دستي,
handle,چھوٹا هاتھ لگانا ـ برتاؤ کرنا ـ معامله کرنا ـ قابو ميں رکھنا,
handler,استعمال کرنے والا ـ برتاؤ کرنے والا ـ چلانے والا,
handmade,هاتھ کا بنا هوا,
handoff,خبردار جو هاتھ لگايا ـ چلو ـ هٹو,
handpick,هاتھ سے اٹھانا,
handsel,نو روز کا تحفه ـ کسي نئي چيز کي آزمائش کرنا,
handshake,هاتھ سے هلانا,
handsome,صاف ستھرا ـ خوبصورت ـ حسين ـ جميل,
handsomely,کافي مقدار ميں ـ کشاده دلي سے,
handsomeness,حسن جمال,
handwork,هاتھ کا کام,
handwrit,هاتھ کا لکھا هوا,
handwrite,هاتھ کا لکھا هوا,
handwritten,تحرير,
handwrote,هاتھ کا لکھا هوا,
handy,کاريگر ـ دستکار ـ صاحب سليقه,
hang,ٹانگنا ـ پھانسي دينا ـ شرمنده هونا ـ چسپاں کرنا,
hangable,لٹکانے کے قابل ـ پھانسي کے قابل,
hanger,پھانسي دينے والا,
hangeron,جلو ميں رهنے والا ـ دست نگر ـ حاشيه بردار,
hanging,پھانسي ـ لٹکتي هوئي تصوير,
hank,پيچک ـ انٹي ـ لچھا ـ بادبان,
hanker,خواهش کرنا ـ بے قرار کرنا,
hankerer,بے قرار کرنے والا,
hankering,شوق ـ خواهش,
hanky,دستي ـ رومال,
hankypanky,بھانا متي کا تماشا ـ مداري کا کھيل ـ نظر بندي,
hans,جرمن يا ڈچ,
hansom,دو پهيوں کي گاڑي,
hap,اتفاق ـ تقدير,
haphazard,اتفاق سے,
hapless,بد بخت ـ بدنصيب,
haplessly,بد قسمتي سے,
haply,شديد ـ ناگاه,
happen,واقع هونا ـ نازل هونا ـ گزرنا,
happening,ماجرا ـ حادثه,
happily,بخير و خوبي ـ آسوده حالي سے,
happiness,خوش نصيبي ـ اقبال مندي ـ چين,
happy,خوش ـ کامياب ـ مطمئن ـ دلشاد,
harangue,خطبه ـ تقرير ـ پرجوش تقرير,
haranguer,تقرير کرنے والا,
harass,ٹھکانا ـ پرانا ـ پريشان کرنا,
harasser,پريشان کرنے والا ـ تھکانے والا,
harassing,پريشاني,
harassingly,پريشاني سے,
harassment,تشويش ـ ايذا دھي,
harbinger,پيشوا ـ هرکاره ـ خبر رساں نقيب,
harbor,پناه ـ بندرگاه ـ پناه دينا,
harborage,جائے پناه,
harborer,پناه دينے والا,
harbour,پناه ـ پناه گاه ـ دل ميں جگه دينا,
hard,سخت ـ ٹھوس ـ مضبوط ـ بے رحم,
hardball,کوک کي گيند,
harden,سخت کرنا ـ کڑا کرنا ـ مضبوط کرنا ـ جفاکش هوجانا,
hardhearted,سنگدل,
hardheartedly,سنگدلي سے,
hardihood,جرأت ـ بيباکي ـ مضبوطي,
hardiness,دشواري,
hardness,دقت ـ دشواري,
hardship,بدنصيبي ـ دشواري ـ سختي,
hardware,سامان مرمت,
hardwood,سخت لکڑي,
hardworking,سخت محنت,
hardy,بهادر ـ دلور ـ مضبوط,
hardyannual,وه پودا جو هر جگه هر موسم ميں پنپ جائے,
hare,خرگوش,
harem,خانه کعبه ـ پرده نشين عورت,
haricot,گوشت کے پسندے ـ قليه,
hark,سننا ـ کان لگانا ـ توجه سے سننا,
harlequin,بھانڈ ـ مسخرا ـ نقال,
harlot,رنڈي ـ کنچني,
harlotry,حرام کاري,
harm,نقصان ـ ايذا ـ ستانا ـ تکليف دينا,
harmer,نقصان پهنچانے والا,
harmful,مضر ـ نقصان ده,
harmfulness,زياں کاري ـ ضرر رسائي ـ مضرت,
harmless,معصوم ـ بے زبان,
harmlessness,بے ضرر هونا,
harmonic,هم آهنگ ـ موافق,
harmonious,هم آهنگ ـ موافق,
harmoniously,خوش نوائي سے,
harmonist,راگ راگني کا ماهر,
harmonium,ايک قسم کا باجا,
harmonization,هم آهنگي ـ توافق,
harmonize,هم آهنگ کرنا ـ آواز ملانا,
harmonizer,هم آهنگ کرنے والا,
harmony,تناسب ـ مطابقت ـ هم آهنگي,
harness,گھوڑے گاڑي کا ساز ـ زمين کو جوتنے کا سامان ـ هتھيار ـ ساز لگانا,
harp,چنگ ـ بين ـ سارنگي ـ قانون,
harper,بربط نواز ـ بين کار,
harpist,بربط نوازي کا ماهر,
harpoon,هار پون مارنا ـ برچھا نما هتهيار,
harpooner,هار پون مارنے والا,
harpsichord,قديم زمانه کا بين کي طرح کا ايک باجه,
harpsichordist,قديم زمانے کا بين بجانے والا,
harpy,ايک افسانوي مخلوق جس کا چهره اور جسم پرهوں کا سا پر اور پنجا عقاب کے سے هيں ـ خونخوار عورت يا مرد,
harridan,بدصورت عورت,
harrier,ايک قسم کا شکاري کتا,
harrow,کھانچے دار سروان ـ اجاڑنا ـ تباه کرنا ـ لوٹنا,
harrowing,دکھ پهنچانے والا,
harry,اجاڑنا ـ پامال کرنا ـ تباه کرنا,
harsh,کھردرا ـ سخت ـ کريهه ـ بد مزه ـ دشوار,
harshness,ناگواري ـ باپسنديدگي,
hart,آهو ـ غزال,
hartal,پڑتال ـ دکانيں بند کرنا ـ کام بند کرنا,
hartshorn,ايک ماده جو هرن کے سينگ سے نکلتا هے,
harumscarum,غافل ـ لاپروا,
harvest,فصل کاٹنے کا زمانه ـ حاصل,
harvestable,حاصل کرنے کے قابل,
harvester,کھيت کاٹنے والا,
harvestman,فصل کاٹنے والا آدمي,
has,رکھنا ـ هونا,
hash,قيمه ـ قيمه کرنا,
hasheesh,حشيش ـ بھنگ ـ چرس,
hashish,افيون ـ چرس ـ بھنگ,
hasp,زنجير ـ کنڈا,
haste,فلدي ـ پھرتي,
hasten,دوڑنا ـ جلدي کرنا ـ تيز کرنا,
hastener,جلدي کرنے والا ـ بھاگنے والا,
hastiness,چڑچڑا پن ـ عجلت ـ جلد بازي,
hasty,تيز ـ پھرتيلا ـ جلد باز,
hat,ٹوپي ـ کلاه ـ دھوپ کي ٹوپي,
hatch,دو حصے والے کواڑ کا نيچے کا حصه ـ انڈے سينا ـ انڈوں سے بچے نکالنا ـ تدبير کرنا ـ منصوبه بنانا,
hatchable,منصوبه بنانے کے قابل,
hatcheck,جدول بنانے والا,
hatchel,سن وغيره صاف کرنے کنگھي ـ سن صاف کرنا,
hatcheling,سن صاف کرنا,
hatcher,تدبير بنانے والا,
hatchery,وه جگه جھاں مچھليوں کے انڈوں سے بچے نکلتے هيں,
hatchet,کلهاڑي ـ تير,
hatchment,صاحب خانه کے نام کي تختي جو مکان کے باهر لٹکائي جائے,
hate,نفرت کرنا ـ دشمن جاننا,
hateable,قابل نفرت,
hateful,بد ـ برا ـ قابل نفرت ـ کينه ور ـ حاسد,
hatefulness,بد انديشي ـ نفرت انگيزي,
hatred,دشمني ـ بغض,
hatter,ٹوپياں بنانے والا,
haughtiness,خود بيني ـ تکبر,
haughty,خود بين ـ مغرور ـ خود پسند,
haul,گھسيٹنا ـ کھينچنا ـ جهاز کا رخ بدلنا ـ يافت,
haulage,جهاز کي مزدوري,
hauler,کھينچنے والا,
haunch,پٹھا ـ کولھا ـ چوتڑ,
haunt,آمد و رفت رکھنا ـ مقامات پر جانا ـ اڈا,
haunter,مقامات پر جانے والا,
hautboy,بانسري ـ شهنائي,
hauteur,کبر ـ نخوت ـ غرور,
havana,هوانا کا بنا هوا سگار,
have,رکھنا ـ پاس هونا,
haven,بندرگاه ـ جائے امن,
haversack,کينوس کي خرجي,
having,گھر کا سامان ـ مال و متاع,
havoc,خرابي ـ تباهي ـ تباه و برباد کرنا ـ اجاڑنا,
haw,ايک قسم کا جھاڑ,
hawk,باز ـ شاهين ـ پھيري لگانا,
hawker,پھيري والا,
hawknose,لمبي ناک,
hawse,جهاز کے اگلے رخ کا حصه,
hawser,جھاز کا تار,
hawthorn,پھولوں کي جھاڑي,
hay,خشک گھاس ـ چاره,
hayward,گاؤں کا چوکيدار,
hazard,چوسر کا ايک کھيل ـ اتفاق ـ واردات,
hazardous,پر خطر ـ انديشناک ـ خطرناک,
haze,کهر ـ دھند ـ غبار,
hazel,ايک پھل دار جھاڑي,
haziness,تاريکي ـ ابهام ـ دھندلاپن,
hazy,تاريک ـ مبهم,
he,وه مرد ـ وه ـ اسنے,
head,سر ـ منڈي ـ کسي چيز کا سرا ـ دماغ ـ ذھن ـ سردار ـ پيشوا,
headache,درد سر,
headachy,درد سري,
header,پتھر جو ديوار ميں آرا لگايا جائے,
heading,سر سے گيند کو مارنا ـ سرخيسر سے گيند کو مارنا ـ سرخي,
headlong,سر آگے ـ سر کے بل,
headmaster,هيڈ ماسٹر,پرنسپل
headmistress,هيڈ مسٹريس,پرنسپل
headsman,جلاد ـ پھانسي دينے والا,
headsmen,پھانسي دينے والا,
headstrong,منه زور ـ سرکش ـ ضدي,
heady,تيز ـ جلد باز,
heal,شفائ بخشنا ـ تندروست کرنا ـ درد دل کي دوا کرنا,
healable,قابل شفائ,
healall,هر مرض کي دوا ـ اکسير,
healer,زخم کو بھرنے والا ـ درد رفع کرنے والا,
health,تندرستي ـ صحت ـ خيريت,
healthful,صحت بخش ـ صحت افزائ,
healthiness,صحت مندي,
healthy,تندرست ـ صحت افزائ,
heap,ڈھير ـ توده ـ هجوم ـ انبار,
hear,سننا ـ کان دھرنا ـ ذکر سننا,
hearable,سننے کے قابل,
hearer,سننے والا,
hearing,سننے کي قوت ـ سماعت ـ حضوري ـ شنوائي ـ مقدمه کي پيشي,
hearken,سننا ـ سن لينا,
hearsay,افواه ـ سني سنائي بات,
hearse,تابوت لے جانے والي گاڑي,
heart,دل ـ قلب ـ لب لباب ـ چھاتي ـ من ـ همت ـ جرأت ـ دل گرده,
heartbeat,دل کي دھڑکن,
heartbreak,دل توڑنا,
heartbreaker,دل توڑنے والا,
heartburn,دل جلانا,
hearten,دلاسا دينا ـ دلداري کرنا,
hearth,آتشدان ـ گھر بار ـ بال,
heartily,دل سے ـ شوق سے,
heartiness,ذوق و شوق ـ توانائي ـ خلوص,
heartless,بے دل ـ سنگدل,
heartlessness,بے رحمي ـ سنگدلي,
hearty,صاف ـ سچا ـ بے ريا ـ پر خلوص ـ تندرست ـ توانا,
heat,گرمي ـ حرارت ـ گرم کرنا ـ جوش دينا,
heatable,گرم کرنے کے قابل,
heater,گرم کرنے والا,
heath,جھاڑيوں کا علاقه,
heathen,مشرک ـ کافر,
heathenish,جاهلانه ـ مشرکانه,
heathenism,شرک ـ الحاد,
heathenize,مظاهر پرستي کرنا ـ بت پرست بنانا,
heather,ايک جھاڑي جس ميں گلابي رنگ کے پھول آئے هيں,
heatless,سرد ـ ٹھنڈ,
heave,اٹھانا ـ اکسانا ـ اونچا کرنا,
heaven,آسمان ـ افلاک ـ جنت ـ عالم قدس,
heavenborn,آسمان سے اترا هوا,
heavenly,فلکي ـ سماوي ـ جنتي ـ روحاني,
heaviness,سستي ـ غمگيني,
heavy,بھاري ـ وزني ـ گراں ـ بوجھل ـ دشوار ـ کٹھن,
hebraism,عبرانيوں کي خصوصيت ـ عبراني زبان کا محاوره,
hebrew,اسرائيلي ـ يهودي ـ عبراني,
hecatomb,بڑي مذھبي قرباني,
hectic,مدقوق ـ مشتعل,
hector,کمزور کو ستانے والا ـ بزدل,
hedge,باڑ لگانا ـ کانٹے لگانا,
hedgehog,خار پشت ـ شخص جس سے نبھانا مشکل هو,
hedgehoggy,جھگڑالو ـ لڑاکا,
hedger,باڑ لگانے والا ـ کانٹے لگانے والا,
hedonism,يه عقيده که لذت مقصد حيات هے ـ لذتيت,
hedonist,لذتيه,
heed,التفات کرنا ـ  توجه دينا ـ لحاظ کرنا,
heeded,التفات ـ توجه ـ لحاظ,
heeder,التفات کرنے والا ـ توجه کرنے والا,
heedful,چوکس,
heedfulness,خبرداري,
heedless,بے پرواه,
heedlessly,بے پرواهي سے,
heedlessness,بے التفاتی ۔ لاپروائی ۔,
heehaw,قهقهه,
heel,ايڑي,
heeler,جھونکنے والا ـ ناچنے والا,
heeling,جھکاؤ,
hegira,آغاز سن ھجري,
heifer,نچھيا ـ بهڑي,
heigh,اوهو,
height,بلندي ـ اونچائي ـ ارتفاع ـ چوٹي ـ شدت,
heighten,بلند کرنا ـ اونچا کرنا ـ زياده کرنا ـ اصلاح کرنا ـ بھاري کرنا,
heinous,عظيم ـ سخت ـ بڑا ـ قابل نفرت,
heinousness,نفرت انگيزي,
heir,وارث ـ حق دار,
heirless,لاولد,
heirloom,ورثه ـ ترکه,
heirship,وراثت ـ ميراث,
hejira,سن آغاز هجري,
held,قبضه کرنا ـ قابه ميں رکھنا,
helianthus,سورج مکھي کي قسم کا ايک پھول,
helical,مرغوله دار ـ پيچدار,
helicon,شاعري کي ديوي کا مسکن,
helicopter,هيلي کاپٹر,
heliocentric,مرکز آفتاب سے,
helipad,هيلي کاپٹر اترنے کي جگه,
helix,کماني دار چيز ـ مرغوله نما نقش و نگار,
hell,دوزخ ـ جهنم ـ بھار,
hellcat,بد مزاج عورت,
hellebore,وه درخت يا پودے جو دافع جنون سمجھے جاتے هيں,
hellene,قديم هوناني باشنده ـ يوناني,
hellenic,خالص يوناني,
hellenist,يوناني اديب ـ نوناني زبان کا محقق,
hellish,دوزخي,
hello,کسي کو متوجه کرنا ـ ہيلو کهنا,
hellward,جهنم کي طرف,
helm,قيادت کرنا ـ مغفر,
helmet,لوهے کي ٹوپي ـ مغفر,
helot,غلام,
helotry,غلامي,
help,مدد کرنا ـ اعانت کرنا ـ هاتھ بٹانا ـ دکھ دور کرنا,
helpable,مدد کرنے کے قابل,
helper,مدد کرنے والا,
helpful,مددگار  ـ کارآمد,
helpfulness,امداد ـ اعانت ـ فائده مندي,
helping,کھانے کي وه مقدار جو کسي شخص کو ايک بار دي جائے ـ دستگيري,
helpless,بے کس ـ محتاج,
helplessness,بے کسي ـ لاچاري,
helpmate,ساتھي ـ مددگار,
helterskelter,گھبراهٹ ـ کھلبلي ـ گرتے پڑتے,
helve,کلهاڑي کا دسته,
hem,کھنکارنا ـ متوجه کرنا,
hemi,سابقه ـ نصف يا نيم,
hemicrania,آدھے سر کا درد ـ درد شقيقه,
hemiplagia,آدھے دھڑ کا فالج ـ لقوه,
hemisphere,نصف کره ارض ـ مصف کره فلکي,
hemistich,نصف مصرعه,
hemlock,ايک زهريلا درخت,
hemorrhage,جريان خون ـ ادار خون,
hemp,سنـ ريشه دار پودا جس کے ريشوں سے رسے اور کپڑے تيار کيے جاتے هيں ـ بھنگ,
hemstitch,کشيده کاري,
hen,مرغي,
hence,چناچه ـ يهاں سے ـ ادھر سے ـ اب سے ـ بعد ازاں ـ اس واسطے,
henchman,ساتھي ـ رفيق,
henhouse,مرغي خانه,
henna,حنا ـ مهندي,
henomenalize,مظهر کے طور پر پيش کرنا ـ شان ظهور کي طرف متوجه کرنا,
henotheism,نيم توحيد ـ خدا کو واحد سمجھنا مگرلاشريک له کا قائل نه هونا ـ شرک کي ايک قسم,
hepatic,جگر کے متعلق,
hepta,سابقه نمعني سات ـ هفت,
heptagon,هفت پهلو خاکه,
her,اس عورت کا ـ کو,
herald,قاصد ـ پيام رساں ـ خبر دينے والا,
heraldry,فن نقانت ـ ايلچي گري,
herb,جڑي هوئي,
herbaceous,نباتاتي,
herbage,نباتات ـ گھاس پات ـ جڑي بوٹياں,
herbal,نباتات يا جڑي بوٹيوں کي کتاب,
herbalist,جڑي بوٹي کے خواص جاننے والا,
herby,جڑي بوٹيوں کي خاصيت والا,
herculean,هرکوليس کا,
hercules,يوناني رستم هرکوليس,
herded,غول ـ گله ـ چرواها ـ گله بنانا ـ اکٹھا کرنا ـ جمع هونا,
herder,جمع کرنے والا ـ اکٹھا کرنے والا,
here,ادھر ـ يهاں ـ موجود,
hereditable,جو وراثتا منتقل هو سکے,
hereditament,مال موروثي ـ جائداد ـ ميراث,
hereditary,مورثي ـ باپ دادا کا,
heredity,مورثيت,
heresy,بدعت ـ کفر ـ خلاف شرع,
heretic,ملحد ـ بدعتي ـ خارجي,
heriot,اسامي ها پٹه دار کے انتقال پر جو چيز يا روپيه زميندار کو ديا جائے,
heritable,قابل وراثت,
heritage,ورثه ـ ميراث,
hermaphrodite,هيجڑا ـ مخنت ـ خنسا,
hermeneutic,تشريح و تاويل,
hermes,علم خطابت کا ديوتا ـ منشي فلک,
hermetic,کميا سازي کا ـ هوا روک,
hermit,زاهد ـ گوشه نشين,
hermitage,حجره ـ کٹيا ـ جھگي,
hern,بگلا,
hernia,آنت کا خصيه اتر جانا ـ فتق,
hero,بهادر ـ شجاع ـ غازي,
heroic,بهادرانه,
heroically,عالي همتي سے,
heroin,هيروئين,
heroine,شير دل عورت ـ محبوبه,
heroism,شجاعانه کردار,
heroize,غازي بنانا ـ سورما بنانا ـ پيرو بننا يا بنانا,
heron,بگلا,
herpes,کھجلي ـ خارش,
herpetology,حشرات الارض کا علم,
herr,جناب ـ حضور,
herring,لهر دار ترتيب,
hers,اس عورت کا,
herself,اپنے تئيں آپ ـ خود,
hesitance,تردد ـ تامل,
hesitancy,شش و پنج,
hesitant,هچکچانے والا,
hesitate,پس و پيش کرنا ـ تامل کرنا ـ هچکچانا,
hesitater,تامل کرنے والا,
hesitatingly,هچکچاهٹ سے,
hesitation,تامل ـ توقف,
hesitative,کمزور ارادے کا ـ هچکچانے والا,
hesitator,تامل کرنے والا,
hetero,مختلف,
heteroclite,بے قاعده ـ خلاف دستور قواعد جسي کي گردان بے قاعده هو,
heterodox,خلاف دين ـ خلاف شرع,
heterodoxy,کفر ـ الحاد ـ آزاد خيال,
heterogeneous,غير جنس ـ مخالف جنس,
heterogenous,غير جنس,
hew,کاٹنا ـ تراشنا ـ ٹکرے ٹکڑے کرنا,
hewable,کاٹنے کے قابل,
hewer,لکڑي کاٹنے والا ـ کان ميں کوئله کھودنے والا,
hexa,سابقه ـ جوڑ ـ ميں همني شش ـ چھ,
hexagon,شش پهلو,
hexameter,چھ رکن کے وزن کا شعر,
hexangular,شش زاويه,
hexapod,چھ پيروں کا کيڑا,
hey,اجي ديکھنا ـ ديکھو,
heyday,واه واه,
hiatus,ٹوٹي هوئي کڑي ـ نقص,
hibernal,سرما کے متعلق,
hibernate,سست پڑا رهنا,
hibernation,بے حس و حرکت,
hiccough,هچکي آنا,
hid,چھپانا,
hidalgo,هسپانيه کا خوش رويه مرڈ,
hide,کھال ـ چمڑا ـ چھپانا ـ مخفي کرنا ـ اوجھل هونا ـ پوشيده کرنا,
hidebound,چمٹي هوئي کھال,
hideous,ڈراؤنا ـ بھيانک,
hideousness,هيبت ناکي,
hider,چھپانے والا,
hiding,بيد يا چابک کي مار ـ چھپنے کي جگه,
hie,جلدي کرنا ـ جلد چلنا,
hierarch,مرشد ـ پير ـ گرو,
hierarchism,مذهبي حکومت کا اصول,
hierarchy,پيري ـ پيشوائي ـ مذهبي حکومت,
hiero,سابقه بمعني پاک ـ مقدس,
hieroghlyphic,تصويري تحرير کا ـ علاماتي,
hieroglyph,علاماتي زبان ـ نقشي يا تصويري زبان,
hierogram,مقدس کتيه ـ مقدس تحرير,
higgle,بھاؤ تاؤ کرنا ـ تکرار کرنا,
high,اونچا ـ لمبا ـ عالي,
highanddry,واقعات کي رو سے محفوظ,
highandmighty,مغرور ـ خود پسند,
highbrow,عوام کو حقارت سے ديکھنے والا,
higher,اونچا کرنے والا,
highest,سب سے اونچا,
highjack,شراب کي ناجائز تجارت کرنا,
highlife,اميرانه ٹھاٹھ,
highlight,چھلکياں,
highly,اعلي طرز کا,
highness,جناب اعلي ـ حضور والا,
highschool,هائي اسکول,
highstrung,جلد مشتعل هونے والا,
hight,لمبائي,
hightea,چائے جس کے ساتھ گوشت بھي هو,
hijacker,وه شخص جو شراب کي ناجائز تجارت کرنے والوں کو ڈرا کر روپيه وصول کرتا هے,
hijra,هجرا ـ هجري,
hilarious,زنده دل ـ خوش دل ـ خوشي کا,
hilariously,خوش دلي سے,
hilarity,ترنگ ـ چهل,
hilary,قانوني يا جامعاتي ميقات,
hill,پهاڑ ـ کوه,
hilliness,پهاڑوں اور ٹيلوں کي کثرت,
hillock,چھوٹي پهاڑي,
hillside,پهاڑي جگه,
hilltop,پهاڑ کي چوٹي,
hilly,اونچائي ـ بلند,
hilt,قبضه ـ دسته ـ موٹھ,
him,اس کو ـ اسے,
himalayas,هماليه,
himself,آپ هي ـ اپنے آپ,
hind,کھيت کا ملازم ـ پچھلا,
hinder,روکنا ـ منع کرنا ـ مزاحمت کرنا ـ باز رکھنا,
hinderance,رکاوٹ ـ مزاحمت,
hinderer,مزاحمت کرنے والا ـ روکنے والا,
hindi,هندوستان کا ـ هندي زبان,
hindmost,سب سے پچھلا ـ آخري,
hindrance,رکاوٹ ـ مزاحمت ـ آڑ,
hindu,هندو,
hinduism,هندو مذھب کا پيروکار,
hindustan,هندوستان,
hindustani,هندوستاني,
hinge,جوڑ ـ قبضه ـ چول,
hingeless,بغير قبضه کے,
hinger,قبضه کرنے والا,
hint,اشاره ـ ايما ـ اشاره کرنا,
hinter,اشاره کرنے والا,
hip,کوله ـ اداس کرنا ـ افسرده کرنا,
hipbone,کولے کي هڈي,
hippo,درياني گھوڑا,
hippocampus,ايک قسم کي چھوٹي مچھلي,
hippocras,گرم مساله ملي هوئي شراب,
hippodrome,رتھوں کي دوڑ کي جگه,
hippogriph,پردار گھوڑا ـ ايک افسانوي گھوڑا,
hippopotamus,دريائي گھوڑا ـ درياني شير,
hirable,اجرت کے قابل,
hire,کرايه پر لينا ـ اجرت دے کر کام لينا,
hireable,کرانه پر لينے کے قابل,
hireling,مزدور ـ اجرت پر کام کرنے والا,
hirer,کرايه پر لينے والا,
hiroshima,جاپان کا شهر,
hirsute,روئيں دار ـ بالدار,
his,اس مرد کا ـ اس کا,
hiss,سي سي کي آواز پيدا کرنا ـ پھنکارنا ـ نفرت کا اظهار کرنا,
hisser,نفرت کا اظهار کرنے والا ـ سي کي آواز پيدا کرنے والا,
hist,خاموش ـ جپ,
historian,مؤرخ ـ تاريخ نويس,
historic,تاريخي ـ يادگار,
historical,تاريخي ـ واقعات پر مبني,
historically,تاريخي حيثيت سے,
historicity,تاريخي هونا,
history,تاريخي ـ تذکره,
histrion,اداکار ـ نقال,
histrionic,اداکاري سے متعلق,
histrionically,ظاهر داري سے ـ اداکاري سے,
hit,ضرف لگانا ـ مارنا ـ وار کرنا,
hitch,رک رک کر چلنا ـ جھٹکے کے ساتھ کھينچنا ـ اٹکنا,
hitcher,يهاں تک ـ ادھر ـ اس طرف ـ اس جگه,
hive,چھتا ـ زنبور خانه ـ مکھياں,
hives,جلد پر پھنسيا يا چٹے,
ho,مسرت يا حيرت کي آواز ـ مرحبا,
hoar,موئے سفيد ـ بڑھاپے کي سفيدي,
hoard,گنج ـ مايه ـ ذخيره,
hoarded,ذخيره کيا هوا ـ جمع کيا هوا,
hoarder,ذخيره کرنے والا ـ جمع کرنے والا,
hoarse,گرفته ـ بيٹھي هوئي,
hoarseness,گوفته آواز,
hoary,سفيد بالوں والے,
hoax,مذاق ميں دھوکا دينا,
hoaxer,مذاق ميں دھوکا دينے والا,
hob,چولھے کا کنارے کا حصه ـ دهقائي,
hobble,رک رک کر چلنا ـ اٹک اٹک کر کام کرنا ـ ناهموار رفتار ـ بهکي هوئي چال ـ لنگراهٹ,
hobbler,لنگڑا کر چلنے والا,
hobby,شوق کا کام ـ تفريحي مشغله ـ ٹٹو ـ چھوٹا گھوڑا,
hobbyhorse,کھيل کا گھوڑا,
hobgoblin,بھوٹ ـ ديو ـ هوا,
hobnail,پھول دار کيل ـ گنوار,
hobnob,مل جل کر پينا,
hock,کسي جانور کے ٹخنے اور گھٹنے کے بيچ کا گوشت ـ ايک قسم کي شراب,
hockey,ايک کھيل ـ هاکي,
hocus,فريب دينا ـ دھوکا دينا,
hocuspocus,نٹ بازي ـ شيبده بازي ـ فسوس گري ـ چھومنتر,
hod,گارے کا ٹوکرا,
hodometer,مسافت پيما,
hoe,کدال ـ هيلچه ـ کھرپا ـ گوڑنا ـ نراني کرنا,
hog,سور ـ خنزير ـ وه سور جو گوشت کے لئے پالے جائے ـ دو رويه محرابي بنانا ـ ايال کترنا ـ بال خشخشي کرنا,
hoggish,گندا ـ بدتميز ـ سور جيسا,
hoghead,بڑا پيما ـ پانچ من کا پيما,
hoist,اٹھانا ـ کھڑا کرنا,
hoister,اونچا کرنے والا ـ کھڑا کرنے والا,
hokey,سستي ملائي کي برف,
hold,پکڑنا ـ تھامنا ـ قابض هونا ـ برقرار رکھنا,
holdable,پکڑنے کے قابل,
holden,چنچل ـ شوخ,
holder,قابض ـ مالک ـ پکڑنے والا,
holding,زمين برائے کاشت ـ حصص ـ مال ـ تجارت,
hole,چھيد ـ سوراخ ـ سوراخ کرنا ـ گڑھا ڈالنا,
holer,گڑھا ڈالنے والا,
holiday,چھٹي کا دن ـ تعطيل,
holiness,پرهيز گاري ـ پارسائي ـ پاکي,
holland,هالينڈ,
hollander,هالينڈ کا رهنے والا,
hollands,هالينڈ کي بني هوئي اناج کي شراب,
hollo,ارے ـ او,
hollow,کھودنا ـ کھوکھلا کرنا ـ تھوتھا کرنا ـ سوراخ کرنا,
hollower,خالي کرنے والا ـ کھوکھلا کرنے والا,
hollowness,کھوکھلا پن ـ کم ظرفي,
holocaust,عالمگير بربادي ـ بے شمار جانوروں کي قرباني,
holster,پستول رکھنے کي چمڑے کي تھيلي,
holt,بن ـ جنگل ـ گھني جھاڑي,
holy,پاک ـ مقدس ـ متبرک,
holyterror,شڑير لڑکا ـ خوفناک آدمي,
homage,فرمانبرداري ـ اطاعت ـ احترام,
homager,احترام کرنے والا ـ تعظيم کرنے والا,
home,کھر ـ مکان ـ خانه,
homebody,گھر کا فرد,
homebuilders,مکان بنانے والے,
homeland,وطن ـ ملک,
homeless,بے گھر,
homelike,گھر کي طرح,
homeliness,گھريلو پن ـ ساده پن ـ سادگي,
homely,ساده ـ تکليف سے عاري ـ سيدھا سادا ـ روکھا,
homemade,کھر کا بنا هوا,
homemaker,گھر بنانے والے,
homemaking,گھر بنانا,
homeopathic,هوميوپھيتک,
homeopathy,هوميوپھيتي,
homeowner,مالک مکان,
homeric,مشهور يوناني شاعر,
homeroom,گھر کا کمره,
homestead,مکان ـ جائے سکونت ـ کھيت ـ باڑه,
homework,گھر کا کام,
homeworker,گھر کا کام کرنے والا,
homicide,مردم کشي ـ قتل انساني,
homiletic,وعظ کے متعلق,
homilist,وعظ گو,
homily,غير دلچسپ واعظانه مناظره ـ خطيه ـ وعظ,
homing,گھر جانے والا,
hominy,مکئی کا دلیا ۔,
homo,آدمي ـ انسان,
homoeopath,علاج المثل کرنے والا,
homoeopathy,علاج بالمثل ـ هوميوپيتھي کا علاج,
homogeneity,هم رنگي ـ هم نوعي,
homogeneous,هم جنس ـ ايک ذات کے ـ هم قسم,
homogeneousness,هم نوعي ـ هم زنگي,
homolog,مماثلت ـ مطابقت,
homologous,هم رنگ ـ هم مقدار,
homology,مماثلت ـ مطابقت,
homy,وطن جيسا ـ گھر جيسا,
hone,سان پر لگانا,
honest,ديانت دار ـ راست باز,
honestly,ديانتداري سے,
honesty,سچائي ـ ديانت داري ـ صدق,
honey,شهد ـ لذت,
honeybee,شهد کي مکھي,
honeycomb,شهد کي مکھيوں کا چھته,
honeyed,بے انتها شيريں,
honeymoon,ماه عروسي ـ کسي مقام پر ماه عروسي بسر کرنا,
honeymooner,ماه عروسي بسر کرنے والے,
honeysweet,شهد کا سا شيريں,
honorable,قابل عزت ـ محترم,
honorarium,محنتانه ـ انعام,
honorary,اعزازي ـ بلامعاوضه,
honorofic,تعظيمي ـ تکريمي,
honour,ادب ـ تعظيم ـ عزت ـ شرف ـ مرتيه,
honourable,معزز ـ عزت والا ـ معتبر ـ محترم,
honourably,تعظيم و تکريم سے ـ احترام سے,
honoured,ممتاز ـ نامي گرامي ـ معزز,
hood,چمڑے کي ٹوپي ـ باز کے سر پر ٹوپي چڑھانا,
hoodwink,آنکھوں ميں دھول ڈالنا ـ دھوکا دينا,
hoodwinking,دھوکا دهي,
hoof,کھر ـ سم ـ ناخن ـ انسان کا پاؤں ـ پيدل چلنا,
hook,آنکڑا ـ کانٹا ـ جال ـ پھندا,
hookah,حقه,
hooked,خم دار ـ هک دار,
hooker,جوڑنے والا ـ کرکٹ ميں گيند کو هک کرنے والا,
hooligan,غنڈا ـ شهدا ـ ظالم,
hooliganism,غنڈا پن,
hoop,چھلا ـ گھيرا ـ کھانسنے کي آواز نکالنا ـ للکارنا ـ چلانا,
hooper,چلانے والا,
hooray,خوشي کي سي آواز,
hoot,ناپسنديدگي کا اظهار کرنا ـ مداخلت کرکے پريشان کرنا,
hooter,نعرے بلند کرنے والا ـ انجن کي سيٹي,
hop,ايک پاؤں پر کودنا ـ لنگڑا کر چلنا,
hope,آس ـ اميد  ـ سهارا,
hopeful,اميد وار ـ پراميد,
hopefulness,اميدواري ـ اميد رکھنا,
hopeless,نااميد ـ مايوس ـ نااهل,
hopelessness,نااميدي ـ نا اهليت,
hopper,ايک ٹانگ سے کودنے والا,
hopple,پير ميں زنجير ڈالنا ـ کلو ڈالنا ـ کلوا,
horal,ساعت وار ـ گھنٹے کا,
horary,ساعت وار,
horde,خانه بدوش ـ جماعت ـ گروه,
horizon,نظر ـ افق ـ دائره نگاه,
horizontal,افق کے متوازي ـ افقي ـ سطح کے برابر ـ غير عمودي,
hormone,ايک ماده جو غدود سے نکل کر خون ميں شامل هوتا هے,
horn,سينگ ـ شاخ ـ قرن,
horner,سينگ کا کام کرنے والا,
hornet,زنبور ـ برني,
horny,بے رحم ـ سينگدار,
horologe,گھڑيال ـ ساعت نما,
horologist,گھڑي ساز,
horoscope,حنم پيري ـ زائچه,
horoscopy,نجوم ـ زائچه بنانے کا فن,
horrible,هيبت ناک ـ ڈراؤنا,
horribly,ناگوار طور پر,
horrid,وحشت ناک ـ غضب ناک,
horridness,ڈراؤنا پن,
horrific,خوفناک,
horrify,ڈرانا ـ بدحواس کرنا,
horror,دھشت ـ خوف ـ ڈر,
horse,گھوڑا ـ اسپ ـ فرس ـ سوار,
horselaugh,بدتميزي کي هنسي,
horseplay,پولو,
horseplayer,پولو کا کھلاڑي ـ پولو کھيلنے والا,
horsepower,بهت زياده طاقت,
horsy,گھوڑ دوڑ کا شوقين,
hortative,ناصح ـ جوش دلانے والا,
hortatory,جوش دلانے والي ـ دل بڑھانے والي,
horticulture,فن باغياني,
horticulturist,چمن بندي کا هنر جاننے والا,
hose,لمبے موزے ـ جراب ـ نالي سے پاني دينا,
hosier,موزه اور بنيان بيچنے والا,
hosiery,بنيان وغيره کا کارخانه,
hospitable,مهمان نواز ـ فياض,
hospitably,مهمان نوازي,
hospital,هسپتال,
hospitaler,رفاه عام کي جماعت کا رکن,
hospitality,مهمان نوازي,
host,ميزبان ـ مهمان دار ـ لشکر فوج,
hostage,ضمانت ـ يرغمال,
hostel,اقامت خانه,
hostess,ميزبان عورت,
hostile,مخالف ـ دشمن,
hostility,خصومت ـ عداوت ـ دشمني,
hot,گرم ـ تپتا هوا ـ سوزاں ـ تيز ـ تند,
hotbed,بدمعاشي کا اڈا ـ کياري جو کھاد کے خمير سے گرم کي جائے,
hotchpotch,ديواني هنڈي ـ معجون مرکب ـ کھچڑي,
hotel,سرائے ـ قيام گاه,
hottentot,جنوبي افريقه کي ايک قوم,
hough,جانوروں کي پچھلي ٹانگ کا جوڑ,
hound,تعاقب کرنا ـ هلکارنا ـ کتوں کو شکار کے پيچھے بھگانا ـ اکسانا,
hounder,تعاقب کرنے والا,
hour,گھنٹه,
houri,حور ـ پري ـ حسين,
hourly,گھڑي گھڑي,
house,گھر ـ  مکان ـ مسکن,
houseboy,گھر ميں کام کرنے والا بچه,
houseclean,مکان کي صفائي,
housedog,گھر کي نگراني کرنے والا کتا,
housefly,مکھي,
houseful,جگه نه هونا,
household,گھرانا ـ کنبه ـ قبيله ـ بال بچے,
householder,مالک مکان ـ گھر کا سربراه ـ صاحب خانه,
househusband,گھر کا فرد,
houseless,بے گھر,
houseman,گھر کا فرد,
housemother,گھر کي عورت,
housewarming,وه دعوت جو ايک نئے گھر کي تکميل کے وقت دي جائے,
housewife,گھر والي ـ گھر کي مالکه,
housewifery,انتظام خانه داري,
housework,گھر کا کام,
housing,زين پوشي,
hovel,سائبان ـ اوساره ـ چھير ـ تنگ و تاريک مکان,
hover,گرد گھومنا ـ منڈلانا,
how,کيسے ـ کس طرح ـ کتنا,
howdah,هوده ـ عماري ـ هودج,
however,بھر حال ـ اس کے باوجود ـ بھر کيف,
howl,دردناک آواز ميں چلانا,
howler,شور مچانے والا,
howlet,الو ـ الو کا پٹھا,
howling,شور مچانے والا ـ چيختا هوا,
howlingdervish,غوغائي فقير ـ نعره زن درويش,
howsoever,باوجود يه که ـ کيسا هي,
hoy,ايک چھوٹي کشتي يا جهاز,
hoyden,چنچل ـ شوخ و شرير لڑکي,
hub,ناه ـ مرکز,
hubblebubble,گڑگڑي ـ حقه,
hubbub,هلچل ـ افراتفري ـ شور و غل,
hubhubby,شوهر ـ خاوند ـ مياں,
huckaback,کھيس کي بناوٹ کا کپڑا,
huckle,کالا ـ پٹھا ـ جانوروں کا پٹھا,
huckster,قيمت چکانا ـ تول ميل کرنا ـ تقمت پر تکرار کرنا,
huddle,بے ترتيبي سے انبار لگانا ـ تھونس دينا ـ درهم برهم کرنا,
huddler,درهم برهم کرنے والا,
hue,رنگ روغن ـ صورت,
huff,طيش ـ خفگي ـ گرم هونا,
huffish,بدمزاج,
huffishness,جھلاهٹ ـ غصه,
huffy,غسه ميں,
hug,گرم جوشي سے بغل گير هونا ـ لپٹا لينا ـ بغل ميں دبانا,
huge,بڑا ـ عظيم ـ جسيم ـ بھاري,
hugeness,عظمت ـ بڑائي,
hugger,راز ـ مخفي,
huggermugger,راز ـ مخفي,
huguenot,فرانسيسي پروٹيسٹنٹ ـ عيسائي,
hulk,بے ڈول جهاز,
hull,چھلکا ـ پوست,
hullabaloo,شور و غوغا,
hullo,ارے ـ کون هے ـ اخا,
hum,گنگنانا ـ مينه ميں گانا ـ کھنکھارنا,
human,انساني ـ انسان کا,
humane,ملائم ـ نرم,
humanely,درد مندي سے,
humanism,انساني محبت,
humanist,انساني فطرت کا مطالعه کرنے والا,
humanitarian,مذهب انسانيت کا پيرو,
humanitarianism,انساني دوست,
humanity,نسل انساني ـ بشريت ـ بشري خصائل,
humanize,آدمي بنانا ـ انسانيت کا جامه پهنانا ـ رحم دل بننا اور بنانا,
humankind,آدم زاد ـ بني آدم,
humanly,بقدر طاقت بشري ـ تاحد امکان ـ انساني ذرائع,
humble,خاکسار ـ فروتن ـ متحمل مزاج,
humblebee,زنبور ـ بھونرا,
humbleness,عاجزي ـ انکساري,
humbler,اپنے آپ کو نيچا سمجھنے والا,
humbly,نياز مندانه ـ عاجزانه ـ خاکساري سے,
humbug,فريب ـ جھوٹ ـ مکر,
humbugger,فريب دينے والا,
humdrum,اکتا دينے والا ـ بے لطف,
humid,تر ـ گيلا,
humidity,نمي ـ هوا ميں رطوبت,
humiliate,ذليل کرنا ـ خفيف کرنا,
humiliating,ذلت آميز,
humiliation,ذلت ـ اهانت,
humility,انکساري ـ عاجزي,
humming,گنگناتا هوا,
hummock,ٹيلا ـ ٹيه ـ پهاڑي,
humoral,انساني جسم کے اخلاط کا,
humorist,ظريف ـ خوش طبع,
humorous,خوش طبع,
humorously,خوش طبعي سے,
humorousness,خوش طبعي,
humour,خون ـ بلغم ـصفرا ـ خاطر کرنا ـ خوش کرنا ـ طبيعت کا لحاظ کرنا ـ پاس کرنا ـ مهرباني کرنا ـعنايت کرنا,
humourless,ذوق ظرافت سے عاري ـ افسرده دل,
humoursome,متلون مزاج ـ زود رنج ـ چڑچڑا,
hump,کب ـ کوز ـ کيڑا بنانا ـ افسرده کرنا ـ تکليف دينا,
humpback,حميده پشت,
humped,خميده پشت ـ کوزپشت,
humpty,پسته قد ماٹا آدمي ـ اتنا بھاري که گرنے کے بعد اٹھ نه سکے,
humpy,جس ميں بھت سے ٹيلے هوں,
hun,پن ـ ايشائ کي ايک خانه بدوش قوم,
hunch,کوزه پشت بنانا ـ کهني مارنا,
hunchy,جس ميں بھت سے ابھار هوں,
hundred,سو ـ صد,
hundredfold,سو گنا,
hunger,بھوک ـ اشتها ـ بھوک لگنا ـ بھوک هونا,
hungrily,بھوکوں کي طرح,
hungriness,بھوکا هونا ـ بنجر کرنا,
hungry,بھوکا ـ مشتاق ـ حريص,
hunk,بخيل ـ کنجوس,
hunky,کنجوسي,
hunt,شکار کرنا ـ تلاش کرنا ـ کھوج لگانا,
huntable,شکار کے قابل,
hunter,صياد ـ شکار کرنے والا ـ شکاري,
hunting,شکار ـ تلاش,
huntsman,شکاري,
huntsmen,شکاري جمع,
hurdle,ٹٹي ـ جنگلا,
hurdler,ٹٹي کودنے والا ـ جنگلا بنانے والا,
hurly,کھل بلي ـ طوفان نے تميزي,
hurrah,واه واه ـ آفرين ـ شاباش,
hurray,واه واه ـ شاباش,
hurricane,طوفاني آندھي ـ هوا کا تيز چھکڑ,
hurriedly,گھبراهٹ سے ـ جلدي جلدي,
hurry,جلدي کرنا ـ گھبرا دينا ـ کوئي کام عجلت سے کرنا,
hurst,ٹيلا ـ پهاڑي ـ ريت کا ٹاپو,
hurt,زخم ـ نقصان,
hurter,تکليف دينے والا ـ نقصان پهنچانے والا,
hurtful,تکليف ده ـ نقصان ده,
hurtle,دھکا دينا ـ متصادم هونا,
hurtless,بے زبان ـ بے ضرر,
husband,شوهر ـ خاوند ـ مياں,
husbander,احتياط کرنے والا ـ شوهر تلاش کرنے والي,
husbandman,کسان ـ کاشتکار,
husbandmen,کسان جمع,
husbandry,خانه داري ـ زراعت,
hush,خاموش کرنا ـ منه بند کرنا,
hushmoney,منه بھرائي ـ چپ رکھنے کے لئے رشوت,
hushup,معامله کو رفع دفع کر دينا,
husk,چھلکا ـ پوست ـ مقشر کرنا,
husker,چھلکا اتارنے والا,
huskiness,آواز کا روکھا پن,
husky,اسکيمو قوم کا کتا ـ اسکيمو زبان,
hussar,ولايتي رساله کا سپاهي,
hussy,آواره ـ شوخ چنچل لڑکي,
hustings,انتخابي کاروائي,
hustle,زور سے دھکا دينا ـ دھکا کھانا,
hustler,زور سے دھکا دينے والا,
hut,چھونپڑا ـ بھدا مکان,
hutch,صندوق ـ پنجره,
huzza,واه واه,
huzzah,واه واه,
huzzahing,اها ـ واه واه,
hyacinth,سنبل کي قسم کا ايک پودا ـ سنبل کے پھول کے رنگ,
hyades,ستاروں کا جھمکا جو عقد ثريا کے قريب هوتا هے,
hyaena,چرخ ـ لکڑ باز ـ دغا باز,
hyaline,زجاحي ـ بلورنما ـ شيشے کا سا,
hybrid,دو نسلا,
hybridize,دو نسلوں کو ملانا,
hybridizer,دو نسلوں کو ميلانے والا,
hydra,ايک افسانوي سو سر والا سانپ,
hydrant,پاني کا نل,
hydrate,مرکب,
hydration,پاني ملانا,
hydrator,پاني ملانے والا,
hydraulic,پاني کي قوت کا علم,
hydro,پاني سے متعلق,
hydrogen,هائيڈروجن,
hydrogenate,هائيڈروجن سے مرکب بنانا,
hydromel,شهد اور پاني,
hydropathic,پاني سے ـ پاني کا علاج,
hydropathically,پاني سے علاج کرنا,
hydropathy,پاني کا علاج,
hydrophobia,پاني سے خوف,
hydropic,نزول آپ کا,
hydropsy,نزول آب ـ پاني اترنا ـ استسقا,
hyena,چرخ ـ لکڑ بگا ـ تڑس ـ دغاباز,
hygeia,صحت و تندرستي کي ديوي ـ مجسمه صحت,
hygiene,اصول صحت,
hygienic,مفيد صحت,
hygienically,حفظان صحت سے متعلق,
hygienics,علم حفظان صحت,
hygrometer,هوا ميں رطوبت کي پيمائش کا آله,
hylozoic,مادے کو قديم سمجھنے والا ـ مادے اور خدا کو ايک ماننے والا,
hymen,شادي کا ديوتا ـ پرده بکر,
hymn,حمد ـ حمد کے گيت گانا,
hymnbook,حمد کي کتاب,
hyp,پٹھا ـ کوله,
hyperbaton,صنعت جس ميں لفظوں کي ترتيب بدل جاتي هے,
hyperblist,اغراق سے کام لينے والا,
hyperbola,شکل پذلولي,
hyperbole,حد سے زائد تعريف,
hyperborean,انتهاهي شمال کا باشنده ـ سخت سرد,
hypercritical,سختي سے تنقيد کرنے والا,
hyphen,نشان الحاق,
hypno,سابقه خواب ـ خوابي ـ نيند کا,
hypnosis,مصنوعي طريقوں سے لائي هوئي نيند,
hypnotic,نوم توجه کي حالت,
hypnotism,توجه سے نيند لانے کا عمل,
hypnotizable,توجه سے نيند پيدا کرنے کے قابل,
hypnotize,نوم توجه پيدا کرنا,
hypochondria,مراق کي حالت,
hypochondriac,مراقي ـ جنوبي,
hypocrisy,فريب ـ مکر,
hypocrite,رياکاري ـ مکاري,
hypocritic,مکر سے,
hypocritical,ريا کارانه ـ پرفريب,
hypostasis,جوهر ـ شخصيت مسيح ـ ذات مسيح,
hypotenuse,وتر ـ مثلث قائم الزاويه,
hypothecate,مکفول کرنا ـ رهن کرنا,
hypothesis,قياس ـ مفروضه نظريه,
hypothesize,نظريه قائم کرنا,
hypothesizer,نظريه قائم کرنے والا,
hyrax,پهاڑي خرگوش,
hyssop,چھوٹا خوشبودار پودا,
hysteria,اختتاق الرحم,
hysteric,هسٹيريا سے متاثر,
hysterics,شدت جذبات ـ غشي اور بے هوشي کے دورے,
