i,انگريزي حروف تهجي کا نواں حرف
iambic,کسي نظم جسکا پهلا جز غير تاکيدي هو اور دوسرا تاکيدي
iberian,ايبريا کي زبان اور باشنده
ibex,کوه ايلپس اور اپنائن کا بکرا
ibis,ايک قسم کا پرنده
ice,برف هو جانا ـ جمنا ـ برف
iceberg,برف تا توده
icebox,برف خانه
icefall,برف کا گرنا
icehouse,برف خانه
ichneumon,ايک قسم کا نيولا
ichnography,نقشه کشي ـ خاکه کشي
ichor,ايسا ماده جو ديوتاؤں کي رنگوں ميں خون کي بجائے هوتا هے ـ زرد آب
ichorous,ديوتائي ـ زرد آبي
ichthyologist,ماهر سمکيات
ichthyology,مچھليوں کا علم
icicle,برف کا علم
iciness,بے پروائي ـ سرد مهري
icing,کسي چيز پر شکر کي تهه
ickle,تھوڑا سا ـ ذرا سا
ickonography,بتوں اور مورتيوں کا تذکره
icon,بت ـ مورتي ـ شبيه ـ مجسمه
iconic,مورتي کا ـ بت کا
iconoclast,قديم رسموں کو توڑنے والا ـ بت شکن
iconolater,بت پرستي
iconomachy,بت يا تصوير پرستي کي مخالفت
icy,برف سے معمور ـ برف کا
icymanners,سرد مهري ـ بے مروتي
idea,خيال ـ تصور ـ فکر ـ رائے ـ ادراک
ideal,وهمي ـ قياس ـ خيالي مثالي
idealism,تصوريت ـ مثاليت
idealist,تصوري ـ عيني ـ مثال پسند
idealization,کامل نمائي
idealize,کامل ظاهر کرنا
ideate,ذهن ميں لانا ـ تصور کرنا
ideation,عمل تصور
identical,اسي شکل کي ـ وهي ـ ويسي هي
identification,پهچان ـ شناخت
identifier,شناخت کرنے والا
identify,ايک سمجھنا ـ ايک جاننا ـ پهچاننا
identity,کامل مطابقت ـ يکسانيت ـ نام و نشان
ides,قديم روميوں کي تقويم ميں بعٰض مهينوں کي پندرهويں اور تيرهويں تاريخيں
idiocy,ضعف عقل ـ سودا ـ خبط
idiom,محاوره ـ بولي
idiomatic,با محاوره ـ لسائي طور پر درست
idiomatically,بامحاوره
idiopathy,اصلي عارضه
idiosyncrasy,مخصوص جذبه يا خيال ـ مخصوص طرز بيان
idiot,احمق ـ ساده لوح ـ بيوقوف
idiotic,احمقانه
idiotical,احمقانه پن
idiotically,احمقانه پن سے
idle,بے کار ـ بے شغل ـ سست ـ مجهول ـ ناکاره ـ بے فائده ـ ضائع کرنا
idleness,آرام طلبي ـ بے کاري
idler,کاهل
idly,کاهلي سے
idol,بت ـ مورتي ـ صنم ـ محبوب
idolater,بت پرستي ـ پوجنے والا
idolatrous,بت پرستي سے متعلق
idolatry,پر جوش محبت ـ صنم پرستي
idolise,بت بنانا ـ معبود بنا کر پوجنا ـ بت پرستي کرنا
idoliser,بت پرستي کرنے والا
idolism,بت پرستي
idolization,معبود بنا لينا ـ حد سے زياده احترام ـ بت پرستي
idolize,بت بنانا ـ معبود بنا کر پوجنا ـ بت پرستي کرنا
idolizer,معبود بنا کر پوجنے والا
idyl,ديهاتيوں کے چھوٹے چھوٹے گيت
idylist,ديهاتي گيت لکھنے والا
idyll,ديهاتيوں کے چھوٹے چھوٹے گيت
idyllist,ديهاتي گيت لکھنے والا
if,اگر ـ جيسے ـ بالفرض
igneous,آگ کا ـ آگ کا بنا هوا
ignitable,آتش گير ـ جلنے کے قابل
ignite,آگ لگانا ـ آگ پکڑنا
igniter,آگ لگانے والا
ignition,آتش گيري
ignoble,کمينه ـ کم ظرف ـ کم اصل
ignominious,باعث رسوائي
ignominy,بدنامي ـ رسوائي
ignoramus,جاهل ـ احمق
ignorance,ناداني ـ احمق
ignorant,بے علم ـ ناواقف ـ جاهل
ignorantly,بے علمي سے
ignore,کچھ خيال نه کرنا ـ تجاهل پرتنا ـ نظر انداز کرنا ـ انجان بننا
ignorer,نظر اندار کرنے والا ـ خيال نه کرنے والا
ignoring,انجان بننا
iliac,پيٹره کے متعلق ـ کولھے کي هڈي کا
iliad,هومر کي مشهور رزميه نظم
ilk,اهي ـ اسي کا
ill,عليل ـ بيمار
illation,حاصل ـ نتيجه ـ استنياط ـ پھل
illative,نتيجه خيز ـ استخراجي
illegal,غير قانوني ـ خلاف قانون
illegality,ناجائز هونا
illegally,غير قانوني طور پر
illegibility,ايسي تحرير جو نه پڑھي جاسکے ـ بدخطي
illegible,جو پڑھا نه جاسکے ـ بدخط
illegitimacy,غير شرعي هونا ـ خلاف قانون هونا
illegitimate,ناجائز ـ خلاف شرح
illegitimately,ناجائز طور پر
illiberal,کنجوس ـ بے فيض ـ بے مروت
illiberality,انائت ـ تنگ دلي ـ بخل
illiberally,تنگ دلي سے ـ کمينه پن سے
illicit,ناروا ـ ناجائز ـ خلاف قانون
illicitly,ناجائز طور پر
illimitable,بے حد ـ لامتناهي ـ لامحدود
illiteracy,کم علمي ـ جهل
illiterate,جاهل ـ بے علم ـ ان پڑھ
illiterateness,ان پڑھ هونا ـ بے علمي ـ ناخواندگي
illness,روگ ـ بيماري ـ مرض ـ شرارت ـ بدي
illogical,بے دليل ـ خلاف منطق ـ غير معقول
illogicality,غير معقول هونا
illume,روشن کرنا ـ درخشاں کرنا
illuminable,روشن کرنے کے قابل
illuminate,روشن کرنا ـ منور کرنا ـ درخشاں کرنا
illumination,درخشائي ـ تاباني
illuminative,روشن کرنے والي
illuminator,روشن کرنے والا
illumine,روشن کرنا ـ تابان کرنا ـ قلب و دماغ کو روشن کرنا
illusion,فريب ـ دھوکا ـ فريب نظر
illusionary,فريب خيالي
illusionist,هستي کو فريب نظر سمجھنے والا
illusive,پرفريب ـ فريب ده
illusiveness,فريب دهي ـ دھوکا دهي
illusory,پر فريب ـ باطل کا
illustrate,شرح کرنا ـ توضيح کرنا ـ روشن کرنا
illustration,تشريح ـ بيان
illustrative,تشريحي ـ تمثيلي
illustrator,مثالوں اور نقشوں سے واضح کرنے والا
illustrious,روشن ـ تاب دار ـ مشهور ـ معروف ـ عالي مرتبه
image,مورت ـ شکل ـ صورت ـ مجسمه
imagery,صورتيں ـ مورتيں ـ مجسمے
imaginable,قابل تصور
imaginary,قياسي ـ فرضي
imagination,تخثيل ـ تصور
imaginative,پر خيال ـ پر تخيل ـ مضمون خيز
imaginatively,پر خيالي سے
imaginativeness,بلند فکر هونا ـ صاحب تخيل هونا
imagine,تصور کرنا ـ قياسي کرنا ـ خيال کرنا
imaginer,تصور کرنے والا ـ خيال کرنے والا
imbecile,ضعيف العقل ـ بيوقوف
imbecility,ناتوائي ـ نامردي
imbibe,پي لينا ـ جذب کر لينا ـ چوس لينا
imbiber,جذب کرنے والا ـ پي لينے والا
imbibition,جمع کرنا ـ جذب کرنا
imbroglio,پيچيده معامله ـ گتھي ـ گهري سازش
imbrue,آلوده کرنا
imbue,رنگنا ـ گهرا رنگنا
imitable,پيروي کے قابل
imitate,نقل کرنا ـ پيروي کرنا ـ تقليد کرنا
imitation,پيروي ـ اتباع ـ نقل
imitative,تقليدي ـ نقلي ـ اتباع کرنے والا
imitator,پيروي کرنے والا
immaculate,بے عيب ـ بے داغ ـ بے گناه ـ معصوم ـ پاک ـ صاف ـ مصفا
immaculately,بے عيبي
immaculateness,صفائي ـ بے داغ هونا
immaterial,غير مادي ـ غير مجسمي ـ باقابل لحاظ
immaterialism,يه عقيده که همارے شعور سے عليحده ماده کا کوئي وجود نهيں ـ شعوريت
immaterialist,اعيان ثانته کے علمي وجود کا عقيده
immature,کچا ـ خام ـ نامکمل
immaturity,نابالغي ـ ناتجربه کاري
immeasurable,بے حد ـ بے پايان ـ عظيم
immeasurably,بے اندازه ـ بے حد
immediate,قريب ـ نزديک ـ جلد ـ فيالفور ـ حاضر
immediately,في الفور ـ جلد
immemorial,پرانا ـ قديم ـ عميق
immense,لا انتها ـ بے حد ـ عظيم
immensely,بکثرت ـ نهايت
immerse,ڈبونا ـ دفن کرنا ـ گاڑنا ـ غوطه دينا
immersion,اغراق ـ غوطه خوري
immigrant,مہاجر ۔ غریب الوطن ۔
immigrate,وطن تبدل کرنا ـ کسي ديس ميں آ بسنا ـ هجرت کرنا
immigration,ترک وطن ـ هجرت ـ غير ملک کي سکونت پذيري
imminence,نزول
imminent,سر پر کھڑا ـ نازل هونے والا ـ قريب
imminently,سر پر منڈلاتے هوئے
immitigable,نرم نه هونے والا
immix,ملاوٹ کرنا ـ شرکت کرنا
immixture,آميزش ـ ملاوٹ
immobile,ساکن ـ ناقابل حرکت
immobilization,غير متحرک کرنا
immobilize,بے حرکت کرنا
immobilizer,بے حرکت کرنے والا ـ غير متحرک کرنے والا
immoderate,غير واجب ـ غير معقول
immoderately,غير معتدلي
immoderation,غير معتدل ـ غير واجب
immodest,شيخي باز ـ بدتميز
immodestly,بے حيائي سے
immodesty,بے غيرتي ـ بے حيائي
immolate,بھينٹ چڑھانا ـ قرباني دينا ـ قرباني کرنا
immolating,قرباني
immolation,چڑھاوا ـ قرباني
immoral,برا ـ زبوں ـ فاسق
immorality,بدفعلي ـ بدکرداري
immorally,بداخلاقي سے ـ فاجرانه
immoratalizatio,حيات ابدي نخشنا ـ زنده جاويد کرنا
immortal,لافاني ـ قائم ـ دائم
immortality,ابديت ـ هميشگي
immortalize,حيات ابدي دينا ـ زنده جاويد کرنا
immortally,بهت ـ بے حد
immovable,ساکن ـ بے حرکت
immune,محفوظ ۔ مامون ۔
immunity,چھٹکارا ـ بے خوفي ـ معافي
immunization,معافي ـ مستشني
immunize,معافي دينا ـ محفوظ کرنا
immure,چار ديواري ميں بند کرنا ـ گھيرنا ـ قيد کرنا
immutability,ايک حال ميں رهنا ـ دوام
immutable,ناقابل تغير
imp,اڑنے کے قابل بنانا
impact,تصادم هونا ـ ٹکر هونا ـ داهنا
impacter,زور دبانے والا
impaction,ٹکر ـ تصادم
impair,بگاڑنا ـ خراب کرنا ـ اتارنا
impale,جسم ميں ميخيں ٹھونک کر هلاک کرنا ـ نوک دار لکڑيوں کا جنگلا لگانا
impalement,جنگلا بندي ـ سزا
impalpable,غير محسوس ـ نامعلوم
impanel,فهرست ـ جيوري
imparadise,روحاني خوشي بخشنا ـ انتهائي مسرت حاصل هونا
impark,سير گاه ميں جانوروں کو بند کرنا
imparkation,جانوروں کي حفاظت گاه تيار کرنا
impart,عيايت کرنا ـ بخشنا ـ عطا کرنا
imparter,عنايت کرنے والا ـ بخشنے والا
impartial,غير متعصب ـ بے لاگ ـ کھرا
impartiality,منصفانه عمل ـ بے لاگ رويه
impartible,ناقابل تقسيم ـ کهنے کے لائق
impassability,جس سے گزرنا نا ممکن هو
impassable,ناقابل گزر
impasse,سخت مشکل ـ بند گلي
impassible,بے حس ـ بے احساس
impassibly,بے حسي ـ بے احساسي
impassion,نفساني خواهشات ـ جذبات کو بھڑکانا
impassive,بے حس ـ جذبات سے معري
impassiveness,جذبات سے عاري هونا
impaste,گوند سے چپکانا ـ تصوير پر رنگ تھوپنا
impatience,بے تابي ـ بے صبري
impatient,بے صبر ۔ بے چین ۔
impatiently,بے قراري سے ـ بے صبري سے
impawn,گروي رکھنا ـ رهن رکھنا ـ قول دينا
impayable,بيش قيمت ـ بے بها
impeach,الزام لگانا ـ اعتراض کرنا ـ کسي کے کردار پر حمله کرنا
impeachable,قابل مواخذه
impeacher,الزام لگانے والا
impeachment,بغاوت کا الزام ـ مقدمه
impeccable,پاک ـ بے گناه ـ بے خطا
impecunious,غريب ـ مفلس ـ نادار
impecuniously,غربت ـ مفلسي
impede,باز رکھنا ـ روکنا
impeder,باز رکھنے وال  ـ روکنے والا
impediment,روک ـ مزاحمت
impel,ريلنا ـ دھکيلنا ـ اکسانا
impellent,حرکت ميں لانے کي قوت رکھنے والا
impeller,اکسانے والا
impend,آويزاں هونا ـ سر پر چھانا يا منڈلانا ـ قريب هونا
impendence,معلق هونا ـ قربت
impendent,سر پر منڈلاتا هوا ـ قريب الوقوع
impenetrability,ناقابل فهم هونا
impenetrable,ناقابل دخول ـ باقابل گزر
impenetrablenes,ناقابل گزر هونا ـ ناقابل دخول هونا
impenetrate,بهت گهرا اتر جانا ـ اندر چلا جانا
impenitence,بے حيائي
impenitent,جو توبه نه کرے
impenitently,بے حيائي سے
imperative,بصورت آمر ـ آمرانه
imperativeness,قطعيت ـ آمريت ـ اهميت
imperator,مير عسکر ـ قائد ـ امير
imperceptible,غير محسوس ـ نامعلوم
imperfect,خام ـ کمزور ـ عيب دار
imperfection,عيب ـ قصور ـ خامي
imperforate,بے منه ـ بے سوراخ
imperial,شائي ـ خسروي ـ سلطنت کے متعلق
imperialism,برطانيه کي توسيع سلطنت کي پاليسي
imperialist,شاهي حکومت کا حامي
imperially,شان و شوکت سے ـ شاهانه طور پر
imperil,خطره مول لينا
imperious,مغرور ـ منه زور ـ تحکم پسند
imperiously,تحکم پسندي
imperishable,لازوال ـ ديرپا
impermanent,غير مستقل
impermanently,تغير پذيري
impermiable,غير جاذب ـ غير نفوذ پذير
impersonal,غير شخصي ـ لاشخصي
impersonate,اپنے آپ کو دوسرا ظاهر کرنا ـ دوسرے کا نام اختيار کرنا ـ صورت بنانا
impersonation,فرضي شخص بننا ـ تبديل پينت
impersonator,تلبيس کرنے والا
imperspicuity,الجھن ـ کدورت ـ ميلا پن
impertinence,بے ادبي ـ شوخي
impertinent,بے تعلق ـ بے ميل
imperturbable,پر سکون ۔ مطمئن ۔
impervious,دشوار گزر
imperviousness,ناقابل گزر هونا ـ ڈھيٹ پن
impetuosity,جوش ـ شدت
impetuous,تيز ـ شدت ـ تند ـ سخت ـ سرگرم
impetuousness,جلد بازي ـ تند خوئي
impetus,قوت رفتار ـ قوت
impiety,نا پرهيزگاري ـ ناخدا ترسي ـ الحاد
impinge,ٹکر دينا ـ تصادم هونا
impingement,صدمه ـ ٹکر
impinger,ٹکر دينے والا
impious,ناترس ـ فاسق ـ فاجر
impish,شرير لڑکے کي طرح
impishness,شرارت
implacability,سنگ دلي
implacable,سخت ـ سنگدل
implacably,سنگدلي سے
implant,جمانا ـ لگانا ـ هونا ـ دل ميں داخل کر دينا
implantation,اثر پذيري ـ دل نشيني
implanter,جمانے والا
implement,اوزار ـ هتھيار ـ سامان
implicate,پيچ ميں ڈالنا ـ ماخوذ کرنا ـ معني نکلنا
implication,پيچ ـ الجاؤ
implicative,نتيجه خيز ـ پر معني ـ پيچ دار
implicit,کامل ـ پورا
implicitfaith,کامل ايمان ـ کامل يقين
implicitly,کامل يقين سے
imploration,منت ـ التجا
implore,منت کرنا ـ التجا کرنا ـ آرزو کرنا
implorer,منت کرنے والا
imply,دلالت کرنا ـ معني کي طرف اشاره کرنا ـ مفهوم هونا ـ مواد هونا
impolite,بے ادب ـ بد اخلاق
impoliteness,روکھا پن ـ ناشائستگي ـ بد تميزي
impolitic,خلاف مصلحت ـ نامناسب
imponderable,هلکا ـ بے وزن ـ گهرا
import,در آمد کرنا
importable,قابل در آمد
importance,اهميت ـ رتبه ـ وقار
important,اهم ـ بھاري ـ قابل لحاظ ـ قابل غور
importation,درآمد
importer,درآمد کرنے والا
importunate,سخت اصرار کرنے والا ـ نهايت ضروري
importunity,ضد ـ اصرار
impose,سر پر رکھنا ـ ذمے کرنا ـ مجبور کرنا
imposer,مجبور کرنے والا
imposeupon,دباؤ ڈالنا ـ آنکھوں ميں خاک ڈالنا
imposingly,دباؤ ڈالتے هوئے
imposition,مقرر کرنا ـ عائد کرنا
impossibility,ناممکن هونا ـ امر محال
impossible,غير ممکن ـ محال ـ نا ممکن
impost,محصول ـ ٹيکس ـ چنگي
imposter,دغا باز ـ مکار ـ ٹھگ
impostor,دغا باز
imposture,فريب ـ مکر ـ چھل ـ عياري ـ حليه سازي
impotence,کمزوري
impotency,ضعف
impotent,ضعيف ـ ناتوان ـ کمزور ـ بے مقدور ـ مجبور
impotently,بے مقدوري
impound,مويشي باندھ رکھنا ـ چار ديواري ميں بند کرن دينا ـ قبضه کر لينا
impoundable,بند کرنے کے قابل
impoverish,کنگال کر دينا ـ غريب بنانا ـ مفلس کرنا ـ دبلا کرنا
impoverisher,کنگال کرنے والا
impoverishment,کمزوري ـ افلاس
impracticabilit,صدي هونا ـ باقابل عمل هونا
impracticable,ناقابل عمل ـ ناممکن الوقوع ـ دشوار گزار
imprecate,لعنت بھيجنا ـ بددعا دينا ـ کوسنا
imprecation,لعنت ـ نفرت
imprecator,بددعا دينے والا
imprecatory,لعنت کي ـ بددعا کي
impregnable,ناقابل تسخير ـ فتح نه هونے والا
impregnate,حامله کرنا ـ زرخيز کرنا ـ کوٹ کوٹ کر بھرنا
impregnation,حمل ـ گابھ
impresario,کھيل تماشے کے منتظم
impress,نقش کرنا ـ مهر لگانا ـ ذهن نشين کرنا
impresser,مهر لگانے والا ـ نقش کرنے والا
impression,داب ـ ٹھپا ـ نقش
impressionable,جلد متاثر هونے والا
impressionism,اثريت
impressive,صورت پذير ـ پراثر
impressively,صورت پذيري
impressiveness,مؤثر هونا ـ دل نشيني
imprest,پيشگي
imprimatur,کتاب وغيره چھاپنے کي سرکاري اجازت ـ اجازت طبع
imprint,ٹھپا ـ مهر  ـ دل نشين کرنا
imprinter,ٹھپا لگانے والا ـ دل نشين کرنے والا
imprison,قيد کرنا ـ اسير کرنا ـروکنا
imprisonment,حبس ـ بندي ـ قيد
improbable,ناممکن الوقوع
improbity,بدمعاشي ـ شرارت ـ بے ايماني
impromptu,بے ساخته ـ برمحل
improper,بے جا ـ نامناسب ـ غلط
impropriate,پادريوں کي يا کليسا کي جائيداد ضبط کرنا
impropriety,غير معقوليت ـ بے جا حرکت
improvability,اصلاح پذيري
improvable,قابل درستي ـ قابل اصلاح
improvableness,ترقي پذيري
improve,سدھارنا ـ درست کرنا ـ سنوارنا ـ ترقي دينا ـ اصلاح کرنا ـ فائده اٹھانا ـ زرخيز کرنا ـ وعظ کرنا
improvement,تعليم و تربيت ـ اصلاح
improver,بهتر کرنے والا ـ سنوارنے والا
improvidence,فضول خرچي ـ لاپروائي
improvident,فضول خرچ ـ مسرف
improvisation,بر محل کلام ـ برجسته نظم
improvise,في البدشهه تقرير کرنا يا شعر کهنا ـ بر وقت ترتيب دينا
improviser,في البدشهه شعر کهنے والا
imprudence,لا پروائي ـ کوتاه انديشي
imprudent,ناتجربه کار ـ بے وقوف
imprudently,ناتجربه کاري
impudence,بدتمیزی ۔ گستاخی ۔
impudent,گستاخ ـ بے ادب
impudently,گستاخي ـ بے ادبي
impugn,رد کرنا ـ اعتراض کرنا
impugnable,قابل گرفت ـ قابل اعتراض
impugner,اعتراخ کرنے والا
impugnment,جرح ـ گرفت
impulse,صدمه ـ دھکا ـ تحريک ـ زور ـ لهر
impulsion,دھکا ـ صدمه ـ ابھارنا ـ اکسانا
impulsive,اکسايا هوا ـ تحريک کننده
impulsiveness,جلد بازي ـ اضطراري حالت
impunity,بريت ـ آزادي
impure,نجس ـ ناپاک ـ بے عصمت
impurity,آلودگي ـ ناپاکي
imputable,الزام لگانے کے قابل
imputation,الزام ـ تهمت
impute,منسوب کرنا ـ الزام لگانا
imputer,تهمت لگانے والا
in,ميں ـ اندر ـ درميان ـ بيچ ـ طرف ـ داخلي مريض
inability,کمزوري ـ ناقابليت
inaccessibility,ادراک سے پرے هونا ـ رسائي سے باهر هونا
inaccessible,رسائي سے باهر ـ ناممکن الحصول
inaccuracy,نقص ـسقم
inaccurate,نادرست ـ غلط
inaction,بيکاري ـ بے علمي ـ بے شعلي
inactivate,بے حرکت کرنا ـ بے شعل کرنا
inactivation,بے شعل ـ بے حرکت
inactive,بے حرکت ـ بے شعل
inactivity,بے عملي ـ سستي
inadaptability,ناسازگاري
inadequacy,کافي نه هونا ـ کسر ـ کوتاهي
inadequate,کم ـ تھوڑا ـ ناکافي
inadmissibility,نامعقوليت ـ ناقابل قبوليت
inadmissible,ناقابل قبول ـ جو منظور نه هو
inadvertence,بے فکري ـ بے فوجهي
inadvertency,بے فکري ـ بے توجهي
inadvertent,بے پروا ـ غافل
inadvertently,غفلت سے
inalienable,ناقابل انتقال ـ غير منفک
inalterable,ناقابل تغير ـ اٹل
inamorato,جاهنے والا ـ عاشق
inane,خالي ـ بے مغز ـ بے عقل
inanely,حماقت سے ـ بے وقوفي سے
inanimate,غير ذي روح ـ بے جان
inanimation,غير ذي روح ـ بے جان هونا
inanity,حماقت ـ بيوقوفي
inappealable,ناقابل مراقعه
inappeasable,فره نه هونے والا ـ سير نه هونے والا
inappetance,خواهش نه هونا ـ آرزه نه هونا
inapplicable,غير موزوں ـ غير مطابق
inapposite,بے محل ـ بے موقع
inappreciable,غير محسوس ـ ناقابل لحاظ
inappreciative,قدر نه کرنے والا ـ نا قدر شناس
inapproachable,رسائي سے بالاتر
inappropriate,نامناسب ـ غير موزوں
inapt,نامناسب ـ نالائق ـ ناقابل ـ نااهل
inaptitude,نامناسبت ـ نااهليت
inaptness,قابليت نه هونا ـ نااهل هونا
inarticulate,جو صاف نه بول سکے ـ غير واضع
inartificial,بے تکلف ـ غير مصنوعي ـ قدرتي ـ ساده
inartistic,بھدا ـ بھونڈا
inasmuch,چونکه ـ کيونکه
inattention,لا پروائي ـ بے توجهي
inattentive,توجهه نه کرنے والا
inattentiveness,بے پروائي ـ غفلت
inaudible,بے آواز ـ دھيما
inaugural,افتتاحي ـ باضابطه ـ کسي تقريب کے سلسلے ميں
inaugurate,نئے عهدے پر کسي کا تقرر هونا ـ تقريب سے آغاز کرنا
inauguration,آغاز ـ افتتاح
inaugurator,افتتاح کرنے والا
inauguratory,تقريبي ـ رسمي
inauspicious,بد شگون ـ منحوس
inauspiciously,بد شگوني سے
inborn,ذاتي ـ خلقي ـ پيدائش ـ قدرتي
inbreeder,هم جنس جانوروں سے نسل لينے والا
inbreeding,هم جنس جانوروں سے نسل لينا
incalculable,بے اندازه ـ بے حساب
incandescence,روشني ـ تاباني
incandescent,جلتا هوا ـ چمکتا هوا ـ دمکتا هوا
incantation,منتر ـ سحر ـ افسوس
incapability,نااهليت ـ معذوري
incapable,نااهل ـ معذور ـ بے صلاحيت
incapacitate,معذور کرنا ـ عاجز کرنا
incapacitation,معذوري ـ نااهليت
incapacitator,بے بس کرنے والا ـ بے کار کو دينے والا
incapacity,قانوني عذر ـ ناقابليت ـ نااهلي
incarcerate,قيد کرنا ـ بند کرنا
incarceration,حنس ـ اسيري
incarcerator,قيد کرنے والا
incarnate,جسماني ـ مجسم
incarnation,مجسم ـ زنده نمونه ـ اوتار
incase,باالفرض
incautious,بے پرواه ـ غير محتاط
incautiousness,نا عاقبت انديشي ـ بے احتياطي
incendiarism,فتنه انگيزي ـ آتش زني
incendiarist,فتنه انگيز
incendiary,آگ لگانے والا ـ جلا دينے والا
incense,مهک ـ خوشبو
incensory,عود داني ـ لوبان داني ـ اگر داني
incentive,محرک ـ ترغيب دينے والا
incept,آغاز کرنا ـ شروع کرنا
inception,آغاز ـ شروع ـ کيمبرج سے ايم اے
inceptive,آغاز کرنے والا
incertitude,يقين نه هونا ـ غير يقيني حالت
incessant,مسلسل ـ متواتر ـ پے در پے
incest,محرمات سے مباشرت
incestuous,محرمات سے مباشرت کرنے والا  ـ حرام کار
inch,انچ
inchoate,ابھي ابھي آغاز هونا
inchoation,آغاز ـ ابتدائ
incidence,تصادم ـ ٹکر ـ ماجرا
incident,عارضي ـ اتفاقي ـ ناگهاني
incidental,اتفاق ـ عارضي
incidentally,اتفاقا ـ عارضا
incinerate,جلا کر خاک کرنا ـ بھسم کر ڈالنا
incineration,جلا کر راکھ کرنا
incinerator,جلا کر خاک کرنے والا
incipience,شروع ـ ابتدائ
incipiency,شروع ـ ابتدائ
incipient,ابتدائي
incise,کاٹنا ـ تراشنا ـ کھودنا ـ کنده کرنا
incision,تراش ـ کاٹ
incisive,چيرنے وال ـ کاٹنے والا
incisiveness,تيز طبعي ـ کاٹ
incisor,اگلا دانت ـ کاٹنے کا دانت
incitation,تحريک ـ اشتعال
incite,اکسانا ـ ابھارنا ـ ترغيب دينا ـ ورغلانا ـ آماده کرنا
incitement,ترغيب ـ تحريک
inciter,تحريک چلانے والا
incivility,بداخلاقي ـ بے مروتي
inclearing,هو چک جو کسي ادارے کي معرفت بينک ميں وصول هوئے هوں
inclemency,بے دردي ـ بے رحمي ـ تندي
inclement,کڑا ـ سخت ـ بے درد ـ شديد
inclinable,راغب ـ مائل ـ آماده ـ موافق ـ مرشد ـ رجحان رکھنے والا
inclination,رغبت ـ ميلان ـ جھکاؤ ـ شوق ـ نشيب
incline,جھکنا ـ راغب هونا ـ مائل هونا
incliner,راغب هونے والا ـ مائل هونے والا
include,مشتمل هونا ـ شامل هونا ـ گھيرنا ـ ملانا
including,متعمل ـ شامل
inclusion,ادخال ـ داخله
inclusive,شرکت کرنے والا ـ ملانے والا
incognito,بھيس بدلے هوئے ـ بھيس بدل کر
incognizance,نافهمي ـ بے خبري ـ لاعلمي
incognizant,ناواقف ـ لاعلم ـ انجان
incoherence,غير مطابقت ـ پريشاني ـ انتشار
incoherent,بے ربط ـ بے جوڑ ـ بے ترتيب
incoherently,بے ترتيبي
incohesive,غير متصل ـ غير چسيده
incombustible,غير آتش گير
income,آمدني ـ حصول ـ محاصل
incomer,آنے والا ـ اندر داخل هونے والا ـ نوارد
incoming,آنے والا
incommensurable,وہ عدد جو کسی دوسرے عدد کے ساتھ مشترکہ مقسوم علیہ نہ رکھتا ہو ۔ متبائن ۔
incommensurate,غير متناسب ـ تناسب نه رکھنے والا
incommode,تکليف دينا ـ زحمت دينا
incommodious,تنگ ـ چھوٹا ـ ناکافي ـ تکليف ده
incommunicable,ناقابل اظهار ـ ناقابل بيان
incommunicative,کھنچا کھنچا ۔ الگ تھلگ ۔ کم سخن ۔
incommutable,تبديل نه هونے کے لائق
incompact,جو ٹھوس نه هو ـ ڈھيلا
incomparable,بے نظير ـ بے مثل
incompatible,متضاد ـ خلاف
incompetence,بے مقدوري ـ نا قابليت
incompetency,بے مقدوري
incompetent,نااهل ـ ناقابل
incompetently,نااهلي
incomplete,نامکمل ـ ناتمام
incompletely,نامکمل طور پر
incompleteness,کمي ـ ادھورا پن
incomprehensibl,ناقابل فهم
incomprehension,فهم کا قصور
incompressible,جو دب نه سکے ـ کڑا ـ سخت
incompressibly,نافهمي سے
incomputable,نے اندازه ـ بے حساب
inconceivable,ناقابل تصور
inconclusive,غير فيصله کن
incondensable,جو جم نه سکے ـ ناقابل انجماد
inconformity,عدم مطابقت ـ غير مناسبت
incongruity,ناموزوئيت
incongruous,بے موقع ـ بے محل ـ غير مطابق
inconsequence,عدم ترتيب ـ عدم تسلسل ـ بے ربطي
inconsequent,بے ترتيب ـ بے ربط
inconsequential,بے تکا ـ بے ربط
inconsiderable,ناقابل لحاظ ـ ناقابل غور ـ خفيف
inconsiderate,دوسروں کے جذبات کا لحاظ نه کرنے والا ـ بے پرواه
inconsideration,تعافل ـ بے فکري
inconsistency,تضاد ـ تناقض
inconsistent,مخالف ـ متضاد ـ غير مطابق
inconsolable,غمگين ـ غم زده
inconspicuous,غير معروف ـ غير ممتاز
inconstancy,بيوفائي
inconstant,غير مستقل ـ بے وفا
inconsumable,جس کو آگ نه جلا سکے
incontestible,مسلمه ـ تسليم شده ـ ناقابل ترديد
incontinent,نفس پرست ـ بے لگام ـ بے عصمت ـ شهوت پرست
incontrovertibl,مسلم ـ صريح
inconvenience,دقت ـ تکليف ـ زحمت
inconvenient,تکليف ده ـ بے آرام
inconveniently,تکليف دهي
inconvertible,ناقابل تبادله سکه ـ غير متبادل
inconvincible,جس کو قائل نه کيا جا سکے ـ جو قائل نه هو
incorporate,مشترکه ـ متحده ـ ملا هوا
incorporation,اتحاد ـ شموليت
incorporator,اتحاد کرنے والا
incorporeal,غير مادي
incorrect,غلط ـ غير صحيح
incorrectly,غلطي سے
incorrigible,جو اصلاح پذير نه هو
incorrupt,خراب نه هونا ـ رشوت نه دينا
incorruptible,خراب نه هونے والا ـ لا زوال ـ غير فاني ـ جسے رشوت نه دي جا سکے
incorruption,لازوال هونا
increasable,اضافه کرنے کے قابل
increase,اضافه کرنا ـ بڑھانا ـ زياده کرنا ـ ترقي دينا
increaser,اضافه کرنے والا ـ بڑھانے والا
increasing,اضافه
incredible,ناقابل يقين
incredulity,يقين نه کرنا ـ بے اعتباري
incredulous,يقين نه کرنے والا ـ غير معتقد ـ بے عقيده
increment,زيادتي ـ آمدي يا تنخواه ميں اضافه
incriminate,الزام لگانا ـ ملزم ٹھرانا
incrimination,الزام
incriminator,الزام لگانے والا
incriminatory,ملزم قرار دينے والي ـ الزامي
incubate,انڈے سينا
incubation,انڈوں سے بچے نکلنا يا نکالنا
incubator,بچے نکالنے کے آله
incubus,ڈراؤنے خواب
inculcate,دل نشين کرنا ـ ذهن نشين کرنا ـ سمجھانا
inculcation,دل نشين کرنا ـ نصيحت
inculpable,بے گناه ـ بے قصور
inculpate,الزام لگانا ـ بدنام کرنا
incumbency,عهده ـ اسامي
incumbent,عهده دار
incur,اپنے اوپر لينا ـ ذمه داري قبول کرنا ـ سزا وار هونا
incurable,لاعلاج
incurious,بے پرواه ـ بے شوق
incuriously,بے پروائي
incursion,چڑھائي ـ آفت ـ حمله
incursive,حمله آور کا ـ حملے کا
indebted,مقرقض ـ قرض دار ـ دين دار ـ احسان مند
indebtedness,قرض داري
indecency,بے شرمي ـ بے حيائي
indecent,بے شرم ـ بے حيا
indeciduous,سدا بهار ـ بے خزاں
indecipherable,جو پڑھا نه جا سکے
indecision,تذبذب ـ پس و پيش
indecisive,مذبذب ـ غير فيصل شده
indeclinable,ناقابل گردان ـ غير صرفي
indecomposable,جس کے ٹکڑے نه هو سکے ـ ناقابل تجزيه
indecorous,بد تميز ـ ناشائسته ـ نازيبا
indecorum,ناسائستگي ـ بے سليقگي
indeed,يقينا ـ في الحقيقت ـ اصل ميں
indefatigable,نه تھکنے والا ـ انتھک
indefeasible,لازوال ـ ناقابل منسوخي
indefensible,جسکا بچاؤ نه کيا جا سکے
indefinable,جسکي تعريف نه هو سکے
indefinite,غير مقرر ـ غير معين ـ هو فعل جو زمان و مکان سے محدود نه هو
indelible,لازوال ـ پکا
indelicate,ناشائسته ـ غير مهذب
indemnification,نقصان کي ضمانت
indemnificator,نقصان کي ضمانت دينے والا
indemnify,نقصان کي ضمانت دينا ـ نقصان کي تلافي کرنا
indemnity,نقصان کي ضمانت ـ دلجمعي
indemonstrable,باقابل ثبوت
indent,ذندانے بنانا ـ گهري شگاف کرنا
indentation,ذندانے ـ گهري شگاف
indenter,ذندانے بنانے والا
indention,ذندان ـ شگاف
indenture,اقرار نامہ ۔ عہد نامہ ۔ قول و قرار کرنا ۔ شرطیں لکھوانا ۔
independence,آزادي ـ خود مختاري
independency,آزادي ـ خود مختاري
independent,آزاد ـ خود مختار ـ خود سر
independently,آزادي سے ـ خود مختاري سے
indescribable,ناقابل بيان ـ مبهم
indestructible,لازوال ـ غير فاني
indeterminable,بلا تعين ـ نامعلوم
indetermination,ابهام ـ عدم ثبوت
indeterminism,نه نظريه که افعال انساني کلي طور پر متعين نهيں هوتے ـ قدريت
index,انگشت شهادت ـ نشان ـ دليل ـ علامت ـ گھڑي کي سوئي
indexable,دليل کے قابل
india,انڈيا ـ ملک کا نام
indian,انڈيا کے رهنے والے
indicate,ظاهر کرنا ـ اشاره کرنا ـ علامت بنانا
indication,نشان ـ علامت
indicative,دکھانے والا ـ جتانے والا
indicator,بنانے والا ـ دکھانے والا
indict,الزام لگانا ـ ملزم قرار دينا
indictable,ماخوذ هونے کے قابل
indictment,استغاثہ ۔ فرد جرم ۔ چالان ۔
indifference,غير جانب داري ـ بے توجهي
indifferent,ادني ـ هلکا ـ غير اهم
indifferentism,مذهبي معاملات ميں لاپروائي ـ آزاد روي
indigence,ناداري ـ تنگ دستي
indigenous,ديسي ـ ملکي ـ دسوري
indigent,کنگال ـ مفلس
indigently,مفلسي
indigestible,ثقيل ـ دير هضم
indigestion,بدهضمي
indignant,خفا ـ غضبناک ـ برهم
indignation,غضب ـ طيش ـ غصه
indignity,ذلت ـ بے قدري
indigo,بيل ـ پودوں سے نکلا هوا رنگ
indirect,ٹيڑھا ـ به واسطه
indirectness,ضمني هونا ـ ذيلي هونا ـ چکر
indiscernible,جو ممتاز نه هو ـ غير ممتاز
indiscerptible,ناقابل تحليل ـ جس کے اجزائ ناقابل تحليل هوں
indiscipline,بد انتظامي ـ بدنظمي ـ نظم و ضبط کا فقدان
indiscreet,غير محتاط
indiscretion,بے احتياطي ـ بے شعوري
indiscriminate,بے شعور ـ بے اصول
indiscriminatio,بے شعوري ـ بے اصولي
indispensable,ناگزير ـ اٹل ـ واجبي
indispose,ناقابل کرنا ـ ناساز کرنا ـ منحرف کرنا ـ نفرت کرنا ـ نفرت دلانا
indisposed,ناقابل کرنا ـ نساز کرنا ـ نفرت دلانا
indisposition,علالت ـ ناسازي مزاج
indisputable,ناقابل اعتراض
indissoluble,ياقابل تحليل ـ ديرپا
indistinct,مبهم ـ غير واضح
indistinctive,ناقابل امتياز ـ غير مخصوص
indistributable,ناقابل تقسيم
indite,لکھوانا ـ املا لکھوانا ـ تصنيف کرنا
inditer,تصنيف کرنے والا
indivertible,نه ٹلنے والي ـ اٹل
individual,ذاتي ـ انفرادي ـ شخصي
individualism,انفراديت
individualist,انفراديت کا حامي
individuality,انفرادي وجود
individually,فردا فردا ـ عليحده عليحده
individuate,فرد بنانا ـ شخصيت کو تعمير کرنا
individuation,انفراديت گري
indivisibility,جو ناقابل تقسيم هو
indivisible,ناقابل تقسيم
indocile,سرکش ـ وحشي
indolence,آرام طلبي
indolent,مرده ـ کاهل سست ـ آرام طلب
indomitable,منه زور ـ نه دينے والا ـ بے قابو
indonesia,انڈونيشيائ
indonesian,انڈونيشيائ کے رهنے واليس
indoor,گھر کا ـ مکان کے اندر کا
indorsee,جس کے نام کاغذ کي پشت پر لکھا جائے
indri,لنگور کي جنس کا جانور ـ اندري
indubitable,بيشک ـ بلاشبه
induce,مائل کرنا ـ آماده کرنا ـ ترغيب دينا
inducement,آمادگي ـ تحريک ـ رغبت
inducer,مائل کرنے والا ـ آماده کرنے والا
induct,مقرر کرنا ـ داخل کرنا ـ جائزه دينا
induction,مراد ـ قياس ـ استقرا
inductive,استقرائي
inductor,وه شخص جو پادري کا تقرر کرے
indulge,عادات ڈالنا ـ خوش کرنا ـ بخشنا
indulgence,نفس پروري ـ شوق ـ اختيار
indulgent,شفيق ـ مهربان
indulgently,شفقت سے
indulger,مروت کرنے والا
indurate,سخت کرنا ـ سخت هونا
induration,بے حسي ـ سنگدلي
industrial,صنعت و حرفت کے متعلق
industrialism,صنعتي نظام
industrialist,صنعت کار
industrious,جفا کش ـ سخت محنت کرنے والا
industry,صنعت و حرفت
indwell,اندر رهنا ـ گھر کر لينا
indweller,گھر گھسنا ـ باشنده ـ باسي
inebriate,مخمور کرنا ـ پلا کر مست کرنا ـ متوالا کرنا
inebriation,مے نوشي ـ مدهوش
inebriety,مخمور رهنے کي عادت
inedible,جو کھايا نه جاسکے
ineffable,ناقابل بيان
ineffaceable,جه مٹايا نه جا سکے ـ انمٹ
ineffective,غير مؤثر ـ بے کار ـ بے سود
ineffectiveness,باقابليت
ineffectual,بے تاثير ـ بے کار ـ بے سود
inefficacious,بے اثر
inefficiency,با اهلي ـ ناقبليت
inefficient,نااهل ـ کاهل ـ مجهول ـ نکما ـ بے صلاحيت
inelastic,جو پھيل نه سکے
inelasticity,لوچ اور لچک کا نه هونا
inelegance,بد اسلوبي ـ بدصورتي
inelegant,بھدا ـ بے ڈول ـ بدنما
ineligible,ناقابل تقرر ـ نالائق
inept,ناموزوں ـ ناموافق
ineptitude,ناقبليت
ineptness,بے مغل هونا ـ نااهليت
inequality,فرق ـ ناهمواري ـ تفاوت
inequitable,غير منصفانه
inequitably,غير منصفانه طور پر
inequity,بے انصافي
ineradicable,ناقابل استيصال
inerrable,جس سے غلطي نه هوسکے ـ جو بھول چوک سے بالاتر هو ـ بے خطا
inerrant,بے خطا ـ غلطيوں سے دور
inert,سست ـ بے عمل
inertia,سکون ـ جمود
inertness,سستي ـ کاهلي ـ غير مؤثر هونا
inescapable,جس سے گريز نه هو ـ ناگزير
inessential,غير ضروري ـ غير اهم
inestimable,بے اندازه ـ بے قياس
inestimably,بے قياسي ـ لاثاني
inevitability,فظرت کے مطابق هانا ـ ناگزير هونا
inevitable,لاعلاج ـ ناگزير ـ اٹل
inevitableness,ناگزير هونا ـ مبدم هونا
inevitably,چار ناچار ـ لابدي
inexact,نادرست ـ غلط
inexactly,جو بالکل ٹھيک نه هو
inexcusability,ناقابل معافي
inexcusable,ناقابل عذر ـ ناقابل معافي
inexecutable,ناقابل عمل
inexhaustible,لامتناهي ـ بے شمار
inexhaustibly,جو کبھي ختم نه هو
inexorable,سخت ـ بے رحم
inexorably,بے رحمي ـ سنگدلي
inexpediency,خلاف مصلحت هونا ـ بے موقع و محل هونا ـ بے احتياطي
inexpedient,نامناسب ـ ناموزوں ـ بے جا
inexpensive,کم خرچ ـ کم قيمت
inexpensively,کم خرچي ـ کم قيمتي
inexperience,ناتجربه کاري ـ خامي
inexpert,اناڑي ـ بے سليقه
inexpertly,اناڑي پن
inexpiable,ناقابل معافي
inexplicable,ناقابل تشريح ـ ناقابل انکشاف
inexplicit,غير واضح ـ مبهم ـ مکدر
inexpressible,ناممکن البيان ـ بيان سے باهر
inexpressive,جو مطلب خيز نه هو
inextinguishabl,جو بجھ نه سکے
inextricability,جس سے رهائي نه هو سکے
inextricable,جو سلجھ نه سکے
infallibility,تير بهدف هونا
infallible,يقيني ـ حکمي ـ بے خطا
infamous,بدنام ـ رسوا ـ بے عزت
infamously,بدنامي ـ رسوائي
infamy,بے عزتي ـ بدنامي
infancy,شير خوارگي
infant,شير خورا بچه
infanta,اسپين اور پرتگال کي بڑي شهزادي جو وارث تخت و تاج نهيں هو سکتي
infanticide,طفل کشي
infantile,طفلانه ـ لڑکيوں کا سا
infantry,سپاه ـ فوج
infantryman,فوج کا جوان
infantrymen,فوج کے آدمي
infatuate,بے عقل کرنا ـ بے شعور کرنا ـ محبت ميں اندھا کر دينا
infatuation,جنون عشق ـ از خود رفتگي
infect,بيمار کرنا ـ روگ لگانا ـ متاثر کرنا
infecter,متاثر کرنے والا
infection,چھوت ـ آلودگي ـ بيماري کا لگ جانا
infectious,وبائي ـ اثر کرنے والي ـ سرايت کرنے والا
infective,اڑ کر لگنے والي ـ متعدي
infector,چھوتي ـ لگنے والي
infelicitous,بے کيف ـ بے لطف ـ بد نصيب
infelicity,شامت ـ بدنصيبي ـ ناخواهي
infer,قياس کرنا ـ نتيجه نکلنا
inferable,قابل استنياط ـ قابل استخراج
inference,خلاصه ـ مفهوم
inferior,ادني ـ کم رتبه
inferiority,کم رتبه هونا
infernal,جهنمي ـ دوزخي
inferno,جهنم
infertile,غير زرخيز ـ بنجر
infertilely,غير زرخيزي
infest,ايذا دينا ـ ناک ميں دم کرنا
infestation,ايذا ـ تکليف
infester,ايذا دينے والا
infesting,ايذا
infidel,کافر ۔ بے دین 
infidelity,الحاد ـ کفر
infiltrate,جذب هونا ـ داخل هونا
infiltration,جذب ـ مقطر
infiltrator,جذب هونے والا ـ مقطر هونے والا
infinite,بے حد ـ بے انتها
infinitely,بے حد و حساب ـ لاانتها
infinitesimal,چھوٹا ـ خفيف
infinitive,فعل مطلق
infinity,بے حد ـ ازل ـ ابد
infirm,کمزور ـ ضعيف ـ ناتواں
infirmary,دارالشفائ
infirmity,ضعف ـ کمزوري
inflame,جلانا ـ روشن کرنا ـ اشتعال دينا
inflamer,روشن کرنے والا ـ جلانے والا
inflammable,آتش گير ـ تند مزاج
inflammation,آتش زنی ۔ جلن ۔
inflammative,اشتعال دلانے والا
inflammatory,آتش افروز ـ اشتعال انگيز
inflatable,پھونکنے کے قابل
inflate,پھونکنا ـ پھلانا ـ مغرور کرنا
inflater,پھونکنے والا
inflation,مغرور هونا ـ اپھار
inflator,پھلانے والا
inflect,چھکانا ـ موڑنا
inflection,جکاؤ
inflexibility,کڑا پن
inflexible,جو جھک نه سکے ـ سخت ـ ناملائم ـ کڑا
inflict,لگانا ـ ڈالنا ـ عائد کرنا
inflictable,عائد کرنے کے قابل
inflicter,عائد کرنے والا
infliction,اذيت دينا ـ تکليف دينا
inflictive,اذيت دينے والا
inflictor,اذيت دينے والا
influence,اخلاقي اثر ـ تاثير
influenceable,قابل اثر
influencer,اثر کرنے والا
influencing,اثر
influent,معاون ـ بهه کر اندر آنے والا
influential,ذي اثر ـ صاحب اختيار
influenza,وبائي زکام
influx,اندر گھسنا ـ داخل هونا
inform,مطلع کرنا ـ خبر دينا
informal,خلاف دستور ـ خلاف معمول
informant,خبر دينے والا ـ مخبر
information,خبر ـ اطلاع
informative,پر از معلومات ـ مفيد
informed,جاننے والا ـ خبر رساں ـ ذکي
informer,خبر رساں
infra,نيچے ـ آگے ـ زير
infract,يکست دينا ـ خلاف ورزي کرنا
infraction,يکست ـ خلاف ورزي
infractor,خلاف ورزي کرنے والا
infrequent,کم کم ـ کبھي کبھي
infringe,توڑنا ـ خلل ڈالنا
infringement,دست انديزي ـ خلاف ورزي
infringer,خلاف ورزي کرنے والا
infructuous,بے ثمر ـ جس پر پھل نه آئے ـ بے فائده
infuriate,غضب آلوده کرنا ـ غصه دلانا
infuriation,اشتعال ـ غصه
infuse,اندر ڈالنا ـ انڈيلنا ـ داخل کرنا ـ روح پھونکنا
infuser,اندر ڈالنے والا ـ روح پھونکنے والا
infusible,جو گھل نه سکے
infusion,جوشانده ـ آميزش ـ دخول ـ سر گوشي
ingenious,خوش سليقه ـ ذهين ـ تيز فهم
ingeniousness,سادگي ـ بھولا پن
ingenuity,صنعت کاري ـ حاضر جوابي
ingenuous,بے تکلف ـ سيدھا سادا ـ بے خطا
ingenuously,بے تکلفي سے ـ سادگي سے
ingenuousness,بے تکلفي ـ سادگي ـ بھولا پن
inglorious,شرمناک ـ قبيح ـ ذليل
ingloriously,ذلالت ـ بے شرمي
ingot,دھات کا ڈلا
ingrain,زمين ميں کڑنا ـ پخته ـ چوکھا
ingrate,ناشکر گزار ـ نمک حرام
ingratiate,دل ميں گھر کرنا ـ مورد عنايات هونا
ingratiation,عزيز هونا
ingratitude,ناشکر گزاري ـ احسان فراموشي
ingredient,عنصر ـ جز ـ مساله
ingress,مداخلت ـ دخل ـ رسائي
ingression,مداخلت کرنا
ingressive,مداخلت کرنے والا
inhabit,رهنا ـ سکونت اختيار کرنا ـ بسنا
inhabitable,رهنے کے قابل
inhabitation,بود باش ـ آبادي
inhabiter,سکونت کرنے والا ـ رهنے والا
inhale,دم کھينچنا ـ اندر کو سانس لينا
inhaler,جذب کرنے والا
inharmonic,بے آهنگ ـ بے تال
inharmonious,بے جوڑ ـ بے ميل
inhere,رهنا ـ هونا ـ موجود هونا
inherence,موجودگي
inherent,خلقي ـ ذاتي
inherit,وارث هونا ـ دبا لينا ـ قبضه کرنا
inheritable,ورثه پانے کے قابل
inheritance,ورثه ـ ترکه ـ ميراث
inheritor,ورثه پانے والا
inhibit,روکنا ـ رکاوٹ ڈالنا ـ باز رکھنا
inhibiter,روکنے والا ـ باز رکھنے والا
inhibition,خواهشات پر قابو پانا ـ رکاوٹ
inhibitor,خواهشات پر قابو پانے والا
inhospitable,غير مهمان نواز ـ بے آسائش
inhospitality,غير مهمان نوازي ـ بے دردي
inhuman,بے رحم ـ سنگدل ـ وحشي
inhumation,مٹي چڑھا کر آگ  دينا ـ کفن دفن
inhume,دفن کرنا ـ قبر ميں اتارنا
inhumer,دفن کرنے والا ـ قبر ميں اتارنے والا
inimical,معاندانه ـ بدانديش ـ دشمن کي طرح
inimically,بد انديشي
inimitable,بدانديشي کے قابل
iniquitous,خطا وار ـ گنهگار
iniquity,ظلم ـ جور ـ ناانصافي ـ گناه
initial,پهلا ـ شروع کا ـ آغاز کا
initiate,آغاز کرنا ـ ابتدائ کرنا ـ شروع کرنا ـ واقف کرنا ـ آشنا کرنا
initiation,ابتدائ ـ داخله
initiative,ابتدائي کاروائي ـ آغاز کار
initiator,آغاز کرنے والا
inject,اندر داخل کرنا ـ پچکاري کرنا ـ ٹيکه لگانا
injection,پچکاري کي دوا
injector,پچکاري کرنے والا
injudicious,بے سليقه ـ نامعقول ـ غير دانشمندانه
injudiciousness,بے شعوري
injunction,حکم ـ هدايت ـ تاکيد
injure,دکھ دينا ـ آزار دينا ـ بگاڑنا ـ زخمي کرنا ـ ظلم کرنا ـ بد سلوکي کرنا
injurer,زخمي کرنے والا ـ بدسلوکي کرنے والا
injurious,مضر ـ نقصان  ـ ناحق
injuriously,هتک آميزي
injury,زيادتي ـ بدسلوکي ـ رخم ـ صدمه
injustice,حق تلفي ـ ناانصافي
ink,سياهي ـ روشنائي
inker,ٹيليگراف کا ايک آله
inkling,اشاره ـ کنايه ـ کسي بات کي طرف اشاره کرنا
inkpot,دوات
inland,اندرون ملک
inlander,اندروني ملک کا
inlay,پچي کاري کرنا ـ جڑنا
inlayer,پچي کاري کرنے والا
inlet,چھوٹي کھاڑي ـ گزر ـ ناکه
inmate,مکان ميں رهنے والا
inn,سرائے ـ مسافر خانه
innate,جبلي ـ پيدائش
innavigable,ناقابل جهاز راني
inner,اندروني ـ باطني
innervate,مضبوط کرنا ـ طاقت پهنچانا ـ اعصاب کو قوي کرنا
innervation,مضبوط
inning,غله کا ذخيره ـ کرکٹ ٹيم کي بله بازي کي باري
innocence,سادگي ـ بھولا پن
innocency,معصوميت
innocent,بے ضرر ـ معصوم ـ پاک ـ بے خطا
innocently,سادگي سے
innocuous,بے ضرر ـ بے مضرت
innocuousness,بے ضرر هونا
innovate,نئي راه ـ نئي چيز پيدا کرنا
innovation,ايجاد ـ اختراح ـ جدت ـ بدعت
innovator,ايجاد کرنے والا
innoxious,بے گناه ـ معصوم
innuendo,اشاره ـ کناله
innumerable,اشاره کرنے کے قابل
inobservance,خلاف ورشي ـ عدم تعميل ـ بے توجهي
inoculate,ٹيکه لگانا
inoculation,پيوند ـ قلم
inoculative,پيوند لگانے والا
inoffensive,بے ضرر ـ بے آزاد ـ غير جانبدار
inoperative,غير مؤثر ـ بے کار
inopportune,بے موقع ـ بے محل
inordinate,بهت زياده ـ بے حد
inorganic,بے رگ و رشته ـ بے عضو
inorganization,بد نظمي ـ بے تنظيمي
inquest,عدالتي تحقيقات ـ تفتيش
inquietude,بے چيني ـ بے کلي
inquire,پوجھنا ـ دريافت کرنا
inquirer,پوجھنے والا
inquiry,چھان بين ـ تفتيش
inquisition,تحقيقات ـ تلاش
inquisitive,تجسس کرنے والا
inquisitor,تجسس کرنے والا
inroad,حمله ـ تاخت ـ دست درازي
insalubrious,مضر صحت
insalubrity,مضر صحت هونا
insane,باولا ـ پاگل
insanity,سودا ـ جنون ـ خبط
insatiable,نه بھجنے والي ـ جسے تسکين نه هو سکے
insatiate,حريض ـ لالچي
inscribe,لکھنا ـ فهرست ميں لکھنا ـ کنده کرنا ـ نشان کرنا
inscriber,لکھنے والا ـ کنده کرنے والا
inscription,نقش ـ کنده کاري
inscrutable,تلاش و تجسس سے باهر
insect,کيڑا مکوڑا
insectarium,کيڑا گھر ـ حشرات خانه
insecticide,کيڑے مار
insecure,غير محفوظ ـ بے امان ـ خطرے ميں ـ غير ماموں
insecurity,خطرے ميں مبتلا هونا
inseminate,بونا ـ تخم ڈالنا
insemination,تخم
inseminator,هونے والا
insensate,بے عقل ـ بيوقوف
insensibility,بے حسي ـ بے هوشي
insensitive,بے حس ـ بے ذوق ـ کورا
insensitively,بے هوشي سے
inseparable,غیر منفک ۔ چولی دامن کا ساتھ ۔
insert,داخل کرنا ـ درج کرنا ـ نصب کرنا
inserter,نصب کرنے والا ـ داخل کرنے والا
insertion,اندراج طباعت ـ اشتهار ـ کام
inset,زائد اوراق جو کتاب ميں داخل کر ديے جائيں
inside,اندر کي طرف ـ اندر
insideous,دھوکا دينے والا ـ فطرتي ـ عيار
insight,بصيرت ـ معرفت ـ پرکھ
insignia,تمغه ـ بلا ـ نشان
insignificance,غير ضروري هونا ـ حقير هونا
insignificant,غير اهم ـ غير ضروري
insincere,رياکار ـ دغا باز ـ بے وفا
insincerely,رياکاري ـ دغا بازي
insincerity,ظاير داري ـ منافقت
insinuate,گھيرنا ـ داخل کرنا ـ دل ميں بٹھانا
insinuation,کناله ـ اشاره ـ طلب ـ خوشامد
insinuative,الزام لگانے والا ـ تعريض کرنے والا
insinuator,خوشامد کرنے والا
insipid,پھيکا ـ بے مزا ـ بے لذت
insist,اصرار کرنا ـ بضد هونا ـ تاکيد کرنا
insistence,اصرار ـ ضد
insistency,ضد ـ تاکيد
insistent,اڑا هوا ـ بضد
insistently,ضد سے
insister,ضد کرنے والا ـ اصرار کرنے والا
insolation,دھوپ ميں رکھنا
insolence,بے ادبي ـ شوخي
insolent,گستاخ ـ شوخ
insolently,گستاخي سے
insoluble,جو حل نه هو سکے
insolvable,حل نه هونے کے قابل
insolvency,بے مقدوري ـ تهي دستي
insolvent,مفلس ـ ديواليه ـ نادار
insomnia,بے خوابي ـ نيند نه آنے کي بيماري
insomuch,اس قدر ـ اس حد تک
inspect,ديکھنا ـ معائنه کرنا
inspection,تنقيح ـ معائنه
inspector,معائنه کرنے والا
inspectorate,عهده مهتممي
inspiration,دم کشی ۔ روحانی فیضان ۔ القا ۔ الہام ۔ وجدان ۔
inspiratory,الهامي
inspire,اندر سانس لينا ـ دل ميں ڈالنا ـ روح پھونکنا ـ تلقين کرنا ـ وحي بھيجنا ـ الهام کرانا
inspirer,دل ميں ڈالنے والا
instability,تلون مزاجي ـ ناپائيداري
instal,عهده پر تقرر کرنا
install,عهده پر تقرر کرنا ـ باضابطه جائزه لينا
installation,جائزه ـ تقرر ـ نصب کرنا
installer,نصب کرنے والا ـ جائزه لينے والا
instalment,سرفرازي ـ قسط
instance,مثال ـ نمونه
instant,خاص وقت ـ لمحه ـ موقع
instantaneous,فورا ـ برمحل
instantly,آنافانا ـ اسي دم
instead,بدلے ميں ـ بعوض ـ اس کي جگه
instep,پشت پا ـ پيره کے اوپر کا حصه
instigate,آماده کرنا ـ اکسانا ـ تحريک کرنا
instigatingly,آمادگي
instigation,فساد پر آماده کرنا ـ تحريک کرنا ـ اغوائ
instigative,آماده کرنے والا
instigator,اکسانے والا ـ بھڑکانے والا
instil,قطره قطره گرانا ـ آهسته آهسته ـ چوانا ـ دل ميں بٹھانا
instill,چوانا ـ آهسته آهسته ذهن نشين کرنا
instinct,جبلت ـ تحريک حيواني ـ فطري فعل
instinctive,فطري ـ جنلي
institute,علوم فنون کي جماعت ـ انجمن ـ اداره
instituter,قائم کرنے والا ـ مقرر کرنے والا
institution,تقرر ـ تعين ـ تدوين ـ تعليم
institutor,تقرر کرنے والا
instruct,تعليم دينا ـ سکھانا ـ پڑھانا ـ هدايت کرنا ـ آگاه کرنا
instruction,احکام ـ هدايت ـ اصلاح
instructive,پراز معلومات ـ سبق آموز
instructor,هدايت دينے والا ـ حکم دينے والا ـ تعليم دينے والا
instrument,اوزار ـ هتھيار ـ آله
instrumental,مددگار ـ معاون ـ آله کے متعلق
instrumentalist,کسي ساز کا ماهر
instrumentality,آله کاري
instrumentation,امداد ـ ذريعه ـ ترتيب
insubordinate,نافرمان ـ باغي ـ سرکش
insubordination,سرکشي ـ سرتابي
insubstantial,غير يقيني ـ غير مضبوط
insufferable,جو برداشت نه هو سکے ـ ناگوار ـ ناقابل تحمل
insufficiency,کوتاهي ـ کمي
insufficient,ناکافي ـ نالائق
insufficiently,کوتاهي سے
insular,جزيره کا ـ جزيرے کي مانند
insulate,جدا کرنا ـ الگ کرنا
insulator,جدا کرنے والا ـ الگ کرنے والا
insult,بدزباني کرنا ـ ذليل کرنا
insulter,ذليل کرنے والا
insuperable,ناقابل عبور ـ رکاوٹ جو دور نه هو سکے
insupportable,کمر توڑ ـ بے اندازه ـ بے حد ـ ناقابل برداشت
insurable,بيمه کرنے کے قابل
insurance,بيمه ـ رقم ـ قسط ـ دل جمعي
insurant,بيمه کرانے والا
insure,بيمه کرنا ـ خاطر جمعي کرنا
insurer,بيمه کرنے والا
insurgent,فتنه انگيز ـ سر کش
insurmountable,جو زير نه هو سکے
insurrect,بغاوت کرنا ـ فساد کرنا ـ فتنه پھيلانا
insurrection,بغاوت ـ سرکشي
insusceptible,ناقابل اثر پذيري ـ اثر قبول نه کرنے والا
intact,جس کو هاتھ نه لگايا هو ـ پورا پورا ـ سالم
intangible,باقابل دست اندازي ـ غير محسوس
inteded,منسوب ـ مطلوب ـ منگيتر
integral,تمام ـ کامل ـ پورا
integrate,اجزائ کا مرکب
integration,مرکب
integrity,کليت ـ سالميت ـ راست بازي
intellect,عقل ـ فهم ـ قوت
intellectual,خيالي ـ شعوري ـ عقلي
intellectualism,نظريه عقليت
intelligence,آگاهي ـ باخبري
intelligent,چتر ـ سيانا ـ هوشيار ـ ذي شعور ـ ذهين
intelligently,ذهانت سے
intelligentzia,کسي قوم کا روشن خيال طبقه
intelligible,صاف و صريح ـ قابل فهم
intemperance,مے نوشي ـ آزاد روي ـ بد پرهيزي
intemperate,بے احتياط ـ بد پرهيز ـ غير معتدل
intend,اراده کرنا ـ عزم کرنا ـ نيت کرنا ـ مدنظر رکھنا
intender,اراده کرنے والا ـ نيت کرنے والا
intense,شديد ـ کڑا ـ سخت ـ زياده ـ بهت ـ گرم ـ تيز ـ دلي ـ حساس
intenseness,گهرائي ـ تيزي ـ شدت
intensification,تيز کرنا ـ زور دار کرنا ـ شديد کرنا
intensify,تيز کرنا ـ شديد کرنا ـ سخت کرنا
intensity,شدت ـ زيادتي
intensive,پھيلا هوا ـ کھينچا هوا ـ تننے والا ـ زور دينے والا
intent,مشتاق ـ آرزو مند ـ مشغول
intention,قصد ـ نيت ـ مراد ـ غرض
intentional,دانسته ـ جان بوجھ کر
inter,مدفون کرنا ـ دفن کرنا
interact,ناٹک کٹ دو حصوں کے درميان کا وقفه ـ ايک دوسرے پر عمل کرنا
interblend,ملانا ـ مخلوط کرنا ـ امتزاج کرنا ـ آميز کرنا
interbreed,دو نسلوں کو ملانا ـ دو نسلي بچے پيدا کرنا
intercede,درميان ميں پڑنا ـ کسي کے ليے کوشش کرنا
interceder,کوشش کرنے والا
intercept,روک لينا ـ راه بند کرنا ـ باز رکھنا ـ مزاحمت کرنا
interception,راه ميں روکنا
interceptive,رهکنے والا
interceptor,روکنے والا
intercession,سفارش ـ دعا
intercessor,سفارش کرنے والا ـ دعا کرنے والا
interchange,ادلا بدلا
interchangeable,تبادله کے قابل
intercommunicat,باهم رسل و رسائل کا سلسله جاري رکھنا
interconnect,باهم مربوط کرنا ـ باهم ملانا
intercourse,راه رسم ـ ميل جول ـ ميل ميلاپ ـ مباثرت ـ جماع
interdepend,ايک دوسرے پر منحصر هونا ـ بھروسه کرنا
interdependence,باهمي انحصار
interdict,ممانعت ـ سرکاري ممانعت
interdiction,نفرين ـ امتتاع
interest,راغب کرنا ـ شوق دلانا ـ دلچسپي پيدا کرنا
interested,مطلبي ـ غرض مند ـ دلچسپي رکھنے والا
interesting,مروب ـ دل پسند ـ دلچسپ
interestingly,دلپسندي سے
interfere,ٹکرانا ـ مزاحم هونا ـ مخل هونا ـ مخالفت کرنا ـ تعريض کرنا
interferer,مخالف کرنے والا
interflow,منگم هونا ـ اتصال هونا
interfluent,ايک دوسرے ميں بهنے والا ـ ملنے والے
interfuse,مخلوط کرنا ـ ملانا ـ ملنا
interfusion,ميل ـ آميزش ـ امتزاج
interim,درمان ميں ـ درمياني وقفه
interior,اندروني ـ داخلي
interject,بيچ ميں دخل دينا ـ بول اٹھنا
interjection,جذباتي طور پر بول اٹھنا ـ کسي جذبه کا اظهار کرنا
interleaf,مطبوعه کتاب کے بيچ بيچ ميں سادے ورق
interleave,کتاب ميں سادے اوراق کا لگانا
interlock,ايک دوسرے ميں اٹکنا
interlocution,گفتگو ـ بات چيت
interlocutor,مکالمے ميں حصه لينے والا ـ تقرير کرنے والا
interlope,بے جا دخل دينا ـ دست انديزي کرنا
interloper,ببے جا دخل دينے والا ـ دست انديزي کرنے والا
interlude,پر لطف ضمني کھيل
intermarriage,خاندان سے باهر شادي ـ آپس ميں شاده بياه
intermarry,مختلف خاندانوں اور قوموں کا شادي بياه کے ذريعے آپس ميں مل جانا
intermediary,مصالحت کرنيوالا
intermediate,درمياني درجه ـ ثالثي کرنا ـ دو فريقوں ميں ثالث بننا ـ صلح کرانا
intermediation,ثالثي ـ مصالحت کرنا
intermediator,مصالحت کرنے والا
interment,دفم کرنا ـ مٹي ميں دبانا
intermigration,باهم نقل مقام ـ تبديلي وطن
interminable,بے حد ـ بے انتها ـ طول طويل
intermingle,باهم ملانا
intermission,سکون ـ وقفه ـ مهلت ـ التوا ـ ناغه
intermit,ٹھهرانا ـ ملتوي کرنا ـ روکنا ـ معطل کرنا
intermittent,باري کا ـ وقفه وقفه کا ـ ره ره کر آنے والا
intermix,ملانا ـ آميزش کرنا
intermixture,ميل ـ آميزش
intern,نظر بند کرنا ـ شهر بند کرنا
internal,اندروني ـ داخلي ـ باطني
international,بين الاقوامي
internationalis,بين الاقوامي اتحاد
internecine,باهمي هلاکت کا باعث هونے والا
internment,حيس ـ قيد ـ نظر بندي
interpellate,مسئله زير بحث کو روک کر وزير متعلقه سے تفصيلات طلب کرنا
interpellation,دخل ـ التوا ـ مطالبه تفصيل
interpenetrate,ايک دوسرے ميں گھل مل جانا ـ نفوذ کرنا
interplay,ساتھ کھيلنا
interpol,انٹر پول
interpolate,اضافه کرنا ـ کسي کتاب ميں ناجائز الحاق کرنا
interpolation,تحريف ـ اضافه
interpolator,اضافه کرنے والا
interpose,مداخلت کرنا ـ اعتراض کرنا
interposer,اعتراض کرنے والا ـ مداخلت کرنے والا
interpret,تشريح کرنا ـ توضيع کرنا
interpretable,قابل تشريح
interpretation,تشريح ـ توضيع
interpreter,مترجم ـ مفسر
interregnum,ايسا وقفه جب رياست کا کوئي حکمران نه هو ـ وقفه ـ درمياني عرصه
interrogate,پوچھنا ـ سوال کرنا ـ جرح کرنا ـ دريافت کرنا
interrogation,استفسار ـ سوال
interrogative,سواليه
interrogatory,تحقيق کا ـ سوال بند
interrupt,مداخلت کرنا ـ روک دينا ـ سلسله توڑنا
interrupter,مداخلت کرنے والا
interruption,خلل ـ قطع کلام
interschool,انٹر اسکول
intersect,قطع کرنا ـ دو حصے کرنا
intersection,نقطئه انقطاع
intersexual,مباشرت کرنا ـ جماع کرنا
intersperse,بکھيرنا ـ پھيلانا
interstate,رياستوں کے مابين
intertwine,بٹنا ـ لپيٹنا ـ بل دينا
interval,درميان کا وقفه ـ فاصله ـ خلائ
intervene,بيچ ميں پرنا ـ آڑے آنا
intervener,درميان ميں آنے والا
intervention,دست انداز هونا ـ مداخلت
interview,ملاقات ـ دوبدو گفتگو کرنا
interweave,ملا کر بننا ـ گونگنا ـ ملانا ـ جوڑنا
intestate,بغير وصييت کے انتقال کيا هوا ـ بے وصيت
intestine,انتڑياں ـ آنتيں
intimacy,بے تکلفي ـ گهري دوستي ـ دوستي
intimate,واقف کرنا ـ مطلع کرنا ـ اطلاع دينا ـ اشاره کرنا
intimidate,دھمکانا ـ ڈرانا
intimidation,دهشت پيدا کرنا
intimidator,دهشت پيدا کرنے والا
intolerable,ناقابل برداشت
intolerance,تنگ نظري ـ تعصب
intolerant,غير روا دار ـ تنگ نظر
intonation,آواز ـ سر ـ لهجه
intone,خاص لهجه ميں ادا کرنا
intoner,خاص لهجه ميں ادا کرنے والا
intoxicant,نشے دار ـ مخمور کرنے والي
intoxicate,مدهوش کرنا ـ مست کرنا
intoxication,بے خودي ـ بدمستي
intractable,بے قابو ـ بے لگام
intransigent,انتها پسند ـ ضدي ـ سخت رائے رکھنے والا
intransitive,لازم ـ غير متعدي ـ فعل لازم
intrepid,نڈر ـ دلير ـ بھادر
intrepidity,جوان مردي ـ بے باکي
intricacy,اشکال ـ الجھاؤ
intricate,الجھا هوا ـ پيچيده ـ مشکل
intrigue,سازش ـ منصوبه بازي ـ فريب ـ دغا ـ جنسي تعلق ـ دغا کرنا ـ پوشيده تعلق پيدا کرنا ـ مسحور کرنا ـ حيرت زدو کرنا
intriguer,سازش کرنے والا
intrinsic,ذاتي ـ اصلي ـ حقيقي
introduce,آغاز کرنا ـ شروع کرنا ـ ابتدائ کرنا ـ تعارف کرانا
introducer,آغاز کرنے والا ـ تعارف کرانے والا
introduction,تعارف ـ آغاز ـ ابتدائ
introductory,ابتدائي ـ تعارفي
introspect,مشاهده نفس کرنا ـ اپني نفسي کيفيات کا مطالعه کرنا
introspection,محاکمه ذات
introspective,خود بيني کا عادي
intrude,زبردستي کرنا ـ ٹھونسنا
intruder,بن بلائے آنے والا ـ مخل صحبت ـ ناخوانده مهمان ـ دست انداز
intrusion,خلل اندازي ـ زبردستي داخل هونا
intrusionist,مداخلت کرنے والا
intrusive,خيال انداز
intrusively,خلل اندازي
intrusiveness,مداخلت کرنے کا عمل
intrust,يقين نه کرنا ـ بے اعتباري
intuit,براه راست ادراک کرنا
intuition,وجدان ـ الهام ـ ادراک
intuitional,حضوري ـ وجدائي
intuitionalism,يه نظريه که حقيقت کا ادراک خارجي احساس سے نهيں بلکه وجداني طور پر هوتا هے ـ وجدانيت
intuitive,صاحب وجدان ـ وجداني
inundate,غرقاب کرنا ـ سيلاب ميں غرق کر دينا
inundation,کثرت ـ غرقاهي
inure,عادي کرنا ـ محنت کرنا ـ کام ميں لگنا
inurement,عمل ـ دستور
invadable,حمله کرنے کے قابل
invade,حمله کرنا ـ مداخلت کرنا ـ تجاوز کرنا
invader,حمله کرنے والا ـ مداخلت کرنے والا
invalid,بيمار هونا ـ بيمار بنا دينا
invalidate,باطل کرنا ـ فسخ کرنا ـ بے کار کرنا
invalidation,فسخ ـ ناجائز ـ بے کار
invalidator,فسخ کرنے والا ـ ناجائز کرنے والا
invalidity,ضعف ـ کمزوري ـ علالت
invaluable,انمول ـ بيش بها ـ قيمتي
invariable,ناقابل تبديلي ـ ايک حال پر ـ اٹل ـ مستقل
invasion,حمله ـ چڑھائي ـ دھاوا ـ تصرف ـ مداخلت
invective,دينام ـ گالي ـ لعن طعن
inveigh,برا بھلا کهنا ـ مذمت کرنا ـ اچھي خبر لينا
inveigle,بهکانا ـ پھسلانا ـ اغوائ کرنا
invent,ايجاد کرنا ـ اختراع کرنا ـ پيدا کرنا
inventer,مؤجد ـ ايجاد کرنے والا
invention,ايجاد ـ اختراع
inventive,ايجادي
inventor,ايجاد کرنے والا ـ مؤجد
inventory,فرد بنانا ـ فهرست تيار کرنا
inveracity,کذب ـ جھوٹ ـ بے حقيقت بات
inverse,الٹا ـ اوندھا ـ معکوس
inversion,الٹ پلٹ ـ معکوس هونا
inversive,الٹا کر دينے والا
invert,الٹا کرنا ـ اوندھا کرنا ـ پلٹانا
invertebrate,کمزور ـ بودا
invertor,الٹا کرنے والا
invest,پوشاک پهننا ـ خلعت پهنانا ـ ممتاز کرنا ـ کسي کاروبار يا خريد حصص ميں روپيه لگانا
investigatable,قابل تفتيش
investigate,تفتيش کرنا ـ چھان بين کرنا
investigation,تفتيش ـ تحقيقات
investigator,تحقيقات کرنے والا
investiture,جائداد مقبوضه کا داخله دلانا
investment,محاصره ـ راس المال ـ سرمايه جو کسي تجارت ميں لگايا هوا هو
investor,سرمايه لگانے والا
inveterate,قديم ـ ديرينه ـ شديد
invidious,حسد انگيز ـ ناگوار
invidiousness,بے انصافي ـ ناگواري
invigilate,امتحان کي نگراني کرنا
invigilation,ديکھ بھال ـ نگراني
invigilator,ناظر ـ نگراں
invigorate,توانا کرنا ـ ٹانٹھا کرنا ـ قوي کرنا ـ تقويت پهنچانا
invigoration,تقويت
invigorative,طاقت بخش ـ مقوي
invigorator,توانا کرنے والا ـ تقويت پهنچانے والا
invincible,ناقابل تسخير ـ جرار
inviolable,محترم ـ قابل عزت
inviolate,محفوظ ـ پاک و صاف
invisible,پوشيده ـ مخفي ـ دکھائي نه دينے والا
invitation,دعوت ـ التجا
invite,مدعو کرنا ـ دعوت دينا
invitee,جسے دعوت دي جائے
inviter,دعوت دينے والا
invitingly,دل کشي سے ـ دل پذيري سے
invocate,دعا کرنا ـ حمد و ثنائ پڑھنا
invocation,دعا ـ حمد و ثنائ ـ فرياد
invocator,فرياد کرنے والا
invoice,فهرست ـ بيچک
invoke,دعا مانگنا ـ بلانا ـ خدا کو گواه کرنا
invoker,دعا مانگنے والا
involuntary,بے اراده ـ بے خوائش
involution,لپيٹ ـ الجھن ـ پيچيدگي
involve,پھانسنا ـ مبتلا کرنا ـ شامل کرنا
involvement,مشکل معامله ـ لپيٹ ـ الاجھاؤ
involver,مبتلا هونے والا ـ شامل هونے والا
invulnerable,جو زخمي نه هو سکے ـ جو ضرر سے محفوظ هو
inward,اندروني ـ اندر کا ـ روحاني
inwardly,پوشيده ـ دل ميں ـ اندر سے
inwardness,روحانيت ـ ذات ـ اصل جوهر
iodin,آیوڈین ۔
iodine,بنفشین ۔
irascibility,تندي ـ چڑچڑا پن  ـ تنک مزاجي
irascible,گرم مزاج ـ تنک مزاج ـ چڑچڑا
irate,برهم ـ آگ بگولا
ire,برهمي ـ غضب ـ ناراضگي
ireful,غضب ناک
irenic,شانتي پسند ـ صلح پسند
iridaceous,سوسن کي قسم کا ـ سوسن کا
iridescence,ضد رنگي
iridescent,رنگ دار ـ قزح رنگ
iris,قوس مزح ـ آنکھ کي پتلي کي جھلي
irish,آئرس قوم
irishman,آئرس قوم کا آدمي
irk,تھکانا ـ تکليف دينا
irksome,گراں ـ ناگوار ـ تکليف ده
irksomeness,تکليف ده ـ گراں ـ ناگوار
iron,لوها ـ آپن ـ حديد ـ استري
ironhorse,موٹر يا بائسيکل وغيره ـ انج€
ironic,طعنه آميز ـ طنزيه
ironical,طنزيه
ironically,طنزيه طور پر
ironist,طنز نگار
ironmonger,لوهے کي چيزيں بيچنے والا ـ لوهے کا تاجر
ironwork,لوهے کا کام
ironworker,لوهے کا کام کرنے والا
irony,طعن ـ طنز ـ لوهے کا ـ آهني
irradiance,شعاع ريزي ـ تنوير ـ چمک
irradiant,منور ـ درخشاں ـ روش€
irradiate,روشن کرنا ـ منور کرنا
irradiation,منور ـ روشن
irrational,خلاف عقل ـ غير منطقي
irrationalize,غير معقول يا غير منطقي بنانا
irreclaimable,نا تربيت پذير ـ ناقابل اصلاح ـ گيا گزار
irrecognizable,جو پهنچا نه جا سکے ـ ناقابل شناخت
irreconcilable,ناقابل مصالحت
irrecoverable,ناقابل وصول ـ ناقابل تلافي ـ لاعلاج
irredeemable,جسے چھڑا نه سکے
irreducible,جو گٹھايا نه جا سکے
irrefutable,جو ر د نه هو سکے
irregular,بے قاعده ـ بے ترتيب
irregularity,بے تکا پن ـ بے قاعدگي
irrelative,بے لگاؤ ـ بے جوڑ ـ بے ربط ـ بے قاعده
irrelevant,غير متعلق ـ بے جوڑ
irreligion,بے ديني ـ الحاد
irreligious,بے دين ـ لا مذهب
irremediable,لاعلاج ـ لادوا
irremissible,جو معاف کرنے کے قابل نه هو
irremovability,ناقابل عليحدگي هونا ـ ناقابل انتقال هونا
irremovable,جو منتقل نه کيا جا سکے
irreparable,ناقابل علاج ـ ناقابل مرمت
irreplaceable,جس کا بدل نه هو ـ ناقابل تلافي
irrepressible,جو دب نه سکے ـ بے باک آدمي
irreproachable,ناقابل ملازمت ـ بے خطا ـ بے قصور ـ بے داغ
irresistible,ناقابل مزاحمت ـ غير معمولي قوت والا
irresolute,غير مستقل مزاج ـ مذبذب
irresolutely,غير مستقل مزاجي
irresoluteness,تلون ـ تذبذب
irresolution,کمزور اراده ـ غير مستقل مزاجي
irresolvable,باقابل تحليل ـ ناقابل تقسيم
irrespective,بلا لحاظ ـ اس سے قطع نظر
irresponsibilit,بے پروائي ـ غير زمداري
irresponsible,جواب دهي سے بري ـ غير ذمه دارانه
irresponsive,جو اثر قبول نه کرے ـ جو جواب نه دے
irretentive,بھول جانے والا ـ نه رکنے والا پيشاب
irretrievabilit,ناقابل تلافي
irretrievable,غير ممکن الحصول
irreverence,بے ادبي ـ بدلحاظي
irreverent,بے ادب ـ گستاخ
irreverently,بے ادبي ـ گستاخي
irreversibility,اٹل هونا ـ ناقابل تسيخ هونا
irreversible,باقابل تسيخ
irrevocable,ناقابل تسيخ ـ جو واپس نه هوسکے ـ اٹل
irrigable,سيراب کرنے قابل
irrigate,پاني دينا ـ آبپاشي کرنا ـ سيراب کرنا
irrigation,زمين کو سيراب کرنا ـ آبپاشي
irrigator,زمين کو سيراب کرنے والا
irritability,چڑچڑا پن
irritable,زود رنج ـ زود غضب
irritancy,تنک مزاجي ـ جھلائٹ ـ غصه
irritant,هيجاني کيفيت پيدا کرنے والا
irritate,رگڑنا ـ گھسنا ـ کھجلانا ـ بھڑکانا ـ تيز کرنا ـخفا کرنا
irritatingly,پريشاني سے
irritation,هيجان ـ طيش ـ غصه
irritative,بھڑکانے والا
irrupt,چڑھائي کرنا ـ دھاوا کرنا
irruption,چڑھائي ـ دھاوا
ishmeal,وقم سے نکلا هوا ـ شهر بدر
isillusion,غلط فهمي دور کرنا ـ شهم دور کرنا
islam,اسلام ـ دنيائے اسلام
islamic,اسلامي
islamism,اسلاميت
island,جزيره ـ ٹاپو
islander,جزيرے کا باشنده
isle,جزيره
islet,چھوٹا جزيره
isolate,الگ کرنا ـ عليحده کرنا ـ جدا کرنا
isolation,الگ يا جدا کردينا
israel,بني اسرائيل
israeli,اسرائيلي
israelite,يهودي
issuable,قابل گزر ـ برآمد کرنے کے قابل
issuance,اشاعت
issue,نکلنا ـ جاري هونا ـ ايک حال سے باهر آنا ـ پھوٹنا ـ انجام هونا ـ جاري کرنا ـ اجرائ کرنا ـ شائع کرنا
issueless,لاولد ـ بے اولاد
issuer,اشاعت کرنے والا
istanbul,استنبول
isthmus,خاکنائے
it,يه ـ اس
italian,اٹلي کا باشنده
italic,قديم اٹلي کا ـ ترچھا رومن چھاپا
italicize,ترچھے تاکيدي حروف لکھنا
italy,اٹلي ـ ملک کا نام
itch,کجھلي ـ خارش ـ کھاج ـ سخت خواهش هونا
itchy,کھاج هوا ـ خارجي
iterances,گردش
iterant,چلتا پھرتا هوا ـ خانه بدوش
iterate,دھرانا ـ اعاده کرنا ـ تکرار کرنا ـ مکرر کرنا
iteration,تکرار کرنا ـ اعاده
iterative,مکرر ـ بار بار کها هوا
itineracy,گردش ـ گشت ـ خانه بدوشي
itinerant,سفري ـ گشتي
itinerary,سفر کي تفصيل ـ سفر کا راسته
itinerate,سفر کرنا ـ دوره کرنا ـ گشت کرنا
itineration,سيروسياحت ـ سفر
its,اس کا
itself,خود
ivied,جس پر عشق پيچان کي ببل چڑھي هو
ivory,هاتھي دانت
ivy,عشق پیچان ۔
izard,کوه پيرينيز کا باره سنگھا
