m,انگريزي حروف تهجي کا تيرھواں حرف
ma,ماں ـ امي ـ اماں ـ امي جان ـ ممي
maam,بيگم ـ خاتون ـ نواب بيگم ـ حضور
mab,پريوں کي ملکه ـ خواب لانے والي
macabre,هيبت ناک ـ ڈراؤنا
macaco,ايک قسم کا بندر
macadam,کٹي هوئي کنکر کي سڑک
macadamize,کنکراهت ڈالنا
macaroni,آٹے کي سوياں
macaronic,نظم جس ميں کئي زبانيں استعمال کي گئي هوں ـ کھچڑي ـ معجون مرکب
macaroon,ميٹھي بادامي روٹي
macartney,تيتر کي ايک قسم کا پرنده
macassar,سر ميں ڈالنے کا خوشبودار تيل
macaw,مکاؤ کا طوطا
maccaboy,ايک قسم کي ناس جو عطر گلاب ميں بسائي جاتي هے
mace,عصا ـ لاٹھي ـ جاوتري
macerate,بھگو کر نرم کرنا ـ گھلانا ـ دبلا کرنا
macerater,گھلانے والا
macerating,بھگونا
maceration,نفس کشي ـ گداخت
macerator,فاقے کرکے دبلا کرنے والا
macherelsky,هلکے سفيد بادلوں سے ڈھکا هوا آسمان
machiavelli,در رخا مدير ـ عيار
machiavellian,در رخي ـ عيارانه ـ شاطرانه
machicolate,شهر کي فصيل ميں سوراخ بنانا تاکه حمله آوروں پر پتھر پھينکے جا سکيں ـ روزن بنانا
machinate,تدبير کرنا ـ سازش کرنا ـ ريشه دواني کرنا
machination,فتنه پردازي
machinator,عيار ـ چال باز
machine,آله جرثقيل ـ سياسي نظام مشين
machinelike,مشين کي طرح
machinery,الات جرثقيل
machinist,مشين بنانے يا چلانے والا
machlet,بڑا چاقو ـ چھرا
mackerel,ايک سمندري مچھلي جس کا گوشت لذيذ هوتا هے
mackintosh,برساتي
maconochie,ڈبوں کا دم پخت گوشت
macrame,بٹے هوئے دھاگے کي جھالر
macron,بڑا مد ـ خط
macula,داغ ـ دھبه
maculate,دھبے هونا
maculation,داغ هونا ـ دھبے هونا
mad,پاگل ـ ديوانه ـ جنوبي ـ سوداني ـ باولا ـ برهم
madagascar,مڈغاسکر ايک ملک کا نام
madam,بي بي ـ بيگم ـ خاتون ـ خانم
madame,ميڈيم کي فراسيسي شکل
madden,پاگل هونا يا کرنا ـ ديوانه بنانا ـ طيش دلانا
maddeningly,ديوانگي کے ساتھ
made,بنايا هوا ـ بنا هوا
madeira,جزيرا مديرا کي سفيد انگوري شراب
mademoiselle,کنواري دوشيزه
madhouse,پاگل خانه
madness,شوريده سري ـ ديوانگي ـ خبط
madonna,حضرت مريم کي تصوير يا مجسمه ـ بي بي صاحبه
madrepore,مونگے کے درخت ـ مرجان کے جراثيم
madrigal,غزل ـ عاشقانه گيت
madwoman,پاگل عورت
maecenas,ادب يا آرٹ کا سرپرست ـ اهل هنر کا قدردان
maelstrom,گرداب ـ بھنور
maffick,خوشيا منانا ـ رنگ رلياں رچانا
magazine,رساله ـ اخبار ـ گودام
maggot,کيڑا ـ کيڑے کا پهلا روپ
magi,آتش پرست ـ جادوگر
magian,مجوسي آتش پرست ـ مغ
magic,جادو ـ سحر
magician,جادوگر ـ ساحر
magisterial,حاکمانه ـ عدالتي
magistracy,نظامت فوجداري ـ ناظم فوجداري کا عهده
magistral,آقا کا ـ مالک کا
magistrate,حاکم عدالت
magistrateship,مجسٹريٹ کا عهده
magna,انساني حقوق اور آزادي کا منشور
magnanimity,فراخ دلي
magnanimous,عالي حوصله ـ بلند حکمت
magnate,مشهور آدمي ـ بڑا آدمي
magnesia,ايک قسم کي سفيد مٹي
magnesium,ايک معدني عنصر
magnet,مقناطيس ـ جاذب شے
magnetic,مقناطيس ـ جاذب
magnetics,علم مقناطيس
magnetism,قوت کشش
magnetite,مقناطيسي لوها
magnetizable,مقناطيسي قوت پيدا کرنے کے قابل
magnetization,مقناطيسي خاصيت پيدا کرنا
magnetize,مقناطيسي خاصيت پيدا کرنا
magnetizer,مقناطيسي خاصيت پيدا کرنے والا
magnification,بڑھا چڑھا کر دکھانا ـ مبالغه
magnificence,کروفر ـ شان و شوکت ـ رونق
magnifier,بڑا کرکے دکھانے والا شيشه
magnify,چھوٹي چيز کوبڑا دکھانا ـ بڑھا چڑھا کر بيان کرنا
magniloquence,عبارت آرائي
magniloquent,شيخي باز ـ شاندار
magnitude,قد قامت ـ ڈبل ڈول ـ عظمت
magnolia,ايک خوش رنگ پتوں کا درخت
magnum,ايک قسم کا زرد آلو جو پکانے کے کام آتا هے
magpie,ايک يورپي پرنده
magus,آتش پرست ـ ساحر
magyar,ميگيار ـ ميگياري زبان
maharajah,مهاراجا
maharanee,مهاراني
maharani,مهاراني
maharishi,مهارشي
mahatma,مهاتما
mahdi,امام مهدي جن کا انتظار هے ـ آخري هادي جس کا وعده کيا گيا هے
mahogany,ايک قسم کي سخت اور سرخ لکڑي جو امريکه ميں پائي جاتي هے
mahout,فیل بان ۔
maid,لڑکي ـ کنواري لڑکي ـ لونڈي
maiden,لڑکي ـ کنواري دوشيزه
maidenhood,دوشيزگي ـ بکارت
maidenlike,کنواريوں جيسا
maidenly,شرم آگين ـ حيا دار
maidish,بيجا شرم و حيا کرنے والي
maidservant,لونڈي ـ نوکراني
mail,زره ـ زره بکتر ـ جوشن ـ چار آئينه ـ ڈاک ـ ڈاک ميں خط ڈالنا
mailbag,ڈاک کا تھيلا
mailbox,ڈاک کا صندوق
mailer,خط ڈالنے والا
maim,قطع کرنا ـ کاٹنا
maimer,قطع کرنے والا
main,اهم ـ عظيم ـ فراخ ـ کشاده
mainly,زياده تر ـ بيشتر ـ بالخصوص
mainstay,سب سے اهم شخص
maintain,برقرار رکھنا ـ قائم رکھنا ـ قابو ميں رکھنا ـ پاس رکھنا
maintainable,حفاظت کرنے کے قابل
maintainer,حفاظت کرنے والا
maintenance,پرورش ـ سهارا ـ گزارا
maize,مکئي
maizena,جوار کا آٹا ـ مکئي کا آٹا
majestic,پرشکوه ـ شاندار
majesty,شان ـ جاه و جلال
major,فوجي عهديدار ـ بڑا ـ بزرگ تر
majority,بڑائي ـ بزرگي ـ بڑي تعداد ـ زيادتي
makable,بنانے کے قابل
make,بنانا ـ پيدا کرنا ـ مرتب کرنا ـ وضع کرنا
makeable,بنانے کے قابل
maker,بنانے والا ـ خدائے تعالے
makeup,سنوارنا ـ سنگھارنا
making,دستکاري ـ ترکيب
mala,شهر ملا
malacca,شهر ملا کا ـ سرخي مائل بيد
malaccacane,بيد کي چھڑي ـ ملا کي بيد
maladjustment,بے آهنگي ـ عدم مطابقت ـ بے ترتيبي
maladroit,اناڑي ـ بھدا
maladroitly,اناڑي پن
malady,نقص طبع ـ فساد فکر
malafide,بے ايماني سے ـ بد نيتي سے ـ ناجائز
malapert,شوخ ـ بے ادب ـ گستاخ
malapertly,گستاخي ـ بے ادبي
malaprop,بے تکا پن
malapropos,بے جا ـ بے محل ـ بے موقع
malaria,مليريا بخار
malarial,مليريائي
malarious,مليريا بھري
malaysia,ملائيشيا ـ ملک کا نام
malaysian,ملائشيا کے رهنے والے
malcontent,حکومت سے ناراض ۔ ناخوش ۔ غیر مطمئن ۔
male,مرد ـ مذکر
maledict,بددعا دينا ـ بري خواهش کرنا
malediction,بددعا ـ بري خواهش ـ سراب
malefaction,بدمعاشي ـ جرم
malefactor,بد معاش ـ ايذا دينے والا
maleficent,باعث ايذا
malevolence,بد انديشي ـ بد خواهي
malevolent,بد خواه ـ بد انديش
malevolently,بد انديشي
malfeasance,بد عنواني ـ رشوت ستاني
malfeasant,ناجائز افعال کرنے والا
malformation,ناقص ساخت ـ بري بناوٹ
malice,عداوت ـ کينه
malicious,کينه ور ـ حاسد
malign,حسد سے ديکھنا ـ تکليف پهنچانا
malignancy,بدخواهي ـ دشمني
malignant,بد خواه ـ بدانديش
maligner,بيماري کا بهانه کرنا
malignity,دشمي ـ کينه توزي ـ خباثت ـ سختي
malingerer,بيمار بننے والا
malism,يه نظريه که دينا بري هے
mallard,جنگلي بطخ
malleable,کوٹ پيٹ کر بڑھ جانے والي ـ پھيلنے والي ـ لوچدار
mallet,پولو کھیلنے کی لکڑی ۔ چوگان ۔
mallow,جنگلي پودا
malmaision,ايک سرخ رنگ کا پھول
malmsey,ميٹھي انگوري شراب
malnutrition,غذائيت کي کمي ـ ناکافي غذا پهنچنا
malodorous,بد بودار
malpractice,بدعنواني ـ بے ضابطگي
malt,اناج يا جو کا شعيره بنانا
maltese,مالٹا کا باشنده
malthusian,ماتھسن کا پيرو ـ نظريه ضبط نفس
maltreat,بد سلوکي کرنا ـ بري طرح پيش آنا
maltreatment,نازيبا برتاؤ ـ کن ادائي
malversation,بدچلني
mam,بچوں کي زبان ميں ماں
mamelon,گول بلند ٹيکرا ـ گول پهاڑي
mameluke,مملوک ـ کوه قاف کے غلام
mamilla,پستان کا منه ـ سرپستان
mamma,تھن
mammal,تھن والے جانور
mammee,ممي
mammiferous,پستان دار ـ تھن والے
mammon,کوبر ـ قارون ـ مال ـ دولت کا بھوت
mammonist,دنيا پرست
mammonite,زر پرست
mammonizm,دنيا پرستي
mammoth,فيل پيکر ـ بهت بڑا
mammy,ممي ـ اماں
man,آدمي ـ انسان ـ مرد ـ فرد
manacle,هتھکڑي ـ زنجير ـ بيڑي
manage,انتظام کرنا ـ اهتمام کرنا ـ چلانا ـ بنانا
manageable,قابل انتظام ـ خوش لگام
manageableness,قابه ميں هونا ـ انتظام پذير هونا
management,عمده بندوبست ـ خوش انتظامي
manager,منظم ـ ناظم ـ کارکن ـ مينجر
manageress,ناظمه
managerial,انتظامي
managership,منتظم کا عهده
managing,انتظامي
manatee,سمندري گائے
manchester,مانچسٹر
mandala,منڈيلا
mandamus,پروانه ـ حکم نامه
mandarin,ملک چين کا عامل
mandatary,جس شخص کو بذريعه حکم کوئي اختيار ديا جائے
mandate,فرمان ـ حکم ـ منشور ـ هدايات جو رائے دهنده اپنے نمائندے کو ديں
mandator,رائے دينے والے
mandatory,حکم کے متعلق ـ لازمي
mandible,جانوروں کا جبڑا
mandibular,جبڑے کے متعلق
mandola,سارنگي کي قسم کا بڑا سا باجا
mandolin,سارنگي کي طرح کا باجا
mandrake,ايک زهريلا پودا
mandrel,خراد کي نوک دار کھونٹي
mandrill,بڑا بد شکل بندر
manducate,کاٹنا ـ چبانا ـ کھانا
mane,گردن کے بال
manful,جوان مرد ـ بهادر
manfully,جوان مردي
manganese,ايک دھات جو شيشه گري کے کام آتي هے
mange,اون دار جانوروں کي جلدي بيماري
manger,کونڈا ـ جانوروں کے جاره دانه کھانے کا کٹھلا
mangle,ٹکڑے ٹکڑے کرنا ـ دھجيا بکھيرنا ـ صورت بگاڑ دينا
mangler,ٹکڑے ٹکڑے کرنے والا
mango,آم
mangonel,منجيق ـ فلاخن کي کل
mangotrick,آم کا شعبده
mangrove,ايک درخت
mangy,خارش والا
manhole,بڑا سوراخ
manhood,جوان مردي
mania,خال دماغ ـ خبط
maniac,سوداني ـ ديوانه
manicure,هاتھ اور ناخن کي صفائي اور رنگائي
manifest,آشکار کرنا ـ عياں کرنا ـ واضح کرنا ـ صاف صاف دکھانا ـ فاش کرنا ـ ظاهر کرنا ـ مترشح کرنا
manifestable,ظاهر کرنے کے قابل
manifestation,اعلان ـ تجلي ـ ظهور
manifesto,اعلان ـ اشتهار ـ منادي
manifold,گوناگون ـ طرح طرح کا
manikin,چھوٹا آدمي ـ بونا ـ مردک
manilla,دھات کا کڑا جو افريقه کے قبيلے مبادله کے طور پر استعمال کرتے هيں
manioc,روا  ـ سوجي
maniple,سپاهيوں کا فوجي دسته
manipulatable,سلجھانے کے قابل
manipulate,سليقه سے کام کرنا ـ سلجھانا ـ ساز باز کرنا
manipulation,دستکاري ـ کار پردازي
manipulator,خوش اسلوبي سے سر انجام دينے والا
mankind,بني نوع انسان ـ بني آدم
manlike,مردوں کي طرح ـ مردانه وار
manliness,جوان مردي
manly,مردانه ـ مردانگي سے ـ بهادرانه
manna,من ـ شير خشت ـ روحاني غذا
mannequin,عورت جو لباس پهن کر گاهکوں کو دکھائے
manner,صورت ـ شکل ـ نقشه ـ وضع ـ قطع ـ طرز ـ دھنگ ـ طريقه ـ انداز ـ بيان ـ آداب و رسوم
mannerism,راه رسم کي پابندي
mannerist,خاص وضع اور انداز کا ديوانه ـ راه رسم کا پابند
mannerly,شائسته ـ خليق ـ مهذب
mannish,مردوں کي سي صفات رکھنے والي ـ مرداني
manoeuver,داؤں ـ گھات ـ چال ـ ترکيب
manoeuvering,چالاکي ـ داؤں
manoeuvre,داؤں کرنا ـ چالاکي کرنا ـ خوش اسلوبي سے کام کرنا
manor,جاگير ـ زمينداري
manorhouse,کوٹھي ـ حويلي ـ محل
mansard,دو رويه سلامي والي چھت
manse,گرجے کا ملحقه مکان ـ چوهان
mansion,محل سرا ـ بڑا مکان
mantel,آتش دان کے اوپر کا تخته ـ کارنس
mantic,پيشين گوئي کے متعلق ـ غيب داني کا
mantle,چوغه پهننا ـ چھپا لينا ـ گھير لينا
manual,رساله ـ دستي کتاب ـ دستورالعمل
manufactory,فيکٹري ـ کارگاه ـ کارخانه
manufacturable,بنانے کے قابل
manufacture,بنانا ـ دست کاري کرنا ـ کارخانه چلانا
manufacturer,صنعت کار ـ کاريگر
manumission,غلاموں کي آزادي ـ غلامو کي رهائي
manumit,غلامي سے آزاد کرنا
manure,گوبي کي کھاد
manuscript,قلمي ـ هاتھ کي لکھي هوئي کتاب
many,بهت سے ـ متعدد ـ بڑي تعداد ميں ـ بهت آدمي
map,نقشه ـ ملک کا نقشه ـ نقشه بنانا ـ نقشه هونا
maple,ايک درخت جس سے شکر ملتي هے
mapmaker,نقشه بنانے والا
mar,ضرر پهنچانا ـ خراب کرنا
marabou,مغربي افريقه کا سارس
marathon,بڑي لمبي دوڑ
maraud,غارت گري کرنا ـ لوٹ مار کرتے پھيرنا ـ ڈاکه ڈالنا
marauder,ڈاکو ـ غارت گر
marauding,غارت گري
marble,سنگ مرمر ـ کھيلنے کي گولي
marblehearted,کٹھور ـ سنگدل
marblepaper,ابري کا کاغذ
marc,پھلوں کا پھوکا
marcel,بالوں ميں مصنوعي لهر ـ خاص قسم کي لهر
march,تيسرا مهينه ـ سرحدي علاقه ـ ملے هوئے ـ روانگي ـ سفر
marcher,قدم ملا کر چلنے والا
marchioness,مار کوئيس کي بيوي ـ مارشينس
marconi,مار کوئي طريقه پيام رسائي
marconigram,تار جو مار کوئي طريقه لاسلکي بے بھيجا جائے
mare,گھوڑي ـ ماده
margarine,مکھن جيسي چيز
margays,جنوبي امريکه کا ايک جانور
margin,کناره ـ حاشيه ـ آخري حد ـ گوٹ
marginal,حاشيه کا ـ حاشيه پر لکھا هوا
marginalia,حاشيه کي تحرير
marguerite,ايک قسم کا ڈيزي کا پھول
maria,حضرت مريم
marigold,گل مريم ـ صد برگ
marinade,مسالے ـ شراب اور سرکے کے اچار
marine,بحري ـ دريائي ـ سمندري
mariner,ملاح ۔ جہاز ران ۔
marionette,کٹھ پتلي
marital,ازدراجي ـ شادي کے متعلق
maritime,ساحلي ـ بحري
mark,نشان کرنا ـ علامت کرنا ـ داغنا ـ غور کرنا ـ دھيان کرنا
marker,نشان لگانے والا ـ گننے والا
market,بازار ـ منڈي
marketable,قابل فروخت
marking,نشان اندازي
marksman,نشانه باز ـ قادر انداز
markup,سزا ـ جرمانه
marl,زرخيز مٹي
marmalade,نارنگي کا مربه
marmoreal,سنگ مرمر کا
marmoset,گھني دم والا  امريکي بندر
marmot,گلهري کي قسم کا ايک جانور
marocain,ایک قسم کا ریشمی کپڑا ۔ سوتی کپڑا مارکین ۔
maroon,بادامي قرمزي رنگ
marque,اجازت نامه ـ دشمن کے تجارتي جهازوں کو پکڑنے کا حکم نامه
marquetry,ميناکاري
marquis,بواب ـ دوسرے درجے کا بڑا خطاب
marquise,مار کوئز کي بيگم
marriage,شادي ـ بياه ـ عقد ـ اتحاد
marriageable,شادي کے لائق
married,شاده شده
marrow,مغز ـ گودا ـ هڈي کا گودا
marrowy,مغز دار
marry,نکاح پڑھانا ـ بياه کرنا ـ شادي کر دينا
marse,مريخ
marseillaise,فرانس کا قومي نغمه
marsh,دلدل ـ گل آب
marshal,سپه سالار ـ جنرل ـ مير تازک
marshy,جو دلدل ميں پيدا هوا هو
marsupial,تھيلي دار ـ تھيلي دار جانور
mart,بازار ـ منڈي
martello,ساحلي قلعه ـ ملک کي حفاظت کے لئے ساحلي قلعه بندي
marten,نيولے کي طرح کا ايک جانور
martial,جنگي ـ حربي ـ عسکري ـ جنگ جو
martialize,جنگ جو بنانا ـ جنگ کے لئے تيار کرنا ـ فوجي بنانا
martially,جنگ جويانه ـ نجگي اصول کے مطابق
martian,مريخ کا باشنده
martin,ايک قسم کا ابابيل
martinet,وه شخص جو نظم و ضبط قائم رکھنے ميں سخت هو
martingale,زير بند ـ پيش بند ـ تنگ بند
martini,مارتيني رائفل
martlets,بے پر کا پرنده
martyr,جو اﷲ کي راه ميں شهيد هو ـ شهيد کرنا
martyrdom,شهادت ـ اذيت
martyrise,شهيد بننا ـ شهيد بنانا
martyrological,شهيدوں کے متعلق
martyrology,تاريخ شهدائ ـ شهادت نامه
martyry,روضه ـ درگاه ـ گرجا
marvel,حيران هونا ـ تعجب کرنا
marvelous,نادر ـ عجيب ـ انوکھي
marxian,جرمن اشترا کي کارل مارکس کا پيرو
mascot,باعث برکت چيز ـ تعويز
masculine,مذکر ـ مردانه ـ جوان
mash,ملنا ـ ملانا ـ کچلنا ـ کوٹنا ـ پيسنا ـ دلير ـ جاني ـ پيارا
masher,اپنے آپ کو کنھيا سمجھنے والا ـ چھيلا ـ بانکا
mashie,گلف کا آهني چوگان
mask,پرده ـ نقاب ـ برقعه ـ حليه
maskable,پردے کے قابل
masker,نقاب پوشي
mason,راج ـ معمار ـ کاريگر
masonic,فري ميسن برادري کا
masonry,معماري ـ راج کا کام
masque,ايک طرح کا شوقينوں کا ناٹک
masquerade,ريا کاري کرنا ـ بھيس بدلنا
masquerader,ريا کاري کرنے والا
mass,دعا جو عشائے رباني ميں پڑھي جاتي هے ـ ڈھير ـ انبار ـ توده
massacre,قتل عام ـ خون ريزي ـ بهت سے جانور ذبح کرنا
massacrer,خون ريزي کرنے والا
massage,جسم کي مالش کرنا
massager,مالش کرنے والا
massaging,مالش کرنا
massagist,مالشي
masseur,مالش کرنے والا
masseuse,مالش کرنے والي
massif,اونچے پهاڑوں کا سلسله
massiness,وزن ـ بھاري پن
massing,وزني
massive,وزني ـ بھاري ـ گراں
massiveness,بھاري پن
massy,جسيم ـ گراں ـ تھوس
mast,منتول ـ شهتير ـ شاه بلوط کا پھل
master,حاکم ـ آقا ـ سر کرنا ـ غالب آنا ـ قابو ميں پانا
masterful,استاد ـ خود سر
masterkey,ايسي کنجي جو بهت سے قفلوں ميں لگ جائے
masterliness,کمال ـ مهارت ـ استادي
masterly,ماهرانه ـ استادانه
mastermind,افضل ترين شخص
masterpiece,شهکار
mastership,مهارت ـ استادي ـ معلمي
masterwork,اچھا کام
mastery,قبضه ـ دخل ـ حکومت ـ حاکمي
mastic,مصطگي کا درخت
masticate,چابانا ـ خوب چبا کر کھانا
mastication,دانتوں کا عمل ـ چبائي
mastiff,ايک قسم کا بڑا کتا
mastodon,هاتھي کي قسم کا ايک بڑا جانور جو اب معدوم هے
masturbate,مشت زني کرنا ـ جلق لگانا
masturbation,مشت زني ـ جلق
masturbator,مشت زني کرنے والا
mat,چتائي ـ فرش
matador,سانڈ لے لڑنے والا
match,ٹکر کا شخص ـ مد مقابل ـ مقابله کا کھيل ـ برابر کا هونا ـ شادي کرانا ـ ٹکر کا هونا
matchable,مقابله کرنے کے قابل
matcher,مقابله کرنے والا
matchless,انوکھا ـ لاثاني ـ لاجواب
matchlock,توڑے دار بندوق
mate,شادي کرنا ـ هم صحبت هونا ـ مياں بيوي کا هم بستر هونا ـ ساتھي
mater,ماں ـ اماں ـ اماں جان ـ مسن عورت
material,مادي ـ جسماني ـ هيولائي ـ اهم ـ سامان ـ مواد
materialism,ماديت ـ ماده پرستي
materialist,ماده پرست
materialistic,دهري ـ ماده پرستانه
materiality,ماديت ـ جسمانيت
materialization,ظاهر هونا ـ واقع هونا
materialize,جسماني بنانا ـ تشکيل کرنا ـ ظهور ميں لانا
materially,مادي حالت سے
maternal,ماں کا ـ مادرانه ـ ماں کي طرف کا ـ ننھيال کا
maternity,ماں هونا ـ ماں بننا ـ زچگي
mathematic,علم رياضي
mathematical,علم رياضي کي رو سے
mathematician,رياضي دان
matin,صبح کي نماز اور تسبيح خواني ـ پرندوں کا چهچهانا
matinee,سه پهر کا تماشا
matrass,قرنبيق ـ بھبکا
matriarch,هو عورت جو قبيله ميں سردار کي هم رتبه هو ـ قالب ـ سانچه
matrices,بچه داني ـ رحم مادر ـ قالب
matricide,ماں کو مار ڈالنا ـ مادر کشي
matriculant,مدرسه ميں داخل هونے والا
matriculate,مدرسه ميں داخل کرنا ـ کالچ کي فهرست ميں نام لکھنا
matriculation,داخله جامعه
matrimonial,مياں بيوي کا ـ ازدواجي
matrimony,بياه ـ نکاح ـ ازدواج ـ شادي
matrix,بچه داني ـ رحم مادر ـ سانچه
matron,بياهي عورت
matronage,جماعت منتظمات
matronship,منتظمه کا کام
mattamore,تل گھر ـ تهه خانه
matter,ماده ـ جوهري ماده ـ اصل ـ مغز ـ منشا ـ مطلب ـ معني ـ ضروري هونا ـ اهم هونا ـ پيپ پڑنا
mattery,مواد سے پر
matting,بوريا ـ چٹائي
mattock,ايک قسم کي کدالي
mattold,غير معمولي ذهانت مگر خراب دماغ آدمي ـ سنکي
mattress,گدا ـ توشک
maturate,مواد کا آنا
maturation,پھوڑے کا پک جانا ـ پھوڑے ميں پورا مواد آجانا ـ پھل کا پک جانا
mature,پکنا ـ تيار کرنا ـ مکمل هونا ـ بالغ هونا
matureness,تيار هونا ـ پختگي
maturer,مکمل کرنے والا
maturity,بلوغ ـ پختگي
matutinal,صبح کا ـ سويرے کا ـ صبح گاهي
maud,سکاٹ لينڈ کے چرواهوں کي دھاري دار چادر ـ اسي رنگ کا سفري بستر بند
maudlin,مد هوشي کي رقت ـ رونا
maul,سخت زد و کوب کرنا ـ زخمي کر دينا ـ گھن ـ موگري ـ خراب کر دينا
mauler,زد و کوب کرنے والا ـ خرابي کرنے والا
maulstick,وه چھڑي جسے مصور بائيں هاتھ ميں توازن قائم رکھنے کے ليے پکڑتا هے
maund,ايک من ـ پکا من چاليس سير کا ـ ٹوکري
maunder,کھويا کھويا رهنا ـ بے جوڑ باتيں کهنا
maunderer,کھويا کھويا رهنے والا
maundy,جمعرات کو غريبوں ميں خيرات بانٹنے کي رسم
mausoleum,قبر کا گنبد
mauve,چمکدار رنگ
maw,پوٹا ـ معده
mawkish,ناگوار ـ بد بودار ـ رقت پيدا کرنے والا
mawkishness,ناگواري ـ رقت
maxilla,جبڑے کي بالائي هڈي
maxillary,جبڑے کي هڈي کي
maxim,اصول ـ مقوله ـ کهاوت
maximation,مبالغه کرنا ـ انتهائي حد تک پهنچنا
maximization,بهت بڑھا دينا
maximize,بڑھا چڑھا کر دکھانا
maximizer,بڑھاچڑھا کر دکھانے والا
maximum,آخري حد ـ زياده سے زياده
may,ممکن هونا ـ اختيار هونا ـ خدا کرے ـ مئي کا مهينه
maya,دنيا کي نعمتيں ـ فريب زندگي ـ فريب نظر
mayday,بہار کے آغاز کا دن ۔ رقص و سرود کا دن ۔
mayhap,شايد ـ غالبا
mayor,مير بلديه
mayoral,صدر بلديه کے متعلق
mayoralty,مثير کا زمانه خدمت
mayoress,صدر بلديه کي بيوي
mayorship,صدر بلديه کا عهده
mazdaism,زرتشتي مذهب ـ زرتشتيت
maze,بھول بھلياں ـ پيچ در پيچ راستے ـ حيران کر دينا ـ گھبرا دينا
mazer,حيران کر دينے والا
maziness,چکر دار هونا
mazy,الجھا هوا ـ چکر دار
me,مجھے ـ مجھکو
mead,شهد اور پاني کي شراب ـ شهد شربت
meadow,چراگاه
meadowy,سبزه زار کي طرح
meager,لاغر ـ حقير
meagerness,کمي ـ لاغري
meal,غذا ـ طعام کھانے کا وقت
mealiness,پيلا پن ـ چرب زباني
mealy,آٹے جيسا ـ سوکھا ـ بھربھرا
mean,جاهنا ـ مدنظر رکھنا ـ دل ميں رکھنا ـ مطلب هونا ـ حقير ـ ذليل
meander,گھماؤ ـ چکر ـ موز ـ ادھر ادھر پھرنا
meaning,پر معني ـ پر مطلب ـ معني خيز
meaningful,بامعني
meanwhile,اسي اثنائ
measle,ايک قسم کي چھوٹي چيچک
measly,کھسرے کا
measurable,قابل پيمائش
measure,اندازه کرنا ـ پيمائش کرنا ـ تولنا ـ تقسيم کرنا ـ طاقت آزمانا
measured,نپا هوا ـ تلا هوا ـ اندازه کيا هوا
measurement,اندازه ـ پيمائش
measurer,اندازه کرنے والا ـ پيمائش کرنے والا
meat,گوشت
meaty,پر گوشت ـ بھربھرا
mecca,بيت اﷲ ـ مکه معظمه
mechanic,کاريگر ـ دست کاري ـ هنر مندي
mechanical,کلوں کے متعلق
mechanically,مشين کي طرح
mechanician,مشين بنانے والا ـ مشين ساز
mechanism,کلوں کے متعلق ـ ميکاني
mechanist,مشين ساز
mechanization,مشين کي طرح بنا دينا
mechanize,مشينوں سے هر طرح کا کام لينا ـ مکانيکي بنا دينا
medal,تمغه ـ امتيازي نشان ـ سکه
medalist,تمغه يافته شخص
medallion,بڑا تمغه ـ کوئي تمغه نما چيز
meddle,دخل دينا ـ دست اندازي کرنا ـ مداخلت کرنا
meddler,بلاوجه مداخلت کرنے والا
meddlesome,فسادي ـ مداخلت کرنے والا
meddlesomeness,فساد کرنے کا شوق ـ دخل دينے کي عادت
medgrim,درد شقيقه ـ آدھے سر کا درد ـ آدھا سيسي درد
mediaeval,چھٹي صدي سے پندرھويں صدي تک کا ـ قرون وسطي کا
mediaevalism,قرون وسطي کے عام عقائد
mediaevalist,قرون وسطي کے نظام و معاشرت کا محقق
mediaevalize,زمانه حال کو قرون وسطي کے رنگ ميں رنگنا
medial,درمياني ـ وسطي
median,درمياني
mediate,بيچ ميں پڑنا ـ دونوں فريقوں کو ملانا ـ درميان ميں پڑنا ـ باعث هونا
mediation,وساطت ـ توسط
mediatize,بالواسطه الحاق کرنا
mediator,فرقين ميں صلح کرانے والا ـ ثالث
mediatrix,بيچ بچاؤ کرانے والي خاتون ـ ثالثه
medicable,قابل علاج
medical,طبي ـ طب کے متعلق
medicament,دوا ـ مرهم
medicaster,نيم حکيم خطره جان ـ عطائي
medicate,دوا دينا ـ معالجه کرنا
medication,علاج ـ معالجه
medicator,علاج کرنے والا
medicinable,دوا سے علاج کرنے کے قابل
medicinal,شفائ بخش ـ صحت بخش
medicine,دوا ـ علم طب ـ دوا دينا
medico,سابقه بمعني طبي
medicojudicial,طبي عدليه ـ طبي قانوني
medicolegal,طبي قانوني
mediocre,درميانه ـ اوسط درجے کا
mediocrity,اوسط درجه
meditate,تجويز کرنا ـ غور و فکر کرنا ـ محو خيال کرنا ـ مراقبه کرنا
meditation,غور و فکر
meditative,مستغرق
meditativeness,دھيان ـ استغراق ـ محويت
mediterranean,اندروني ـ سمندر سے دور ـ چاروں طرف خشکي سے گھري هوئي
medium,درمياني چيز ـ درمياني آدمي ـ درمياني منزل ـ وسليه ـ آله ـ ذريعه
mediumism,معمول هونا ـ روحاني اسرار کا مورد
mediumize,روحاني اسرار کا مورد بنانا ـ کسي کو معمول بنانا
medlars,سيب کي طرح ايک پھل
medley,گڈمڈ ـ خلط ملط کرنا ـ ملانا
medulla,هڈيوں کا مغز ـ حرام مغز ـ مخ
medullary,حرام مغز کا
meed,عوض ـ انعام ـ صله ـ حق ـ حصه ـ لياقت ـ خوبي
meek,نرم مِزاج ۔ سلیم ۔ مسکین ۔ مُتحمِّل ۔ حلیم ۔ سیدھا سادھا
meeker,نرم مزاج رکھنے والا
meekness,بے زياني
meet,اکٹھا ـ جمع هونا ـ ملنا ـ سامنے آنا ـ ملاقات کرنا ـ دوچار هونا ـ پورا کرنا ـ مقابله کرنا ـ ادا کرنا ـاتصال کرنا ـ مناسب ـ درست
meeter,ملنے والا ـ اکٹھا کرنے والا
meeting,مجلس ـ جلسه گاه ـ وصل
meetinghouse,فلسه گاه
meetly,درست طريقے پر
meetness,درستي ـ مطابقت
megalomania,بڑائي کا خبط
megaphone,آله مکبرالصوت ـ ايک آله جو آواز کو دور تک پهنچاتا هے
megilp,رنگوں کا محلول ۔ السی کا تیل یا تارپین ۔
megrim,درد شقيقه ـ آدھے سر کا درد
meiosis,جراثيمي خليوں ميں تبديلي کي ايک حالت ـ صنعت تحقير
melancholia,ماحوليا ـ وحشت ـ سودا
melancholic,افسردہ خاطر ۔ اداس ۔ غمگین ۔
melancholy,اداسي ـ افسردگي
melange,گڈ مڈ ـ معجون مرکب
melanosis,رگ و ريشه ميں سياهي پھيلنا ـ سياه سرطان کا مرٰض
meliorate,سدھارنا ـ سنوارنا ـ بهتر بنانا
melioration,ترقي ـ درستي ـ اصلاح
meliorism,يه عقيده که دنيا سعي انسان سے بهتربن سکتي هے
meliorist,اس عقيدے کا حامي که دنيا بهتر بن سکتي هے
melliferous,شهد پيدا کرنے والا
mellifluence,خوش کلامي ـ شيريں زباني
mellifluent,خوش کلام
mellifluous,حلاوت آمیز ۔ شیریں دھن ۔ شیریں زبان ۔
mellifluously,شيريں زباني
mellow,ملائم ـ نرم
mellowly,نرمي
mellowness,نرمي ـ پختگي
melodious,سريلا ـ خوش آهنگ
melodiously,خوش آهنگي
melodiousness,خوش آہنگی ۔ سریلا پن ۔
melodist,گانے والا ـ سريلے نغمے ترتيب دينے والا ـ نغمے لکھنے والا
melodize,نغموں کو ترتيب دينا
melodrama,جذبات انگيز ناٹک
melodramatic,جذبات انگيز
melodramatist,پيجاني ناٹک کا تمثيل نگار
melodramatize,پيجان انگيز بنانا ـ جذبات خيز بنانا
melody,ترانه ـ گيت ـ نغمه
melon,سردا ـ خربوزه
melrose,گلاب کے پھولوں کا شهد
melt,پگھلانا ـ گلانا ـ پاني کرنا ـ نرم کرنا ـ گداز کرنا ـ نرم کرنا
meltable,گلانے کے قابل
member,رکن ـ عضو ـ جوڑ
membership,رکنيت
membrane,جھلي ـ پرده
memento,نشاني ـ يادگارü
mementomori,موت کو ياد دلانے والي کوئي چيز مثلا مردے کي کھوپڑي ياد رکھ که ايک دن مرنا هے
memoir,تزک ـ تذکره
memorable,ياد رکھنے کے قابل
memorandum,ياداشت ـ روز نامچه
memorial,ياد دلانے والا ـ يادگار ـ رسم يادگار ـ عرضي
memorialist,سائل ـ درخواست گزار
memorialize,ياد رکھنا ـ کزارش کرنا ـ ياد هونا
memorization,ياد کرنا يو هونا
memorize,ياد کرلينا ـ ازبر کر لينا ـ ياداشت لکھنا
memorizer,ياد کر لينے والا
memory,ياد ـ حافظه
menace,دھمکانا ـ ڈرانا
menacer,ڈرانے والا
menacingly,دھمکاتے هوئے
menage,انتظام خانه داري گھر بار
menagerie,جانور خانه
mend,درست کرنا ـ مرمت کرنا ـ رفو کرنا ـ اصلاح کرنا ـ اچھا
mendable,درست کرنے کے قابل
mendacious,چھوٹا ـ کاذب
mendacity,ناراستي ـ کذب
mended,مرمت کرنا ـ درست کيا هوا ـ رفو کيا هوا
mender,درست کرنے والا
mendicancy,فقيري ـ گدائي
mendicant,درويش کا ـ گدا گر کا ـ فقير
mendmatters,معاملات کي اصلاح کرنا
mendonesways,اپنے عادات و اطوار کي اصلاح کرنا
menial,نوکر ـ شاگرد
meningitis,گردن توڑ بخار
meno,حيض يا ايام ماهواري
menology,مهينوں کي ياداشت ـ کليسائے يونان کي تقويم
menopause,حيض کا بند هو جانا
menorrhea,حيض کا جاري رهنا
menses,حيج ـ ايام ـ ماهواري
menstrual,ماهواري کا
menstruate,ايام هونا ـ حيض کا جاري هونا
menstruation,حيض کا جاري هونا
menstruous,خون سے آلوده ـ حيض ميں
menstruum,کمزور کرنے والا ادرار
mensurable,پيمائش کے قابل ـ ليدار ـ موزوں
mensural,موزوں ـ لے دار
mensuration,ناپنا
mensurative,ناپنے والا
mental,ذهني ـ دماغي
mentality,ذہنیت ۔ رجحان ۔
mentation,ذهني کيفيت ـ دماغي حالت
menthol,ست پودينه
mention,ذکر کرنا ـ حواله کرنا ـ نام لينا اشاره کرنا ـ ظاهر کرنا
mentionable,قابل ذکر
mentioner,ذکر کرنے والا
mentor,ناصح ـ دانا ـ معلم ـ اتاليق
menu,فهرست طعام ـ کھانوں کي تفصيل
mephitic,سڑا هوا ـ گندا/
mephitis,گنده ماده ـ عفونت
mercantile,تجارتي ـ بيوپاري ـ تاجرانه
mercantilism,تجارتي نظريه زر کا اصول
mercenariness,خود غرضي ـ رز پرستي
mercenary,زر خريد ـ زر پرست
mercer,ريشمي پارچه فروش ـ قيمتي کپڑوں کا تاجر
mercerize,سوتي کپڑوں پر ريشم جيسي چمک پيدا کرنا
mercery,قیمتی کپڑوں کی دکان ۔
merchandise,مال تجارت ـ سودا
merchandiser,تجارت کرنے والا
merchant,بيوپاري ـ تاجر ـ بڑا سودا گر ـ عادي
merchantable,قابل فروخت
merchantman,تاجر
merciful,رحمدل ـنرم دل
mercifully,رحمدلي
mercifulness,رحمدلي
merciless,ظالم ـ بے پردرد
mercilessly,بے رحمي ـ بے دردي
mercurial,چست ـ چالاک ـ تيز
mercurialize,پارے سے علاج کرنا
mercurous,پارے والا جس ميں پاره کثير مقدار ميں هو
mercury,عطارد سیارہ ۔ فصاحت کا رومی دیوتا ۔ پارہ ۔ شوخی ۔ چنچل پن ۔
mercy,مهر ـ شفقت ـ رحم
mere,جھيل ـ خالي فقط ـ خالص
merely,صرف اس ليئے
meretricious,فاحشه صفت ـ بھڑک دار
meretriciously,بھڑکيلے پن سے
merge,ڈوبنا ـ غيق هونا ـ گم هونا ـ گھل مل جانا ـ جذب هو جانا ـ ملا دينا
mergence,غرق هو جانا ـ جذب هو جانا ـ گم هونا ـ گھل مل جانا ـ ڈوبنا
merger,جذب هونے والا
meridian,کوئي خاص خط ـ طول البلد ـ بلند
meridional,جنوب کا ـ جنوبي يورپ کے باشندوں کا ـ جنوبي
meringue,انڈے کي مٹھائي
merino,ايک بھيڑ جس کا اون نهايت عمده هوتا هے ـ نفيس اوني کپڑا
merit,جوهر ذاتي ـ گن ـ وصف ـ قابليت ـ نقص و خوبي ـ لياقت ـ فضيلت ـ رتبه ـ درجه ـ بزرگي ـ انعام ـ حصول ـ حسن خدمت
meritable,لياقت کے قابل
meritorious,قابل تعريف ـ قابل انعام
meritoriousness,عمدگي ـ خوبي
merle,يورپ کا ايک خوش الحان پرنده ـ کوئل
merlin,ايک قسم کا باز
mermaid,بنت البحر
merman,بحري مرد
merrily,زنده دلي سے ـ خوش طبعي سے
merriment,خوش طبعي ـ خرمي ـ چهل ـ هنسي ـ دل لگي ـ رنگ رلياں
merriness,خوش طبعي ـ زنده دلي
merry,سياه چيري ـ مسخره
merryandrew,مسخره ـ نقال
merrygoround,جرخ چوں ـ چکر مکر ـ جھولا
mesalliance,کم حيثيت شخص سے شادي کرنا
meseems,مجھے ايسا معلوم هوتا هے
mesentery,آنتوں کي تھيلي
mesh,جھنجھري يا جال کے سوراخ ـ جال کا پھندا ـ جال ميں پکڑنا
meshy,جالدار
mesmerism,ايک عمل جس سے معمول پر نومي کيفيت طاري هوجاتي هے
mesmerist,مسمربزم کا عامل
mesmerization,حالت نومي طاري کرنا
mesmerize,مسموبزم کے عمل سے غافل کر دينا
mesmerizer,نومي حالت طاري کر دينے والا
mesne,درمياني ـ بيچ کا ـ منجھلا
mesneprofits,زرواصلات
mespot,عراق ـ عرب
mess,کھانا ـ طعام ـ خوراک ـ دليا ـ بھرتا ـ معجون مرکب ـ چوهٹ کر دينا ـ گنده کر دينا ـ ساتھ مل کر کھانا
message,خبر ـ پيغام ـ روحاني واردات ـ الهام ـ خبر دينا ـ پيغام بھيجنا
messenger,قاصد ـ ايلچي
messiah,حضرت عيسي عليه السلام
messieurs,حضرات ۔ صاحبان ۔
messiness,گنده پن ـ ابتري
messmate,ساتھ کھانے والا
messofpattage,دنياوي اغراض پر اعلي مقاصد قربان کرنا
messrs,حضرات ۔ صاحبان ۔
messy,گڈمڈ ـ ابتر ـ مخلوط
metabolism,غذا کا جز و بدن هونا
metacarpus,کف دست
metachronism,تاريخي غلطي جو کسي واقعه کو صحيح تاريخ سے الگ ٹههرانے سے هو
metagenesis,سلسله توالد کا باري باري سے جنسي اور لاجنسي هونا
metal,دھات
metalize,دھات شامل کرنا
metalizing,دھات شامل کرنا
metallic,دھات کا ـ دھات جيسا
metallography,علم معدنيات ـ علم فلزات
metalloid,دھات نما
metallurgist,دھات کو صاف کرنے کا ماهر
metallurgy,دھات کا کام
metalwork,دھات کا کام
metalworker,دھات کا کام کرنے والا
metamorphic,جس کي هنيت تبديل هو گئي هو
metamorphism,قلب ماهيت
metamorphose,صورت بدلنا ـ هينت بدلنا
metamorphosis,تبديلي ـ هينت
metaphor,کنايه ـ استعاره
metaphrase,لفظي ترجمه ـ لفظ نه لفظ ترجمه ـ لفظي ترجمه کرنا
metaphsician,مفکر ـ ما بعدالطبيعات کا عالم
metaphysical,غير مادي
metaphysics,علم روح انساني ـ دقيق گفتگو ـ نظرياتي مباحث
metapolitician,علم سياست کا ماهر
metapolitics,نظرياتي علم ـ فلسفه سياست
metathesis,حروف تهجي کي تبديلي
mete,حد ـ سرحد ـ ناپنا ـ پيمائش کرنا ـ حصه مقرر کرنا
metempsychosis,آوا گون ـ تناسخ
meteor,ٹوٹا هوا تارا ـ شهاب ثاقب
meteoric,شهاب ثاقب کے متعلق
meteorite,شهابي پتھر
meteorologicall,علم حوداث کائنات کے متعلق
meteorologist,موسميات کے علم کا ماهر
meteorology,علم موسميات
meter,ناپنے کا آله
methinks,ميرا خيال هے
method,طريقه ـ ترتيب
methodical,بالترتيب ـ باضابطه
methodically,باقاعدگي
methodist,کسي غير مقلد فرقے کا پيرو
methodize,ترتيب دينا ـ ضابطه ميں لانا
methylate,شراب ميں مبتھل ملانا تاکه وه پينے کے قابل نه رهے اور محصول سے بچ جائے
methylatedapirt,ميتھل ملي هوئي شراب
meticulous,جزنيات کا خيال رکھنے والا
meticulousness,سخت غور سے کام لينا
metonymy,علم بيان کي ايک صفت
metope,عمارت کے سامنے کا پتھر ـ رو کي سطح ـ چهره
metre,لمبائي کي اکائي ـ فاصله کا ناپ
metric,ميٹرک طريقه پيمائش کے متعلق
metrical,وزن شعر يا بحر کے متعلق
metrology,نظام وزن ۔
metronome,ايک آله جس سے تال دينے هيں ـ تال ناپ
metropolis,سب سے بڑا شهر ـ دالحکومت
metropolitan,دارالسلطنت کا باشنده ـ راج دھاني کے متعلق
mettle,اصل ـ جوهري ـ دليري
mettlesome,مضبوط ـ جاندار
mew,بحري پرنده ـ پنجرے ميں بند کرنا
mewl,بچے کي طرح رونا ـ اوں اوں کرنا ـ مياؤں مياؤں کرنا
mewler,بچے کي طرح رونے والا
mhthicism,فرضي قصوں پر يقين کرنا ـ اساطير پرستي
miami,ميامي
miaow,بلي کي آواز
miasma,بدبودار پسينه
miaul,بلي کي طرح بولنا ـ مياؤں مياؤں کرنا
mica,ابرق
micawber,نکما اور بے فکر آدمي جو هميشه يه اميد رکھے که غيب سے اس کي فلاح کي صورت پيدا هو جائے گي
michael,ايک بزرگ فرشته حضرت ميکائيل
mickle,بڑا ـ زياده ـ کثير
microbe,جراثيم
microcosm,کائنات اصغر ۔ ذات انسان ۔
microcosmic,انسان کے متعلق
micron,ميٹر کا دس لاکھواں حصه
microphone,آله مکبر الصوت
microscope,خوردبین ۔
microscopy,خوردبين کا استعمال
micturition,سلسل البول ـ بار بار پيشاب کرنے کي حاجت
mid,درمياني ـ متوسط
midday,دوپهر ـ نيم روز
middle,بيچ کا ـ درميان کا
middling,درميانه ـ اوسط درجے کا
midge,چھوٹا سا کيڑا ـ چھوٹا آدمي
midget,بهت چھوٹا آدمي
midland,کسي ملک کا درمياني حصه
midmonth,مهينے کا درمياني حصه
midnight,آدھي رات
midship,کشتي يا جهاز کا درمياني حصه
midst,درميان ميں ـ وسط ميں ـ بيچ ميں
midsummer,عين موسم گرما
midweek,هفته کا درمياني حصه
midwife,دائي ـ قابله
midwifery,دايه گري
midwifing,دائي گري کرنا
midwinter,عين موسم سرما
mien,طور ـ شان ـ وضح ـ صورت ـانداز
miff,ان بن ـ معمولي
might,زور ـ مقدور ـ قوت ـ بل
mightiness,قوت ـ عظمت
mighty,طاقت ور ـ زور آور
mignonette,ايک پودا جس کے پھول خوشبو دار هوتے هيں
migraine,آدھے سر کا درد
migrant,هجرت کرنے والا
migrate,هجرت کرنا ـ چلا جانا ـ ترک وطن کرنا ـ نقل مقام کرنا
migration,ہجرت ۔ ترک وطن 
migrator,هجرت کرنے والا
migratory,خانه بدوش ـ وطن تبديل کرنے والا
mikado,شہنشاہ جاپان ۔
mike,جي چرانا ـ کام چور ـ آله مکبر الصوت
mil,تار کي موٹائي کا ناپ
milage,بھته في ميل ـ بھته وغيره
milch,دودھ دينے والي
milden,نرم کرنا ـ معتدل کرنا
milder,نرم کرنے والا
mildew,کيڑا ـ جالي روگ
mildness,نرمي ـ ملائمت
mile,ميل
miler,ايک دوڑنے والا گھوڑا
milesian,آئرلينڈ کا باشنده
milfoil,ايک قسم کا عام پودا
miliary,باجرے جيسا ـ باجرے کے برابر
militancy,جنگ جوئي
militant,جنگجو ـ مجاهد
militantness,جنگ جوئي
militarism,جنگجو يانه روشن ـ فوجي جذبه ـ محاربيت
militarist,فوجي نظام کا حامي
militarization,معاشرت ميں فوجي جذبه پيدا کرنا ـ فوجي نظام
militarize,فوجي جذبه پيدا کرنا
military,جنگي ـ حربي ـ اشکري
militate,لڑنا ـ جنگ ميں شريک هونا ـ مخالفت کرنا
militia,وه پيشه ور جو لڑائي ميں فوج کا کام ديں ـ قومي فوج
milk,دودھ
milker,دودھ والا
milkiness,دودھ جيسا هونا
milkman,دودھ والا
milksop,بودا لڑکا يا آدمي ـ عورتوں کي طرح کا مرد ـ زنانه
milktooth,دودھ کا دانت
milkwort,ايک پودا جس کے چرنے سے گائے کا دودھ بڑھتا هے
milky,دوده کا بنا هوا
milkyway,ستاروں کا طويل سلسله
mill,چکي ـ کارخانه
millable,پيسنے کے قابل
millboard,موٹي دفتي
millenarian,اس عقيدے کا شخص که حضرت عيسي® دنياميں آکر ايک هزار سال حکومت کريں گے
millenary,هزار ساله
millennium,حضرت عيسي® کا هزار ساله دور حکومت ـ عهد سعادت ـ الف خوشحالي
millepede,هزار پايه ـ کھنکھجورا
miller,چکي والا ـ کارخانه والا
millet,باجره
milliard,ايک هزار ملين ـ ايک ارب
milligramme,ايک گرام کا هزار حصه
milliliter,ايک ليٹر کا هزارواں حصه
millimeter,ايک ميٹر کا هزارواں حصه
milliner,کلاه فروش ـ کلاه ساز
millinery,ٹوپیاں بنانے کا سامان ۔
million,دس لاکھ ۔ ملین ۔
millionaire,لکھ پتي ـ کروڑ پتي ـ بے حد ـ دولت مند
millionfold,دس لاکھ گنا
millionth,دس لاکھواں حصه
millstone,چکي کا پاٹ
milord,جناب والا ـ حضور والا
milt,تلي ـ طحال
miltonian,ملٹن کے طرز کلام ـ ملٹني
miltonic,ملٹن کے متعلق
mime,سوانگي ـ مسخرا
mimeograph,چھاپ کل
mimesis,دو نوع کے جانوروں کي مشابهت
mimetic,نقل اتارنے کا عادي
mimic,نقل کرکے مذاق اڑانا
mimicry,سوانگ ـ نقل
miminypiminy,حد سے زياده نازک دماغ
mina,مينا
minacicus,دھمکي سے بھرا هوا ـ تهديدي
minacity,دھمکي کے انداز کا هونا
minaret,مينار ـ مسجد کا مينار
minatory,دھمکي کے طرز کا
mince,قيمه کرنا ـ پاره پاره کرنا
mincematters,معامله کو رفع دفع کرنا ـ مروت سے کام لينا
mincer,نرم گفتگو کرنے والا ـ قيمه کرنے والا
mincingly,اٹھلاتے هوئے ـ مروت سے
mind,دل ـ دماغ ـ ذهن ـ ادراک ـ قلب ـ دھيان کرنا ـ لحاظ کرنا ـ پرواه کرنا ـ فکر کرنا ـ خيال کرنا ـ نگراني کرنا
minded,راغب ـ مائل ـ آماده
minder,خيال کرنے والا ـ غور کرنے والا ـ لحاظ کرنے والا
mindful,هوشيار ـ آگاه ـ باخبر
mindfully,هوشياري
mindfulness,فکر ـ ملاحظه
mindless,لاپرواه ـ بے خبر
mine,کان ـ معدن ـ سرنگ ـ سرنگ لگانا ـ کان کھودنا ـ زمين کھودنا
mineable,کان کھودنے کے قابل
miner,کان کھودنے والا ـ زمين کھودنے والا
mineral,دھات
mineralalkali,معدني سوڈا
mineralogist,علم معدنيات کا ماهر
mineralogy,علم معدنيات
mineralwater,صحت بخش پاني ـ سوڈا واٹر
minerva,عقل و دائش کي ديوي
mingle,ملانا ـ آميزش کرناـ ترکيب کرنا ـ مخلوط کرنا
mingler,ملانے والا ـ آميزش کرنے والا
mingling,آميزش کرنا
mini,چھوٹا
miniature,چھوٹي تصوير
miniaturist,چھوٹي تصويروں کا مصور
minicomputer,چھاٹا کمپيوٹر
minidisk,چھوٹي ڈسک
minifloppy,چھوٹي فلاپي
minify,گھٹا کر دکھانا ـ اهميت کم کرنا ـ وقعت کم کرنا
minifying,اهميت کم کرنا
minikin,چھوٹے قد کا آدمي يا جانور ـ چلا هوا ـ بنا هوا
minim,چھوٹي چيز ـ بونا
minimal,بهت چھوٹا
minimalist,ايسا شخص جو کم سے کم حقوق کو نه چھوڑے
minimization,بے حد کم کرکے دکھانا
minimize,کم کر دينا ـ حد سے زياده کم کرنا
minimizer,کم کرنے والا
minimizing,کمي
minimum,کم سے کم مقدار
minimus,مدرسه کے ايک نام کے بچوں ميں سب سے چھوٹا
mining,کان کني
minion,سب سے عزيز بچه
minister,وزير مملکت ـ خدمت کرنا ـ مدد کرنا ـ امداد دينا
ministerial,کار پرداز ۔ معاون ۔
ministerialist,وزارتي جماعت کا حامي
ministration,خدمت ـ امداد
ministry,وزرائ کي کابينه
minnie,ايک هلکي توپ
minnow,دريائي مچھلي
minor,چھوٹا ـ اصغر
minority,اقليت ـ نابالغي
minotaur,ايک خيالي مخلوق جو نصف انسان اور نصف بيل تھا اور گوشت کھاتا تھا
minster,بڑا گرجا
minstrel,قرون وسطي کے گوشے جو اکثر اپنا هي کلام گاتے تھے ـ مغني شاعر
minstrelsy,مطربوں کي جماعت
mint,ٹکسال ـ دارالضرب ـ سکے ڈھالنا ـ روپيه بنانا ـ ايجاد کرنا ـ اختراع کرنا ـ پودينه
mintage,سکے سازي کا محصول
minter,سکه بنانے والا ـ ايجاد کرنے والا
minus,کمي ـ منفي
minute,لمحه ـ منٹ ـ ياداشت لکھنا ـ روئيداد لکھنا ـ مرتب کرنا
minutely,پر منٹ ـ منٹ منٹ کا ـ موشگافي سے
minuteness,موشگافي ـ نکته سنجي
minuter,مرتب کرنے والا ـ ٹھيک وقت معلوم کرنے والا
minx,بے شرم عورت
miracle,معجزه ـ کرامت
miraculous,معجزانه ـ حيرت انگيز
miraculously,معجزانه طور پر
mirage,دھوکا ـ نظر کا دھوکا ـ سراب
mire,کيچڑ ـ دلدل ميں پھنسنا ـ کيچڑ ميں آلوده کرنا
mirror,آئينه ـ هوبهو ـ عکس دکھانا
mirth,خوشي ـ طرب ـ نشاط
mirthful,مسرور ـ خوش و خرم
mirthfulness,پر لطف هونا ـ مسرور هونا
miry,کيچڑ سے بھرا هوا ـ شرم ناک ـ ذليل
misadventure,شامت ـ آفت
misadvise,گمراه کرنا ـ غلط مشوره دينا
misadvised,گمراه کيا هوا ـ بهکايا هوا
misalliance,بے جوڑ دوستي ـ بيجوڑ شادي
misanthrope,مردم بيزاري ـ انسانوں سے نفرت کرنے والا
misanthropist,مردم بيزار
misanthropy,مردم بيزاري
misapplication,بے موقع استعمال
misapply,بے جا صرف کرنا
misapprehend,بے جا صرف کرنا
misapprehending,خلاف يا غلط سمجھنا ـ کسي کے متعلق غلط رائے قائم کرنا
misapprehension,کسي کے متعلق غلط رائے رکھنا
misapprehensive,غلط فهمي
misappropriate,غلط فهمي پر مبني
misappropriatin,خورد برد کرنا ـ غبن کرنا
misbecome,غبن
misbegotten,نامناسب هونا ـ خلاف شان هونا
misbehave,حرام زاده
misbehaviour,بدتميزي کرنا
misbelief,برا چال چلن ـ بداخلاقي
misbelieving,خلاف عقيده
misbeseem,برگشته ـ گمراه
miscalculate,نازيبا هونا ـ نا سزا هونا ـ شايان شان نه هونا
miscalculation,غلط حساب لگانا ـ غلط اندازه کرنا
miscall,حساب ميں غلطي
miscarriage,غلط نام سے پکارنا ـ گالياں دينا
miscarry,اسقاط حمل ـ وقت سے پهلے زچگي ـ خط کا پته پر نه پهنچنا
miscast,حمل گر جانا ـ وقت سے قبل دلادت هو جانا ـ کامياب نه هونا ـ نامراد رهنا
miscasting,جمع کرنے ميں غلطي کرنا
miscegenation,جمع کرنے ميں غلطي
miscellanea,مختلف نسلوں کا ميل
miscellaneous,ادبی مجموعہ ۔ متفرق مضامین ۔
miscellany,متفق ـ مختلف ـ مخلوط
mischance,ہر قسم کے مضامین ۔
mischief,بد نصيبي ـ گردش ايام ـ حادثه
mischievous,شرارت ـ خرابي ـ بدي ـ برائي
mischievousness,ضرر رساں ـ زياںکار ـ مضر
miscible,زياں کاري ـ شرارت ـ اذيت رسائي
misconceive,آميزش کے قابل
misconception,غلط سمجھنا ـ کسي کے متعلق غلط رائے قائم کرنا
misconduct,غلط خيال ـ غلط اندازه
misconstruction,بدچلني ـ بد کرداري ـ بدفعلي
misconstrue,غلط نتيجه ـ غلط مفهوم
miscount,غلط معني نکالنا
miscounting,غلط شماري
miscreant,غلط شماري کرنا
miscreated,مردود ـ کافر ـ رند
miscreation,بدوضع ـ مکروه
misdates,خلقي بد صورتي ـ بدوضعي
misdeal,غلط تقسيم کرنا
misdeed,جرم ـ خطا ـ قصور ـ فعل بد
misdeems,غلط خيال قائم کرنا ـ غلط رائے رکھنا
misdemeanant,بد اعمالي کا مجرم
misdemeanor,بد اعمال کرنے والا
misdemeanour,تفصير ـ قصور ـ معمولي جرم ـ خطا
misdirect,غلط راسته بنانا ـ غلط راه پر ڈالنا
misdirection,گمراه کرنا
misdoing,بدکاري ـ بدکرداري
misdone,اعمال بد
miseducate,غلط تربيت دينا
miseducation,غلط تربيت
miser,نخيل ـ کنجوس ـ کھودنے کا آله
miserable,بدنصيب ـ کم بخت
misericord,بيت العفو ـ ايک وار ميں سر قلم کرنے والا ـ خنجر
miserly,کنجوسوں کي طرح
misery,تباهي ـ بدبختي ـ شامت اعمال
misfeasance,اختيار کا غلط استعمال
misfire,بندوق کا نه چلنا
misfit,ٹھيک يا پورا نه هونا
misfortune,بدنصيبي ـ شامت ـ تباهي
misgive,شک پيدا کرنا ـ شبه ڈالنا
misgiving,انديشه ـ شک
misgovern,خراب انتظام کرنا ـ بري حکومت کرنا
misgovernment,بد نظمي ـ بد انتظامي
misguidance,غلط رهنمائي
misguide,گمراه کرنا
misguider,غلط رهنمائي کرنے والا
misguiding,غلط رهنمائي
mishandle,بد سلوکي کرنا ـ بهکانا
mishap,ناگهاني آفت
mishear,غلط سننا
mishmash,کھچڑي ـ ست نجا ـ گڈمڈ
misidentified,غلط شناخت
misidentify,غلط شناخت کرنا
misinform,غلط اطلاع دينا ـ جھوٹي خبر دينا
misinformant,غلط خبر دينے والا
misinformation,غلط اطلاع
misinstruct,غلط هدايت دينا
misinstruction,غلط هدايت
misintelligence,کم ذهن ـ بھدا
misinterpret,غلط معني نکالنا ـ غلط تعبير کرنا
misjudge,غلط رائے قائم کرنا
misjudgment,غلط فيصله کرنا
mislay,کسي چيز کو غلط جگه پر رکھنا جو وقت پر نه مل سکے
mislayer,غلط جگه پر رکھنے والا
mislead,بهکانا ـ گمراه کرنا ـ دھوکا دينا
misleader,دھوکا دينے والا
mismanage,بري طرح انتظام کرنا ـ درهم برهم کرنا
mismanagement,بدانتظامي ـ بے تربيتي
mismanager,درهم برهم کرنے والا
misname,غلط نام سے پکارنا
misnomer,نام کا غلط استعمال
misogamist,شادي سے نفرت کرنے والا
misogamy,شادي سے نفرت
misogynist,عورت سے نفرت کرنے والا ـ زن بيزار
misplace,بے ٹھکانه رکھنا ـ غلط جگه رکھنا
misplacement,غلط جگه رکھنا
misprint,غلط چھاپنا
misprision,اکفائے جرم ـ چشم پوشي
misprize,حقارت سے ديکھنا ـ ناقدري کرنا ـ تحقير کرنا
mispronounce,غلط تلفط کرنا
mispronunciatio,لفط ادا کرنے ميں غلطي
misquotation,غلط سند ـ غلط حواله
misquote,غلط حواله دينا ـ غلط سند پيش کرنا
misread,غلط پڑھنا
misreport,غلط رپورٹ دينا
misrepresent,غلط بياني کرنا ـ خلاف واقيه بيان کرنا
misrepresenter,غلط بياني کرنے والا
misrule,بدنظمي ـ خراب حکومت
miss,نشانه خطا هونا ـ ناکام هونا ـ موقع کھو دينا ـ کنواري دوشيزه
missal,پادريوں کي نماز اور دعاؤں کي کتاب
misshapen,بدشکل ـ بدصورت
missile,پھينکنے کا ـ پھينک کر مارنے کا ـ برچھي وغيره ـ گولا
missing,گم ـ غائب
missinglink,انسان اور بندر کے درميان کي کڑي
mission,تبليغ ـ تبليغ کا مرکز
missionary,تبليغي ـ مبلغ ـ تبليغي جماعت
missis,مالک کي بيوي
missive,جاري شده ـ سرکاري حکم
misspell,هجوں ميں غلطي کرنا
misspend,بے صرف کرنا ـ فضول خرچي کرنا
misspent,فضول خرچي
misspoke,غلط بياني
misstate,غلط بيان کرنا
misstatement,خلاف واقعه اظهار
misstep,غلط قدم
missy,نوجوان خاتون ۔
mist,کهر ـ دھند ـ پرده
mistakable,جس ميں بھول چوک هو سکے
mistake,غلطي کرنا ـ بھولنا ـ کچھ کا کچھ سمجھنا
mistaken,غلطي پر
mistaker,غلطي کرنے والا
mistaught,غلط سکھايا هوا
mister,جناب ـ مسٹر ـ حضرت
mistful,کهر سے ڈھکا هوا
mistime,بے وقت کوئي کام کرنا ـ بے وقت کهنا
mistletoe,اکاس بيل ـ امر بيل
mistlike,دھندلا ـ کهر کي طرح
mistranslate,غلط ترجمه کرنا
mistranslation,غلط ترجمه
mistreatment,غلط علاج کرنا
mistress,گھر والي ـ عورت ـ عورتوں کي نگران ـ آشنا
mistrust,ايک کرنا ـ اعتبار نه کرنا ـ بدظن هونا
mistrustful,اعتبار نه کرنے والا ـ بدظن ـ شکي
misty,کهر آلود ـ غبار آلود
misunderstand,غلب تعبير کرنا ـ غلط سمجھنا
misunderstandin,کھٹ پٹ ـ رنجش
misusage,غلط استعمال
misuse,بري طرح استعمال کرنا ـ بے جا استعمال کرنا ـ برا سلوک کرنا
misuser,غلط استعمال کرنے والا
mite,ريزه ـ ذره ـ پاني
mithridate,زهره مهره ـ بس مار
mithridatize,زهر کا عادي کر دينا تاکه زهر کا اثر نه هو
mitigate,کم کرنا ـ شدت کو گھٹانا ـ هلکا کرنا
mitigation,تسکين ـ نرمي ـ کمي
mitigative,کم کرنے والا
mitigator,کمي کرنے والا ـ تخفيف کرنے والا
mitigatory,هلکا کرنے والا
mitre,بشپ کي تاج پوشي کرنا
mitt,ايسا دستانه جس ميں انگليوں کي جگه نه هو ـ عورتوں ساعد پوش
mitten,عورتوں کا ساعد پوش
mittinus,حکم نامه جس کے ذريعے حاکم مجرم کو جيل خانه بھيجنا ـ برطرفي
mix,ملانا ـ مخلوط کرنا ـ آميزش کرنا
mixable,ملانے کے قابل
mixed,ملا هوا ـ مخلوط ـ مرکب
mixer,ملانے والا
mixture,مرکب ـ مخلوط ـ آميزش
mizens,اگلا پچھلا
mizpah,وه انگوٹھي جس پر يه لفظ لکھا هو اور نشاني کے طور پر دي جائے
mizzen,اگلا ـ پچھلا
mizzle,پھورا پڑنا ـ بوندا باندي هونا
mizzly,ايسا موسم جس ميں تريح هو يا پھورا پڑتي رهے
mnemonic,حافظے ميں مدد دينے والا
mo,لمحه
moan,کراهنا ـ نوحه کرنا ـ درد انگيز
moat,خندق ميں محفوظ کرنا
mob,عوام الناس ـ بلوه کرنا ـ غدر مچانا ـ انبوه گردي کرنا ـ جمع کرنا
mobber,بے ترتيب خندق بنانے والا
mobbish,شور و غل مچانے والا
mobile,غير مستقل ـ متلون ـ چلنے پھرنے والا ـ نقل پذير
mobility,غير مستقل مزاجي ـ تياري
mobilization,فوج کي درستي ـ فوج کي بھرتي
mobilize,حرکت ميں لانا ـ حرکت کے قابل بنانا
mobilizer,حرکت ميں لانے والا
mobocracy,انبوه کي حکمراني ـ انبوه گردي
mock,تمسخر ـ هنسي ـ نقل کرنا ـ منه چڑانا ـ مذاق کرنا ـ هنسي اڑانا
mockable,مذاق کے قابل ـ هنسي اڑانے کے قابل
mocker,مذاق کرنے والا
mockery,تمسخر ـ تضحيک ـ مذاق
mockingbird,نقل اتارنے والا پرنده
modal,ظاهري ـ صوري ـ دکھاوے کا
modalist,صورت پرست ـ مظاهر پرست
modality,جهت ـ جهج ـ طريقه
mode,طرز ـ طور ـ طريقه
model''s,نمونے کا
model,مثل ـ نمونه ـ نقشه
modeler,قالب بنانے والا
moderate,معتدل ـ اعتدال پسند
moderately,اعتدال سے
moderateness,اعتدال پر لانا ـ معتدل کرنا ـ نرم کرنا
moderation,ميانه روي ـ ملائمت ـ اعتدال ـ حلم ـ تحمل
moderatism,اعتدال کي حمايت
moderator,معتدل بنانے والا ـ ضبط کرنے والا ـ مصالحت کرانے والا
modern,نيا ـ جديد ـ حال کا
modernism,جدود خيالات ـ نئي روشني
modernist,جدت پسند
modernity,جدت پسندي
modernization,نئے زمانے کے مطابق
modernize,طرز جديد پر لانا
modernizer,طرز جديد پر لانے والا
modest,با حیا ۔ با عظمت ۔ پاکدامن ۔
modesty,شرم ـ حجات ـ حيا
modicum,قليل مقدار ـ محدود مقدار
modifiable,ترميم پذير
modification,ڈھنگ ـ صورت
modify,تراش خراش کرنا ـ دروت کرنا ـ کم کرنا
modish,مقبول طرز کے مطابق
modiste,عورتوں کي پوشاک تيار کرنے والي
modulate,آواز کو گھٹانا ـ سر درست کرنا
modulation,آواز کا اتار چڑھاؤ
modulative,آواز کا اتار چڑھاؤ کرنے والا
modulator,گھٹانے بڑھانے والا
module,نمونه ـ نقشه
modulus,مقدار قوت اور اثر کا تناسب
modus,طور ـ طرز ـ طريقه زندگي
modusoperandi,طريق عمل ـ طريق کار
modusvivendi,زير غور معاملات کا وقتي فيصله
mogul,مغليه نسل کا
mohair,انگور انسک کی بکری کا اون ۔
mohammed,محمد ـ اسلام کا پيره
mohammedan,مسلم ـ مسلمان ـ اسلام کا پيرو
mohawk,امريکي انڈين نسل قوم کا ايک قبيله
mohock,امرا کے خاندانوں کے بدمعاش جو اٹھارويں صدي ميں لندن کي سڑکوں پر رات کے وقت رهزني کرتے تھے
moiety,آدھا ـ نصف
moil,محنت کرنا ـ مشقت کرنا ـ بيل کي طرح کام کرنا
moire,ابري ـ لهريا
moist,گيلا ـ مرطوب ـ بارش کا
moisten,تر کرنا ـ نم کرنا ـ گيلا کرنا
moisture,تري ـ نرمي ـ رطوبت
moke,خر ـ گدھا
molar,پيسنے والا دانت ـ داڑھ
mole,تل ـ خال ـ کورموش ـ گودي يا پاني کے اندر بنايا هوا راسته
molecular,ذروں يا سالمات کے متعلق
molecule,مليکيول
molest,دق کرنا ـ ستانا ـ حيران کرنا
molestation,تکليف دهي ـ ايذا رسائي
molester,حيران کرنے والا ـ دق کرنے والا
mollification,تسکين ـ تخفيف
mollify,نرم کرنا ـ ٹھنڈا کرنا ـ ملائم کرنا
mollusc,پلپلے جسم اور سخت خول والے جانور
molly,زناني صفات والا لڑکا
molten,پاني کرنا ـ نرم کرنا
molter,پاني کرنے والا ـ نرم کرنے والا
moment,لمحه ـ منٹ ـ ضرورت ـ وقت
momentary,عارضي ـ وقتي
momently,دم بدم ـ هر دم
momentous,نهايت اهم ـ بھاري ـ ضروري
momentously,بھاری پن ۔
momentousness,بھاری پن ۔
momentum,متحرک چيز کا زور حرکت ـ دھکا
monachism,رهبانيت ـ راهبانه زندگي
monad,واحديت ـ وحدت
monadism,نظام توحيد
monandrous,ايک نرمي پودا ـ اکهرے حامل زر کا پودا
monandry,يه دستور که ايک عورت کا صرف ايک مرد هو ـ ايک شوهري دستور
monarch,شاہ ۔ بادشاہ ۔ سلطان ۔
monarchal,شاهانه ـ ملوکانه
monarchical,شخصي حکومت کا
monarchism,شاه پرستي ـ شاه پسندي
monarchist,شاه پسند ـ شاهي حکومت کا حامي
monarchy,شاهي حکومت ـ بادشاهي
monastery,خانقاه ـ ڈيرا
monastic,راهبانه ـ خانقاهي
monasticism,خانقاهي زندگي
monday,پير ـ سوموار
monde,اعلي سوسائٹي ـ امرا کي دنيا ـ صحبت
monetary,نقدي کا ـ مال و زر کے متعلق
monetization,زر کے طور پر جاري کرنا
monetize,سکے کے طور پر چلانا
money,روپيه ـ پيسه ـ نقدي ـ دولت
moneybag,دولت مند
moneychanger,پيسوں کا کاروبار کرنے والا
moneyed,مالدار ـ روپيے پيسے والا
moneygrubber,ذليل طريقے سے پيسه جمع کرنے والا ـ مال و زر کا
moneymaker,پيسه بنانے والا
monger,بيچنے والا ـ دوکاندار ـ تاجر
mongol,منگولي ـ مغل
mongolian,منگوليا کا باشنده
mongoose,نيولا
mongrel,دو غلا ـ بدنسلا کتا ـ آدھا تيتر آدھا بٹير
mongrelism,ملی جلی نسل کی خصوصیت ۔ دوغلا پن ۔
monism,ايک وجود ايک ذات ـ صرف ايک وجود
monist,ايک وجود کا قائل
monition,خبر ـ اطلاع ـ آگاهي
monitor,ناصح ـ واعظ ـ مدرسه کا خليفه
monitory,واعظانه ـ وعيدي
monk,زاهد ـ عابد
monkery,درويشي ـ ترک لذات
monkey,بندر
monkeyish,بندر جيسا ـ ميموني
monkish,راهبوں جيسا ـ راهبانه
monochord,اکتارا ـ وه ساز جس سے موسيقي کے ٹھيکے اور ٹھراؤ معين کئے جاتے هيں
monochrome,وه تصوير جس ميں ايک هي رنگ کے سائے دکھائے گئے هوں ـ ايک رنگ
monocle,ايک چشمه
monody,نغمه ماتم ـ بروگي گيت
monogamist,ايک زوجگي حامي
monogamous,ايک بيوي والا
monogamy,ايک هي بيوي رکھنے کا طريقه
monogram,نام کا ابتدائي حروف کا طغري ـ خط طغري
monograph,رسالہ جو ایک چیز مصمون یا موضوع پر لکھا گیا ہو ۔ ایک ہی مضمون کا بیان ۔
monographer,مقاله لکھنے والا
monographist,رساله نگار ـ مقاله نگار
monolith,ايک ڈال پتھر
monologist,اپنے آپ سے باتيں کرنے والا ـ خود کلام
monologue,ڈرامے کا سين جس ميں ايک هي شخص کهتا هو اور اپنے آپ سے باتيں کرتا هو ـ خود کلامي
monopolist,اجاره دار
monopolization,بلا شرکت ـ غيرے تجارت کا حق ـ اجاره داري
monopolize,تجارت کرنا ـ اجاره داري کرنا
monopolizer,اجاره داري کرنے والا
monopoly,ٹھيکه ـ اجاره ـ مخصوص اجازت
monosyllable,ايک جز کا لفظ جيسے هے هاں اور نهيں
monotheism,لااله الااﷲ ـ وحدانيت
monotheist,ايک خدا کو ماننے والا
monotone,ايک آواز ـ ايک لهجه
monotonous,ايک هي آواز کا
monotony,ايک هي انداز ـ ايک هي ڈھنگ
monsieur,جناب ـ صاحب
monsoon,برسات کا موسم
monster,عجيب الخلقت ـ عفريت
monstrosity,عجيب الخلقت هونا ـ وحشيانه يا شرمناک حرکت
monstrous,ديو هيکل ـ ديوجيسا
monstrousness,عجوبہ ہونا ۔ شرمناک ہونا ۔ ڈراؤنا پن ۔
montane,پهاڑي ملک کا
montessori,مونٹيسوري ـ ابتدائي تعليم
month''s,مهينے کا
month,ماه ـ مهينه
monthly,ماهوار
monument,يادگار ـ نشاني
monumental,ياد دلانے والي
monumentalize,ياد گار قائم کرنا ـ کسي نشاني سے ياد قائم رکھنا
moo,گائے کي آواز
moodledom,بيوقوفي ـ ساده لوحي
moody,دل گير ـ وهمي ـ خبطي ـ روٹھا هوا ـ آزرده
moolah,ملا
moon,چاند
moonlight,چاند کي روشني
moonrise,چاند کا نکلنا
moonset,چاند کا غروب هونا
moonshine,بے کار منصوبے ـ خيالي پلاؤ
moonshiner,بے کار منصوبے بنانے والا
moonstruck,سودائي ـ خبطي
moony,چاند سا ـ مهتاب سا
moor,حبشي
mooring,جهاز کا لنگر ـ مستقل لنگر ـ ٹھکانا
moorings,جهاز کا اڈه ـ لنگر گاه
moorish,شمالي افريقه کے مسلمانوں کے متعلق
moose,ایک قسم کا ہرن ۔
moot,اجتماع ـ بحث طلب ـ بحث کرنا
mooter,بحث کرنے والا
mop,جھاڑن ـ صاف کرنا ـ جھاڑو دينا ـ بهرنا
mope,اداس رهنا ـ سست رهنا ـ جي اچاٹ رهنا
moper,اداس رهنے والا
mopey,اداس پن ۔
mopish,اداس ـ افسرده
mopishness,اهلا گهلا پن ـ سستي ـ کاهلي
moral,وضع ـ عادت ـ ذهنيت ـ خو ـ اچھا ـ نيک
morale,عام انسانوں يا فوج کي اخلاقي عادت
moralism,اخلاقيات کافطرتي نظام
moralist,معلم اخلاق
morality,ضابطه اخلاق ـ اصول اخلاقيات
moralization,اصلاح اخلاقي
moralize,اخلاقي وعظ کهنا ـ ناصحانه گفتگو کرنا ـ اخلاقي تلقين کرنا
moralizer,اخلاقي وعظ کرنے والا
morally,اخلاقي طور پر
morass,دلدلی زمین ۔
moratorium,ادائيگي قرض کا التوائ
morbid,فاسد ـ افسرده طبع
morbidity,فساد ـ بيماري ـ مرض
morbific,مرض پيدا کرنے والا ـ فاسد
mordacious,کاٹنے والا ـ چبھتا هوا
mordant,نشترسا ـ چبھتا هوا ـ چرکا دينے والا
more,زياده ـ اکثر
moreen,دبيز ـ سوتي کپڑا
moreover,سوا ـ اس کے سوا ـ مزيد برآں ـ اس پر بھي
morganatic,بڑے درجے کے مرد کي چھوٹے درجے کي عورت سے شادي
morgue,مرده خانه
moribund,مرنے والا
morion,ايک طرح کا خود جس ميں جهلم نه هو
morning,صبح ـ فجر ـ سحر
morocco,مرا کا چمڑا
morose,رود رنج ـ ترش رو ـ بدخو
moroseness,بے مروتي
morpheus,نيند اور خوابوں کا ديوتا يا ديوي
morphia,افيوني دوا ـ افيون کا ست
morrow,آنے والا دن ۔ فردا ۔ اگلا دن ۔
morse,دريائي گھوڑا
morsel,نواله ـ لقمه
mortal,فاني ـ حادث ـ مرنے والا ـ فنا پذير ـ مهلک
mortality,فنا پذيري ـ فاني هونا ـ موت
mortar,اوکھلي ـ هون ـ کونڈي ـ کھرل
mortgage,قرض کي ضمانت کي چيز ـ کفالت
mortgageable,کفالت ميں دينے کے قابل
mortgager,کفالت ميں دينے والا
mortification,کسي عضو کا بے کار هو جانا ـ زهد
mortify,نفس کشي کرنا ـ عضو کو بيکار کر دينا ـ من مارنا
mortifying,باعظ تکليف ـ موجب شرم ـ سوهان روح
mortmain,ناقابل انتقال جائيداد ـ انعامي يا وقف شده جائيداد
mortuary,موت کے متعلق ـ نعش خانه
mosaic,حضرت موسي® کا موسوي
moses,شهودي ساهي کار
moslem,مسلم
mosque,مسجد ـ عبادت گاه
mosquito,مچھر
mosquitonet,مچھر داني
moss,کائي ـ دلدل
mossy,کائي لگا هوا
most,سب سے زياده ـ سب سے بڑھ کر
mostly,عموما ـ اکثر ـ زياده تر
mote,مٹي کا ذره ـ ريزه ـ تنکا
moth,پروانه ـ پتنگا
mother,والده ـ اماں ـ اصل ـ جڑ ـ منبع
motherboard,کمپيوٹر کا پرزه
motherhood,ماں بننا
motherland,مادری وطن ۔
motherless,بے ماں
motherlike,محبت سے ـ ماں کي طرح
motherly,شفيق ـ مهربان ـ ماں جيسا
motif,تصور ـ مقصد
motion,حرکت ـ جنيش ـ چال ـ رفتار ـ گردش ـ چلنے کا انداز
motional,حرکت کا متعلق
motioner,اشاره کرنے والا ـ حرکت کرنے والا
motive,حرکت دينے والا ـ وجه تحريک ـ سبب حرکت ـ نيت ـ مقصد ـ فرضي
motiveless,بے حرکت
motivity,تحريک ـ قوت محرکه
motley,رنگ ـ بوقلموں ـ گونا گوں ـ معجون مرکب
motor,حرکت دينے والي ـ متحرک ـ موثر ـ حرکت پيدا کرنا ـ مؤثر چلانا
motorbike,موٹر بائيک
motorcar,موٹر کار
motorcycle,موٹر سائيکل
motorcyclist,موٹر سائيکل چلانے والے
motorist,موٹر چلانے والا
motorscooters,موٹر اسکوٹرز
motortruck,موٹر ٹرک
motorway,موٹر وے
mottle,داغ ـ دھبه ـ رنگ کا دھبه
motto,مقوله ـ قول ـ کهاوت
mould,بنانا ـ سنوارنا ـ سانچه ميں ڈھالنا ـ نقش و نگار کرنا ـ تيار کرنا
moulder,ڈھالنے والا ـ سانچے بنانے والا
moulding,سانچے ميں ڈھالنا ـ لکڑي کي آرائشي بيل
mouldy,پرانا ـ متروک ـ فرسوده
moult,پر گرانا ـ کريز کرنا
moulter,کريز کرنے والا
mound,خاک کا توده ـ ٹيله
mount,سواري هونا ـ چڑھنا ـ جمع هونا
mountable,سوار هونے کے قابل
mountain,پهاڑ ـ کوه ـ جبل
mountebank,عطائي ـ جاهل شخص
mourn,ماتم کرنا ـ رنج کرنا ـ نوحه کرنا
mourner,ماتم کرنے والا ـ نوحه کرنے والا
mournful,غم گين ـ غم زده
mourning,غم ـ ماتم ـ سوگ
mouse,چوها
mousetrap,چوہے دان ۔
moustache,مونچھ
mousy,چوهوں کا گهر
mouth,منه ـ دهن ـ مکھ
mouther,چبا چبا کر باتيں کرنے والا ـ انکار کرنے والا
mouthpiece,باجه کا وه حصه جو منه ميں رهتا هے
mouthy,بد زبان ـ بکواسي
movable,متحرک
move,حرکت دينا ـ چلانا ـ تحريک کرنا ـ اکسانا ـ اشتعال دينا ـ خفا کرنا ـ راغب کرنا ـ پيش کرنا ـ آماده کرنا
moveable,حرکت کرنے کے قابل
moveless,بے حرکت
movement,تحريک ـ حرکت ـ چال
mover,محرک ـ تحريک کرنے والا
movie,سينما
moving,مؤثر ـ دلگداز
movingly,پر اثر طو پر
mow,درانتي يا مشين سے کاٹنا ـ گھاس کاٹنا
mower,فصل کاٹنے والا ـ گھاس کاٹنے والا
mr,جناب
ms,خاتون ـ بيگم
mss,دستي موده ـ دستاويز
much,کثير ـ بهت ـ فراواں ـ زياده ـ وافر ـ کثرت سے
muchness,کثرت ـ بهتات
mucilage,ليس دار چيز ـ گوند
muck,کھاد ـ غلاظت ـ کيچڑ ـ گندا کرنا ـ کام بگاڑنا
mucker,گندا کرنے والا
muckle,بڑا ـ زياده ـ کثير
mucky,گنده ـ غليظ
mucous,لعاب دار ـ ليس دار
mucro,نوکدار ـ نکيلا حصه
mucronate,نوکدار ـ چبھنے والا
mucus,رطوبت ـ بلغم ـ ليس دار ماده
mud,کيچڑ ـ دلدل ـ نکمي چيز
muddiness,مبہم اور غیر واضح ہونا ۔ دھندلا پن ۔
muddle,مکدر کرنا ـ ميلا کرنا ـ خراب کرنا
muddler,مکدر کرنے والا ـ خراب کرنے والا
muddy,ميلا ـ کيچڑ سے بھرا هوا
mudlark,لوارث لڑکا
muezzin,اذان دینے والا ۔ مؤذن ۔
muff,اوني دست پوش ـ بے وقوف ـ بھدا ـ اناڑي پن سے گيند چھوڑ دينا
muffish,بھدا ـ بيوقوف
muffle,پوشيده کرنا ـ گرم کرنا ـ چھپانا
muffler,گلو بند ـ رومال ـ گلو پوش
mufti,مفتي ـ فتوي دينے والا
mug,کٹورا ـ لوٹا ـ محنت سے بڑھنا ـ تياري کرنا ـ محنت کرنے والا
mugger,مگر مچھ
muggins,ساده لوح ـ بيوقوف ـ احمق
muggy,گيلا ـ رم ـ مرطوب ـ اومس
muhammedan,اسلام کا پيرو
mulberry,شهوت کا پھل
mulch,ادھ سڑي گھاس
mulct,جرمانه کرنا ـ ڈنڈ لينا
mule,خچر ـ دوغلا جانور
muleteer,خچروالا
mulish,هٹي ـ بيوقوف ـ ضدي ـ اڑيل
mull,شکر ـ خراب کرنا ـ کيچ چھوڑ دينا ـ خرابي
mulla,ملا ـ مولانا
muller,ناس کي ڈبي
mullet,ايک قسم کي مچھلي
mullion,کھڑکي کي عمودي سلاخيں
multeity,تنوع ـ کثرت اقسام
multifarious,رنگ برنگي ـ انواع و اقسام کا
multiple,گونا گوں ـ بکثرت ـ ايسا عدد جو دوسروں سے پورا پورا تقسيم هو جائے
multiplex,کئي اصناف کا
multipliable,بڑھانے کے قابل
multiplication,ضرب دينے کا عمل
multiplicity,کثرت ـ تنوع
multiplier,بڑھانے والا عدد
multiply,ضرب دينا ـ زياده کرنا
multitude,کثرت ـ افراط
multitudinism,يه اصول که کثرت جمهور کے مفاد کو انفرادي مفاد پر ترجيح دي جائے
multitudinist,جمهور کے مفاد کو افراد پر ترجيح دينے کا حامي
multitudinous,بے شمار ـ کثير
multure,آتا يا اناج جو پيسنے والے کو اجرت کے طور پر ديا جائے ـ پسائي
mum,خاموش طور پر اداکاري کرنا ـ چپ نقل
mumble,منه هي منه ميں کهنا ـ بڑبڑانا ـ پوپلے منه سے کھانا
mumbler,بڑبڑانے والا
mummer,عوامي ناٹک کا اداکار
mummery,بهروپيوں کا تماشا ـ مهمل
mummification,لاش کو محفوظ کرنے کا طريقه
mummify,مساله لگا کر لاش کو محفوظ کرنا
mummy,سکھائي هوئي لاش
mump,خاموش رهنا
mumper,خاموش رهنے والا
mumpish,تنک مزاج ـ ذرا ذرا ميں روٹھنے والا
munch,چبانا ـ چبا کر کھانا
muncher,چبانے والا
mundane,دنياوي ـ ارضي
municipal,بلديه کے متعلق
municipality,بلديه ـ حکومت بلديه
municipalize,انتظام بلديه کے سپرد کرنا
munificence,شاهانه ـ داد و دهش ـ بخشش
munificent,داتا ـ فياض
munificently,فياضي
muniment,قباله ـ دستاويزات
munition,هتھيار ـ گوله بارود
mural,ديوار کا ـ ديوار پر
murder,هلاک کرنا ـ قتل کرنا ـ خون کرنا
murderer,مار ڈالنے والا ـ ظالم ـ قاتل
murderous,خوني ـ قاتلانه
mure,قيد کرنا ـ محبوس کرنا
muriate,سمندري نمک کا تيزاب
murk,دھندلا ـ کهريلا
murker,تاريک کرنے والا
murkiness,تاريکي
murky,تاريک ـ تھٹا ٹوپ ـ دھندلا
murmur,سرسراهٹ ـ پاني کي رواني کي آواز
murmurous,ناراضگي پيدا کرنے والي ـ زير لب
murrain,مويشيوں کي ايک متعدي بيماري
muscadine,ايک قسم کا انگور جس ميں مشک کي خوشبو هوتي هے
muscat,مشکي انگور کي شراب
muscle,عضله ـ پٹھا
muscular,اعصابي
muse,غور فکر کرنا ـ سوچ بچار کرنا ـ محويت
muser,غور و فکر کرنے والا
museum,عجائب گھر
mush,ملائم گودا يا مغز
mushroom,کلاه باراں ـ نئے نواب ـ سانپ کي چھتري
music,موسيقي ـ سماع ـ گانا ـ راگ
musical,موسيقي کا
musicality,سريلا پن ـ خوش گلائي
musician,گلوکار ـ ماهر موسيقي
musk,مشک ـ کستوري ـ مشک دانه
musket,بھر مار بندوق ـ اوپر سے بھري جانے والي
musketeer,بندوقچي
musketry,فن بندوق بازي
musky,مشک کي مانند
muslim,مسلم ۔ مسلمان ۔
muslin,تن زيب ـ ململ
muslinet,موئي ململ
musquash,چھچھوندر کي سمور
mussalman,مسلمان ـ اسلام کا پيرو
must,شيره انگور ـ مست هاتھي يا اونٹ ـ پڑيگا ـ هوگا ـ ضرور ـ لازم
mustang,امريکه کا جنگلي گھوڑا
mustard,سرسوں ـ رائي
muster,جمع کرنا ـ حاضري لينا
musty,باسي ـ لگا هوا ـ اترا هوا
mutability,بے قراري ـ بے چيني
mutable,بے قرار ۔ بے چین ۔ متلون ۔
mutation,تبديل تغير ـ داخل خارج
mutatis,جزوي اختلاف کو ملحوظ رکھتے هوئے
mutator,نوعي تبديلي کرنے والا
mute,خاموش ـ بے زبان ـ آواز کو دبانا ـ چرکنا ـ غير ناطه
mutely,خاموشي سے
mutilate,عضو کاٹ ڈالنا ـ هاتھ پير توڑ دينا
mutilation,عيارت کو مسخ کرنا
mutilative,ديارت کو مسخ کرنے والا
mutilator,مسخ کرنے والا
mutineer,سرکش ـ نافرمان ـ باغي
mutinous,مفسد ـ غدار ـ بغاوت کرنے والا
mutiny,بلوه ـ غدار ـ بغاوت کرنا
mutism,گونگا پن ـ سکونت
mutograp,متحرک چيزوں کي تصوريرں لينے کا کيمره
mutter,بڑبڑانا ـ منه هي منه ميں بولنا
mutterer,سرگوشي کرنے والا
mutton,چھوٹا گوشت
muttony,چھوٹا گوشت جيسا
mutual,دوطرفي ـ باهمي
mutualism,يه نظريه که انسان فلاح حاصل کرنے کے ليے ايک دوسرے کا محتاج هے
mutuality,باهمي مفاهمت
mutually,باهمي تعلق
muzzle,تھوتھني ـ منه ـ منه بند کرنا ـ زبان بندي کرنا
muzzler,زبان بندي کرنے والا
muzzy,بدمست ـ نشے ميں دھت ـ بے وقوف
my,ميرا ـ ميري
mycologist,کھميوں کا مشاهده کرنے والا
mycology,کھميوں کا مشاهده کرنا
myope,ضعيف البصر
myopia,کمزوري نظر ـ بصارت کا ضعف
myopy,نظر کي کمزوري
myreapod,بهت سي ٹانگوں والا ـ هزار پايه
myriad,سد هزار
myrmidon,تھسلي کي جنگجو قوميں ـ بد معاش ـ کرائے کا غنڈه
myrobalan,ھليله ـ بڑي بڑ ـ ھليله کابلي
myrrh,لوبان کي طرح کي خوشبودار گوند
myrtle,مهندي ـ حنا
myself,ميں هي ـ خود ميں نے
mystagogue,معلم تصوف ـ پير طريقت
mysterious,مخفي ـ باطني
mysteriously,مخفي طور پر
mystery,معمه ـ راز
mystic,عارفانه ـ صوفيانه
mysticism,علم باطن ـ رازيت
mysticize,مخفي کرنا ـ پراسرار بنانا
mystification,پر اسرار هونا
mystify,پيچيده کرنا ـ پر اسرار بنا دينا ـ بيوقوف بنا دينا
mystifyingly,بيوقوفي سے
myth,فرضي داستان ـ وهمي باتيں
mythical,خيالي ـ فرضي
mythicism,فرضي قصوں پر يقين کرنا
mythological,ديوتاؤں کے ـ ديو مالا کے
mythologise,ديوتاؤں اور ديويوں کي کهانياں بنانا
mythologist,علم الاصنام کا ماهر
mythology,ديوتاؤں کے قصے
mythos,خيالي افسانه
mythus,خيالي افسانه ـ ديوتاؤں کا قصه
