n ,انگريزي حروف تھجي کا چودھواں حرف
nab ,موقع واردات پر گرفتار کرناـ  پکڑلينا ـ گھير لينا
nabob ,صوبه کاحاکم ـ نواب ـ رئيس
nabobery ,نوابي
nabobism ,عيش پرست شخص
nacarat ,شوخ تاريخي سرخ رنگ
nacelle ,هوائي جھاز کا جھولا
nadir ,سمت الرجل ـ هستي کي انتها
nag ,پيچھے پڑنا ـ هر وقت عيب جوئي کرتے رهنا
nagging ,عيب جوئي
naiad ,سمندر کي پري ـ جل پري
nail ,ناخن ـ کيل ـ کانٹا
nailer ,کيليں بنانے والا
nailery ,کيليںاور ميخيں بنانے کا کارخانه
naive ,ساده لوح ـ صاف باطن
naively ,سادگي سے
naivety ,ساده لوحي ـ سادگي
naked ,ننگا ـ عرياں ـ برهنه ـ ظاهر ـ آشکار ـ کھلا هوا ـ صاف صاف ـ بے سازو سامان ـ بے شجرـ خالي ـ آرائش
nakeder ,ننگا کرنے والا ـ عرياں کرنے والا
nakedly ,واضح طور پر ـ صاف صاف
nakedness ,پوست کنده هونا ـ بے پردگي ـ برهنگي
namable ,عرفيت کے قابل
nambypamby ,مرصبع ـ بے لطف عبارت
name ,نام ـ اسم ـ عرفيت ـ لقب ـ کنيت ـ تخلص ـ خاندانـ آبرو
nameable ,نام رکھنے کے قابل ـ نامزد کرنے کے قابل ـ بيان کرنے کے قابل
nameless ,بے نام ـ بے ذکر
namely ,يعني ـ مثلاَ
namer ,نام لينے والا
nankeen ,نانکين ـ ايک قسم کا زردي مائل سوتي کپڑا
nanny ,بکري ـ بچه کي دايه
nap ,آنکھ لگنا ـ اونگھنا ـ هلکي نيند
napalm ,پيٹرول کي جيلي
nape ,گردن پچھلا حصه ـ منکا ـ گدي ـ قفا
napery ,دستر خواني ـ ميز پوشي
naphtha ,آتش گير تيل
naphthalene ,نفطي ماده جو رنگوں ميں استعمال هوتا هے ـ نفظين
naphthalize ,نفظي گولياں رکھ کر يا تيل رکھ کر جراثيم سے پاک کرنا
napkin ,ميز کا رومال ـ دست مال
napoleon ,فرانس کا مشهور بادشاه
napoleonic ,نپولين کے متعلق
napoo ,ارے غائب هوگيا ـ ارے گيا ـ ختم
nappy ,بچے کا رومال
napu ,جاوا ـ سماٹرا کا مشکي هرن
narcissism ,خود پرستي ـ وجوديت
narcissist ,خود پرست
narcissus ,نر گس
narcolepsy ,ايک مريض جس ميں نيم خوابي کے دورے پڑتے هيں ـ خوابي دورے
narcosis ,سن هوجانا ـ بے حس هوجانا
narcotic ,نشه آور ـ خواب آور دوا
narcotization ,بے حس ـ غشي
narcotize ,بے حس کرنا ـ غنودگي طاري کرنا
nard ,ايک پودا جس سے خوشبودار روغن نکلتا هے
nark ,جاسوس
narrate ,روايت کرنا ـ بيان کرنا ـ نقل کرنا ـ تذکره کرنا
narrater ,بيان کرنے والا
narrating ,بيان
narration ,بيان ـ تذکره ـ حکايت
narrative ,کهاني ـ تذکره
narrator ,بيان کرنے والا
narrow ,رنگ ـ کم چوڑا ـ کم حوصله ـ کم ظرف ـ کم کر دينا
narrower ,کم کر دينے والا
narrowish ,کسي قدر تنگ
narrowminded ,کم ظرف ـ اوچھا ـ متعصب
narwal ,ايک سينگ والي مچھلي
narwhal ,ايک سينگ والي مچھلي
nasal ,ناک کا ـ ناک سے ادا هونے والا لفظ
nasalisation ,حرف کو ناک سے ادا کرنا
nasalise ,غنه بنانا
nascent ,پيدا هونے والا ـ ابھرتا هوا
nastiness ,گھناؤ پن ـ آلودگي
nasty ,غليظ ـ گندا
natal ,پيدائشي ـ مادر ذات ـ جنم کا
natality ,شرح پيدائش
natation ,شناوري ـ تيراکي
natatorial ,تيرتا هواـ تيرنے والا ـ تيرا کي کے متعلق
nation ,قوم ـ ملت
national ,هم قوم لوگ ـ هم قوم افراد ـ وطن دوست
nationalism ,ملت پروري ـ قوم پروري ـ قومي آذادي
nationalist ,قوميت کا حامي
nationality ,قومي رنگ ـ قومي صفات ـ قشم ـ نسل ـ قومي جوش
nationalization ,سخصي املاک کو قومي بنانا
nationalize ,قوم ميں داخل کرنا ـ قومي بنانا
nationally ,قومي طور پر
nationhood ,قوميت
nationless ,بے قوم
native ,ديسي ـ ملکي ـ وطني ـ پيدائشي ـ باشنده رهنے والا ـ رهنيوالا ـ ذاتي ـ فطري ـ خالص
nativity ,ميلاد مسيح ـ ميلاد مريم ـ ميلاد يوحنا
natron ,خام شوره
natterjack ,زده دھاريوں والا برطانوي مينڈک
nattiness ,چابک دستي
natty ,چابک دست ـ هوشيار ـ صاف ـ ستھرا
natural ,طبعي ـ قدرتي ـ ذاتي
naturalism ,طبعي حالت ـ طبعي اخلاق يا مذهب
naturalist ,علم طبيعات کا ماهر
naturalization ,قوم ميںداخل کرنا
naturalize ,ديسي ها ملکي بنانا ـ کسي غير ملکي کو حقوق قوميت ادا کرنا ـ قوم ميں داخل کرنا
naturally ,قدرتي طور پر
naturalness ,حقيقي پن ـ قدرتي پن ـ بے ساختگي
nature ,ترکيب ـ ساخت ـ فطرت ـقسم ـ ڈھنگ ـ فطري صفات
naught ,کچھ نهيں ـ لاشے ـ صفر ـ ناچيز
naughtiness ,شوخي ـ شرارت
naughty ,شرير ـ بيهوده
nausea ,متلي ـ طبيعت کي مالش
nauseate ,جي متلانا ـ کھانے سے کراهت هونا ـ متلي هونا ـ قے آنا
nauseating ,متلي پيدا کرنے والي
nauseous ,قے آور ـ متلي پيدا کرنے والي
nautch ,ناچ ـ طوائف کا ناچ
nautical ,جھاز راني کے متعلق
naval ,جھازي ـ بحري ـ سمندري
navigable ,جھاز راني کے قابل ـ قابل پرواز
navigably ,جھاز راني
navigate ,جھاز چلانا ـ بحري سفر کرنا
navigation ,جھاز راني ـ بحري سفري
navigator ,جھاز ران
navvy ,کھدائي کرنے والا مزدور
navy ,جنگي جھازوں کا بيڑا ـ بحريه ـ بحري طاقت
navyblue ,گھرے نيلے رنگ کا
nawab ,نواب ـ تعلقدار ـ عهده دار
nay ,نهيں  بالکل نهيں
nazarene ,نصراني ـ عيسائي
nazarite ,نزراتھ کا باشنده
naze ,خاکنائے ـ خشکي کا وه حصه جو دور تک پاني ميں چلاگيا هو
neal ,تپانا ـ تاؤدينا
neap ,چاند کي ساتويں يا تئيسويں تاريخ کي مدـ هلکي مد
near ,پاس ـ نزديک ـ فريب
nearer ,قريب ترين
nearest ,سب سے قريب
nearish ,کسي قدرے قريب
nearly ,قريب قريب
nearness ,قربت
nearsighted ,جس کي دور کي نظر خراب هو
neat ,پاک ـ صاف ـ ستھرا ـ نفيسـ خوش طبع
neatness ,صفائي ـ نفاست
neb ,نوک ـ ناک ـ چونچ
nebula ,آنکھ کا جالا ـ ستارون کا گچھا
nebular ,سديمي ـ ستاروں کا
nebulous ,سديمي ـ دھندلا
necessarian ,قائل تقدير ـ جبر و تقدير کا قائل
necessaries ,ضروريات ـ لوازم حيات ـ ساز و سامان
necessarily ,لازمي طور پر
necessary ,ضروري ـ لازمي
necessitarian ,عقيده جبر و قدر کا قائل ـ جبريه
necessitate ,ضروري بنانا ـ لازمي کرنا
necessitous ,محتاج ـ حاجت مند
necessity ,ضرورت ـ حاجت
neck ,گردن ـ تنگ راسته
necklace ,هار ـ گوبند
necklet ,گلے کا زيور ـ سمور کا گلو بند
necrology ,رجسٹر مرحومين
necromancer ,جادوگر
necromancy ,جادو گري
necropolis ,قبرستان
necrosis ,هڈي کا گل جانا
nectar ,آب حيات ـ آب حيوان ـ ديوتاؤ کا مشروب
nectarine ,ايک قسم کي شيريں ناخ
nectary ,پودوں يا پھولوں کا وه حصه جس ميں رس هوتا هے
neddy ,گدھا
nee ,بنت ـ شادي سے پهلے عورت کے پيدائشي نام کو ظاهر کرتا هے
need ,احتياج ـ حاجت مندي ـ ضرورت ـ غرض
needed ,ضرورت مند
needful ,لازم ـ واجب  ـ ضروري
needfulness ,مفلسي ـ تنگ دستي
neediness ,حاجت مندي ـ تنگ دستي
needle ,سوئي ـ سوا
needless ,غير ضروري ـ بيکار ـ بے فائده
needments ,ضرورت کي چيزيں ـ ضروريات سفر
needs ,حاشا وکلا ـ هر گز نهيں
needy ,شکسته حال ـ تنگ دست ـ حاجت مند
nefarious ,شوير ـ فاسد ـ بد معاش
nefariously ,بد معاشي
negate ,انکار کرنا ـ ترديد کرنا
negater ,انکار کرنے والا ـ ترديد کرنے والا
negation ,ترديد ـ نفي ـ انکار
negationist ,وه شخص جو مسلمه عقائد سے انکار کرے اور دوسرے عقائد پيش نه کرے
negative ,حرف نفي ـ ترديد بياني ـ انکار کرنا ـ نامنظوري کرنا
negatively ,منگي کرتے هوئے
negativeness ,انکاره هونا ـ ترديدي هونا
negativism ,مذهب کا انکار
negator ,انکار کرنے والا ۔ نفی کرنیوالا ۔
neglect ,خيال نه کرنا ـ غفلت کرنا
neglecter ,خيال نه کرنے والا ـ غفلت برتنے والا
neglectful ,غافل ـ کاهل
neglectfully ,غفلت سے
neglectfulness ,غفلت شعاري
neglecting ,غفلت
neglectingly ,غفلت کرتے هوئے
neglector ,غفلت برتنے والا
negligee ,ناقابل لحاظ ـ ڈھيلا ڈھالا ـ بے تکللف لباس
negligence ,بے پروائي ـ بے توجھي
negligent ,بے پروا ـ غافل
negligently ,غفلت سے
negligible ,نظر انداز کرنے کے قابل
negotialble ,قابل گفت و شنید ۔
negotiate ,معامله کرنا ـ مصالحت کي گفتگو کرنا ـ گفت و شنيد کرنا
negotiation ,تبادلانه خيال
negotiator ,معامله کرنے والا ـ گفت و شنيد کرنے والا
negress ,حبشن
negrillo ,پست قامت حبشي
negro ,حبشي
negroid ,حبشيوں جيسا
negrophil ,حبشي پسند شخص ـ حبشيوں کو دوست رکھنے والا
negus ,فرمانر وائے حبشه
nehru ,نهرو
neigh ,پنهنانا
neighbor ,پڑوسي
neighborhood ,پڑوسي کے لوگ ـ قرب و جوار
neighboring ,قريب کا
neighborliness ,پڑوسي کے ساتھ دوستانه سلوک کرنا
neighborly ,شفيق ـ ملنسار
neither ,کوئي بھي نهيں ـ نه يه نه وه
nek ,گھائي ـ وادي
nemesis ,بد اعمالي کي سزا ـ انتقام الهي
nenupher ,گل نيلوفر ـ کنول
neolithic ,آخري دور حجري کا ـ پتھر کے زمانے کا
neologian ,الهيات ميں معقوليت پسند انسان ـ اجتهادي
neologism ,ديني عقائد ميں عقليا ت کا دخل ـ معقوليت
neologist ,اجتهاد کرنے والا
neologize ,نئے الفاظ اور نئے عقيدے مذهب ميں داخل هونا
neon ,نين ايک نئي گيس
neophyte ,مذهب تبديل کرنيوالا ـ نو مريد
neoteric ,جديد ـ نيا
nepenthe ,ايسي دوا جو غموں کو بھلا ديتي هے ـ غم فراموشي
nephalism ,شراب نويسي قطعي پرهيز
nepheloid ,ابر آلود ـ غبار آلود
nephew ,بھتيجا ـ بھانجا
nephology ,بادلوںکا علم ـ علم سحاب
nephralgia ,گردوں کے فعل کا مطالعه
nephritic ,گردوں کے متعلق
nephritis ,ورم گرده
nepotism ,اقربا پروري ـ خويش نوازي
nepotist ,عزيز نواز ـ اقربا پرور
neptune ,نيبتون سياره
nereid ,ساگر ديوتا ـ خيالي مخلوق جو نصف اور نصف سمندري گھوڑے پر سوار هے ـ جل ديوي
nero ,ظالم ـ بے رحم
neroli ,روغن نارنج ـ نارنگي کا تيل
neronian ,نيرو صفت ـ نيرو کي مانند
nervate ,رگوں والا
nerve ,رگ ـ نس ـ پٹھا ـ زور ـ بل
nerveless ,کمزور ۔ ناتواں ۔
nervine ,اعصابي کمزوري کي دوا
nervous ,اعصابي ـ پٹھوں کا ـ طاقت ور ـ بے چين
nervously ,گھبراهٹ کے ساتھ
nervousness ,گھبراهٹ
nervy ,مضبوط ـ قوي ـ نڈر ـ بيچينـ هيبت ناک
nescient ,بے علم ـ نادان ـ جاهل
ness ,راس ـ خاکنائے
nest ,آشيانه ـ گھونسلا ـ گھر
nestle ,گھونسلا ميں آرام سے رهنا
nestling ,بے بال و پر بچه ـ پرنده کا بچه جو ابھي اڑ نه سکے
nestor ,پير دانشمند ـ بزرگ
net ,جال ـ دام ـ جال دار چيز
nether ,نيچے کا ـ زيريں
netherlands ,نيدر لينڈ
nethermost ,سب سے نيچے کا
netherward ,نيچے کي طرف
netless ,بے جال
netlike ,جال کي طرح
netsuke ,ايک يوتام نما زيور
nett ,خالص
netted ,جال ميں پھنسا هوا
nettle ,بچھو بوئي کي جھاڑي ـ خار دار جھاڑيوں والا پودا
network ,جالي کا کام ـ جال
neural ,عصبي ـ اعصابي
neuralgia ,اعصابي درد
neurotic ,خلل اعصان کا مريض
neuter ,نه مذکر نه مؤنث ـ بے جنس ـ الگ ـ عاقر ـ خصي جانور
neutral ,غير جانب دار ـ بے تعلق
neutrality ,بے تعلقي ـ عليحدگي ـ غير جانب داري
neutralization ,بے اثر کر دينا ـ عرصه جنگ سے باهر قرار دينا
neutralize ,غير جانب دار بنا دينا ـ بے اثر کر دينا
neutralizer ,غير جانب دار بنانے والا
never ,کبھي نهيں ـ بالکل نهيں ـ يه ممکن نهيں
nevertheless ,اسکے باوجود ـ اسکے بعد بھي
new ,نو ـ نيا ـ تازه ـ نراله
newcomer ,نو وارد
newel ,چکر دار زينے کا مرکزي کھمبا
newfangled ,نئي چيزوں کا شوقين ـ ندارت پسند
newfashioned ,نئي وضع کا ـ نئي طرز کا
newgate ,لندن کا مشهور جيل خانه
newish ,کسي قدرے نيا ـ قدرے نيا
newly ,ابھي حال ميں ـ تھوڑے دن هوئے ـ از سر نو
newness ,نو واقفيت ـ تازگي ـ جدت
news ,تازه خبر ـ نئي خبر ـ خبريں
newsagent ,اخبار فروش
newsboy ,اخبار والا لڑکا
newscast ,خبريں دينا
newscaster ,خبريں دينے والا
newsman ,اخبار والا
newsmen ,اخبار والے
newsmonger ,بے پر کي اڑنے والا ـ گپ باز
newspaper ,اخبار
newspaperman ,اخبار والا
newspapermen ,اخبار والے
newspaperwoman ,اخبار والي
newsprint ,خبريں چھاپنا
newsrooms ,خبروں کا کمره
newsy ,خبروں سے بھرا
newt ,ايک قسم کا سمندري جانور
newtonian ,نيوٹن کا هيرو
next ,قريب ـ متصل ـ دوسراـ برابر کا
nextdoor ,دوسرا دروازه
nexttonothing ,کچھ بھي نهيں
nexus ,علاقه ـ رشته ـ تعلق
niagara ,آبشار ـ سيلاب ـ شور ـ غل
nib ,نب ـ چونچ نوک ـ قلم بنانا ـ نب لگانا
nibble ,کترنا ـ کاٹنا ـ عيب جوئي کرنا
nibbler ,عيب جوئي کرنے والا
niblefooted ,تيز رو ـ تيز قدم
niblick ,گلف کا چوگان جس کي شام وزني هو
nice ,عمده ـ نفيس ـلذيذ ـ خوش ذائقه ـ خوش اخلاقي
nicely ,عمدگي سے
niceness ,لظافت ـ نزاکت
nicety ,غير معمولي ـ چھان بين ـ احتياط ـ باريکي
niche ,طاق ـ جھروکا ـ طاق ميں مجسمه رکھنا
niched ,طاق ميں رکھا هوا
nicish ,نفيس سا ـ نازک سا
nick ,نشان لگانا ـ تاڑ لينا ـ گرفتار کرنا ـ داؤ کرنا
nickel ,ايک قسم کي سفيد دھات
nickelsilver ,ايک سفيد دھات
nicker ,اچکا ـ جو کھڑکي توڑ کر کوئي چيز چرالے
nicknack ,چھوٹي چيزيں
nickname ,عرفي نام ـ کوئي نا م رکھ لينا
nicotian ,تمبا کو کے متعلق
nicotine ,تمباکو کا زهر
nictate ,آنکھ جھپکنا ـ آنکھيں کھولنا اور بند کرنا
nictation ,آنکھ کي جھپک
nicy ,بچوں کي زبا ن ميں چيزـ مٹھائي
nid ,بزدل انسان ـ ڈرپوک ـ کمينه
nide ,ولائتي تيتر کے بچوں کا جھول
nidificate ,گھونسلا بنانا ـ بچے دينا ـ آشيانه بنانا
nidus ,کيڑے مکوڑے کے انڈے دينے کي جگه
niece ,بھانجي ـ بھتيجي
niello ,سياه مساله جو چاندي يا کسي دھات کے نقوش کے اندر بھرا جاتا هے
nigeria ,نائجيريا
nigerian ,نائجرئين
niggard ,کنجوس آدمي ـ بخيل
niggardliness ,تنگ دلي ـ کنجوس
niggardly ,تنگ دل
nigger ,زنگي ـ حبشي
niggle ,معمولي باتوں پر وقت ضائع کرنا
niggler ,چھوٹي چھوٹي باتوں ميں وقت ضائع کرنے والا
niggling ,چھوٹي ـ گھٹيا ـ غير اهم
nigh ,نزديک ـ قريب ـ پاس
night ,رات ـ شب
nightbird ,چمگاڈر
nightblindness ,رتوندھا
nightbrawler ,رات کو جھگڑا کرنے والا
nightcap ,رات کو پهننے کي ٹوپي
nightcart ,غلاظت اٹھانے کي گاڑي
nightclothes ,رات کو پهننے کے کپڑے
nightclub ,نائٹ کلب
nightdress ,رات کا لباس
nightfall ,آغاز شب ـ شام
nightfaring ,رات کا مسافر
nightfire ,چھلاوا
nightfly ,جگنو
nightfoundered ,رات ميں کھو جانے والا
nightglass ,رات کي دوربين
nightgown ,رات کا لباده
nighthag ,چڑيل
nightingale ,بلبل ـ هزار داستان ـ عندليب
nightly ,پر رات ـ رات کو واقع هونے والا
nightman ,بھنگي ـ مهتر
nightmare ,ڈراؤنا خواب
nightshade ,مکورے کا پودا
nightshirt ,رات کي قميض
nightsoil ,پاجامه
nightspell ,رات کي دعا ـ منتر
nightterrors ,بچوں کا نيند ميں چونک جانا
nightwalk ,رات ميں چلنا
nightwalking ,نيند ميں چلنا
nightward ,رات کے وقت
nightwatch ,رات کے پهرے دار
nighty ,شب خوابي ـ بچوں يا عورتوں کے سونے کا لباس
nigrescent ,سياهي مائل ـ کالا سا
nigritude ,باريکي ـ سياهي
nihil ,کچھ نهيں
nihilism ,مذهبي عقائد کا انکار ـ مذهب انکار
nihilist ,منکر خدا ـ کافر
nihility ,دنيا کي بے حقيقي
nike ,فتح و ظفر کي ديوي
nil ,صفر ـ خالي ـ کچھ نهيں
nilometer ,دريائے نيل کي سيلابي بلندي ناپنے کا مينار
nimble ,چست چالاک ـ پھرتيلا ـ ذهين
nimblefingered ,چور ـ جيب کترا
nimblefooted ,تيز رو ـ تيز قدم
nimbleness ,تيز فهمي ـ چاکبدستي ـ پھرتي
nimblewitted ,ذهين ـ تيز عقل
nimbly ,جلدي سے
nimbus ,نور کا پاله
niminypiminy ,بناوٹي ـ مصنوعي
nimrods ,بھت بڑا شکاري ـ کھلاڑي
nincompoop ,بيوقوف ـ لچر انسان ـ بد چلن
nine ,نو کا عدد
ninefold ,نو گنا
nineholes ,نو خانوں کا کھيل
nineteen ,انيس
nineteenth ,انيسواں
ninety ,نورے
ninny ,بد چلن ـ بد سيرت
ninth ,نواں حصه
ninthly ,نويں مرتبه
niobe ,وه عورت جو اپنے مرحوم عزيزوںکا هميشه ماتم کرتي هے
nip ,چٹکي لينا ـ نوچ لينا ـ دبانا ـ کترنا ـ تکلف دينا
nipcheese ,کنجوس
nipper ,تکلف دينے والا ـ چٹکي لينے والا
nipping ,تکلف ده سردي
nipple ,بھٹي ـ سرپستان ـ گھنڈي
nit ,ليکھ
nithing ,شرير ـ بد ذات
nitid ,روشن ـ چکميلا ـ آراسته
nitrate ,ايک قسم کا تيزابي عنصر
nitration ,تيزابي عنصر
nitre ,شوره
nitric ,شوره دار
nitricacid ,شورے کا تيزاب
nitrification ,شورے بنانے کا عمل
nitrify ,شوره بنانا
nitrogen ,نائٹروجن ـ شورپن
nitrous ,شورے کا
nix ,ديکھو هوشيار مالک آرها هے
nizam ,بھارت کے قبضے سے پهلے حيدر آباد کے حکمران کا لقب نظام تھا
no ,نهيں ـ کوئي نهيں
noaccount ,کسي کام کا نهيں
noah ,حضرت نوح عليه السلام
nob ,طبقه امرا کا فرد
nobble ,ساز باز کرکے اپنا طرف دار بنا لينا
nobbler ,ساز باز کرکے طرفدار بنا لينے والا
nobel ,شريف ـ نيک
nobility ,شرافت ـ نجابت
noble ,امير زاده ـ عالي شان ـ عالي ظرف ـ نجيب
nobleman ,شريف
noblemen ,شريف اشخاص
nobleness ,بڑائي ـ بزرگي ـ نجابت
noblewoman ,نيک عورت
nobly ,شريفانه
nobody ,کوئي نهيں
nocent ,مضر ـ زياں کار
nock ,کمان پر تانت چڑھانا
noctambulation ,رات ميں يا نيند ميں چلنا
noctule ,جزائر برطانيه کي سب سے بڑي چمگاڈر
nocturnal ,رات ميں ـ رات کا
nocturne ,کسي تصوير کا رات کا منظر
nocuous ,مضر ـ زياں کا رانه
nod ,سر هلانا ـ سر کے اشارے سے سلام کرنا ـ سر ختم کرنا
nodal ,گره يا گلٹي سے متعلق
noddle ,سر ـ کھوپڑي ـ سر هلانا
noddy ,بے وقوف ـ احمق ـ گاؤدي
node ,گره ـ گانٹھ ـ گومڑه
nodose ,گٹھيلا ـ گانٹھ دار
nodosity ,گانٹھ دار يا گره دار هونا
nodoubt ,بلا شبه
nodular ,گره دار
nodulation ,گره يا گلٹي دار هونا
nodule ,دنبل ـ گره
nodulous ,گانٹھ والا ـ گره دار
nodus ,مشکل مسئله ـ مشکل کام ـ عقده
noetic ,عقلي ـ خالص ذهني ـ مفکر
nog ,لکڑي کا کنڈا ـ ميخ
noggin ,کاٹھ کي چھوٹي پيالي ـ شراب کا چھوٹا پياله
noggings ,لکڑے کے چوکھٹے ميں اينٹوں کي چنائي
noggs ,تيز قسم کي شراب
noise ,بانگ آواز ـ شور ـ غل ـ هلڑ
noiseless ,خاموش ـ ساکت
noiselessness ,کوت ـ خاموشي
noisemaker ,شور کرنے والا
noisette ,ايک قسم کا گلاب
noisily ,شور و غل سے
noisiness ,فساد پن ـ پر شور هونا
noisome ,ناگوار ـ مضر ـ تکلف ده
noisomeness ,قابل اعتراض بدبو ـ برائي
noisy ,غل مچانے والا ـ فسادي
nojoke ,يه مذاق نهيں
nokes ,گاؤدي ـ احمق
nolens ,چار و ناچار ـ جبر اـ مجبوري سے
noll ,سر کا بالائي حصه ـ سر
nom ,نام
nomad ,خانه بدوش
nomadic ,خانه بدوش ـ بے گھر در کا
nomadize ,صحرا نوردي کرنا ـ خانه بدوش هونا يا کرنا
nomenclator ,قديم روم کا حاجب غلام جو مدعونين کو اپني نشستوں پر بٹھائے
nomenclature ,فرهنگ ـ فهرست
nominal ,برائے نام
nominalism ,يه نظريه که اسما کليات کا حقيقي وجود نهيں هے وه صرف نام هيں
nominally ,نام کو ـ برائے نام
nominate ,نامزد کرنا ـ انتخاب کرنا ـ نام تجويز کرنا
nomination ,نامزدگي
nominative ,حالت فاعلی ۔
nominator ,مقرر کرنے والا ـ نامزد کرنے والا
nominee ,نامزد کيا هوا شخص
nomocracy ,منتخب لوگوں کے ذريعے حکومت
nomology ,ذهني قوانين کا علم
non ,نهيں
nonage ,نابالغ ـ لڑکپن ـ خرد سالي
nonagenarian ,نوے سال کي عمر آدمي
nonagon ,نو ضلعوں يا نو زاويوں کي شکل
nonappearance ,عدم موجودگي
nonattendance ,غير حاضري
nonce ,موجوده وقت ـ محل ـ موقع
nonchalance ,سرد مهري ـ بے پروائي
noncommissioned ,جو عهده دار نه هو
noncompliance ,نافرمائي ـ عدم تعميل
noncompos ,مضبوط الحواس
noncomposmentis ,ديوانه ـ سڑي
nonconformist ,منحرف ـ غير مقلد
nonconformity ,اختلاف ـ انحراف
nondescript ,ناابل بيان ـ آدھا تيتر آدھا بٹير
none ,کوئي نهيں ـ نهيں کوئي نهيں
nonentity ,نيستي ـ عدم ـ بے حقيقت شخصـ فرضي
nones ,سه پهر کي روزانه عبادت
nonesuch ,لاثاني ـ لاجواب ـ بے نظير ـ بے بدل
nonet ,ايسا گيت جس کو نه آدمي گائيں
nonexistence ,لوجوده ـ نيستي ـ عدم
nonexistent ,جس کا وجود نه هو
nonfulfillment ,پورا نه هونا ـ تعميل نه کرنا
nonintervention ,عدم مداخلت
nonjuring ,وفاداري کي  قسم نه کھانے والا
nonpareil ,بکنا ـ لاثاني ـ لاجواب
nonpayment ,عدم ادائيگي
nonperformance ,عدم کاري
nonplus ,حيراني ـ پريشاني ـ تشويش
nonproficient ,نااهل
nonresident ,وه پادري جو اپنے حلقه ميں بود و باش نه رکھے اپنے حلقے سے دور هنے والا
nonresistance ,عدم مزاحمت
nonresistant ,غير مزاحم
nonsense ,بے معني باتيں ـ مهمل خيالات ـ لغويات
nonsensical ,بے معني ـ لغور
nonsparing ,سنگدل ـ بے رحم ـ معاف نه کرنے والا
nonus ,کسي اسکول کے هم نام لڑکوں ميں عمر يا جماعت کے لحاظ سے نواں
noodle ,احمق ـ ساده لوح ـ بيوقوف
noodledom ,بيوقوفي ـ ساده لوحي
nook ,گوشا ـ کونا ـ الگ تھلگ
nookshotten ,گوشه دار
noon ,دوپهر
noonday ,عروج کا وقت
nooning ,دوپهر کا آرام
noontide ,دوپهر کا وقت
noontime ,دوپهر کا وقت
noose ,پھندا ـ پھانسي ـ گردن ميں رسي ڈالنا
nooser ,پھندا ڈالنے والا
nor ,اور نهيں ـ نه وه نه يه ـ نه تو
nordic ,فرنگيوں کي ايک نسل
norland ,خطه شمالي ـ ارض شمالي
norm ,قاعد ه ـ نمونه ـ مکمل مثال
normal ,باقاعده ـ حسب معمول ـ طبعي حالت
normality ,معمول هونا ـ باقاعدگي
normalization ,باقاعده بنانا
normalize ,طبعي حالت پرلانا ـ معمول بنانا
normalizer ,معمول بنانے والا
normally ,طبعي طور پر
normalschool ,استادوں کي تعليم کا مدرسه
normamism ,نارمن طرز زندگي
norman ,نارمن نسل کا فرد
normanize ,نارمن بنانا
norn ,تقدير کي ديوي
norse ,ناورے کا باشنده
norseman ,ناورے کا باشنده
north ,شمال
northeast ,شمال مشرق
northeaster ,شما ل کي مشرق کي هوا
northeasterly ,شمالي
northeastern ,قطب شمالي
norther ,تيز سرد شمالي هوا
northerly ,شمال سے چلنے والي هوا
northern ,شمال کا
northerner ,قطب شمالي کا
northernlight ,آسماني روشني
northings ,شمال کي جانب سفر
northpole ,قطب شمالي
northumbrian ,موجوده نارتھمبر لينڈ اور قديم نارتھمبر کا باشنده
northward ,شمالي هوا
northwardly ,شمالي هوا
northwest ,شمال مغرب
northwesterly ,شمالي مغربي هوا
northwestern ,شما ل مغربي
norway ,ناروے
norwegian ,نارسے کا باشنده
nose ,ناک ـ قوت شامه ـ سونگھنے کي قوت ـ منه ـ دھانه
nosegay ,گلدسته
noser ,تيز اور تند مخالف هوا
nosography ,تشريحي بيان امراض
nosology ,علم تشخيص امراض
nostalgia ,فرقت وطن کي بيماري
nostoc ,ايک قسم کي کائي
nostradamus ,غيب کي باتيں بتانے والا پيشه ور ـ نجومي ـ رمال
nostril ,نتھنے 
nostrum ,عطائي دوا
nosy ,بڑي ناک والا ـ بد بودار
nosyparker ,دوسروں کو معاملے ميں دلچسپي لينے والا
not ,نهيں ـ نا ـ مت
notabene ,ديکھو غور کروت
notability ,نامور شخص
notable ,نماياں ـ ممتاز ـ مستعد
notably ,ياد گار کے طور پر
notarial ,نظارت کے متعلق
notary ,دستاويزات اور دوسرے کاغذات کي تصديق کرنے والا
notate ,اعداد کو علامات ميں لکھنا
notation ,علامت نويسي
notch ,دندانه ـ موکھا ـ شگاف ـ نشان لگانا
notcher ,نشان لگانے والا
notchy ,نشان دار ـ دندانے دار
note ,نشان ـ علامت ـ خصوصيات
notebook ,ياداشت کي کتاب
noted ,نامور ـ مشهور ـ ممتاز
notedly ,ياداشت سے
noteless ,غير معروف ـ ناقابل لحاظ
noteofhand ,دستاويز ـ دستخطي تحرير
notepad ,ياداشت لکھنے کا پيڈ
notepaper ,خط لکھنے کا کاغذ
noter ,غور کرنے والا
noteworthy ,قابل غور ـ قابل ذکر
nothing ,کچھ نهيں ـ لاشے ـ ذرا بھي نهيں
nothingarian ,ديرينه ـ لامذهب
nothingness ,نيستي ـ فنا ـ عدميت
notice ,اعلان ـ اشتهار
noticeable ,قابل غور
notifiable ,جس کي اطلاع محکمته متعلقه کو دينا ضروري هو
notification ,اطلاع ـ خبر
notify ,اعلان کرنا ـ اطلاع دينا
notion ,قياس ـ رائے ـ نظريه
notional ,فرضي ـ  خيال پرست ـ وهمي
notionally ,خيالي طور پر
notitia ,فهرست ـ عهده داران سرکار
notoriety ,انگشت نمائي ـ بد نامي ـ شهرت
notorious ,مشهور ـ معروف ـ بدنام
notre ,پيرس کا مشهور گرجا
notwithstanding ,باوجوديکه ـ هر چند ـ تاهم
nought ,بے حقيقت ـ کچھ نهيں
noun ,نام ـ اسم ـ اسم ذات
nourish ,پرورش کرنا ـ پالنا ـ تعليم دينا
nourisher ,پرورش کرنے والا
nourishing ,قوت بخش ـ مقوي
nourishment ,غذا ـ قوت ـ خوراک
nous ,عقل ـ ذهن ـ سمجھ
novel ,ناول ـ مختصر افسانه
novelese ,افسانه کي زبان يا طرز بيان
novelette ,چھوٹا ناول
novelist ,افسانه نگار ـ ناول نويس
novelistic ,ناول کي طرز کا
novelization ,ناول رنگ ميں پيش کرنا
novelize ,ناول کے رنگ ميں پيش کرنا
novelty ,انوکھي چيز ـ انوکھي بات
november''s ,نومبر کا
november ,نومبر ـ گيارھواں مهينه
novenary ,مسلسل نووں کي ـ نو ک متعلق
novennial ,هر نويں سال آنے والا
novercal ,سوتيلي ماں کا ـ سوتيلي ماں جيسا
novice ,نو آموز ـ کار آموز ـ اميدوار
novitiate ,نوآموز ـ شاگرد
novocaine ,دوا جو جسم کے کسي حصے کو سن کردے
now ,اب ـ ابھي ـ اسي دم ـ اس وقت
nowadays ,آج کل کا ـ اسي زمانه کا
noway ,کسي طرح نهيں
nowhere ,کهيں نهيں
noxious ,موذي ـ مضر ـ فاسد
noxiousness ,مضر هونا ـ فساد
nozzle ,ناک ۔ تھوتھنی ۔
nuance ,شائبه ـ پهلو ـ نازک فرق
nub ,چھوٹا ٹکڑا
nubile ,شادي کے قابل عورت
nubility ,شادي کے قابل هونا
nuchal ,گد يکا ـ گردم کي پشت کا
nuclear ,جوهري
nucleus ,دم دار ستاريکا سر
nude ,ننگا ـ برهنه ـ عرياں
nudeness ,برهنه پن
nuder ,ننگا کرنے والا ـ عرياں هونے والا
nudge ,کهني سے اشاره کرنا ـ ٹھوکا دينا
nudger ,کهني سے اشاره کرنے والا
nudity ,برهنگي ـ عرياني
nugatory ,لاحاصل ـ بے اثر
nuggar ,ايک قسم کي چوڑي کشتي جو بالائي نيل ميں چلتي هے
nugget ,خام سونيکا ڈلا
nuisance ,مضر شيـ ضرر رسان چيز
null ,رد ـ باطل ـ منسوخ
nullandvoid ,مستر کيا هوا ـ منسوخ
nullification ,منسوخ هونا ـ مستر د کيا جانا
nullificator ,منسوخ کرنيوالا
nullify ,منسوخ کرنا ـ مستر دکرنا ـ بے اثر کرنا
nullity ,کالعدم يا باطل هونا ـ معدوميت
numb ,سن ـ بيحس ـ هوش گم کر دينا
number ,رقم ـ عدد ـ شمار ـ تعداد ـ گننا ـ گنتي کرنا ـ شمار کرنا ـ تعداد معلوم کرناـ شامل کرنا
numberable ,قابل شما رـ گنتي کے قابل
numberer ,شمار کرنيوالا
numbering ,شمار
numberless ,بے شمار
numbness ,سن هوجانا ـ بے حسي
numerable ,گنتي کے قابل
numeral ,گنتي کا ـ عد د کے متعلق
numeration ,عمل حساب گنتي
numerator ,گنتي کرنے والا ـ شمار کرنے والا ـ نمبر لگانيے والا
numerical ,عددي ـ عددکا
numerous ,زياده ـ بھت ـ وافر
numismatic ,سکوں کے متعلق
nummary ,سکوں ميں
numnah ,گھوڑے کي زين کا نمدا
numskull ,بے وقوف
nun ,ان گوشه نشيں ـ تهسيا کرنے والي ـ تاريک الدنيا عورت
nunbalanced ,مذبذب ـ غير متوازن
nunciature ,بابائے اعظم کي سفارت کا عهده
nuncio ,پوپ کا سفير
nuncupate ,زباني اقرار کرنا ـ زباني وصيت کرنا
nuncupation ,زباني وصيت
nuncupative ,زباني اقرار کرنے والا
nunhood ,بيرا گن هونا ـ تاريک الدنيا هونا ـ راهبه هونا
nunnation ,تنوين
nunnery ,اقامت خانه راهبات
nunnish ,راهبه صفت
nuphar ,زرد کنول کا پھول ـ گل نيلوفر
nuptial ,شادي کا
nuptially ,شادي ـ عروسي
nuptials ,رسوم شادي ـ نکاح ـ عقد
nurse ,پرورش کرنا ـ دايه ـ دودھ پلانا ـ تيمارداري کرنا
nurser ,پرورش کرنے والا ـ تيماداري کرنے والا
nursery ,بچوں کا کمره جھاں دايه کے ساتھ رهتے هيں
nursing ,دايه گيري
nurture ,پرورش ـ تعليم ـ غذا ـ خوراک
nurturer ,پرورش کرنے والا ـ تعليم دينيوالا
nurturing ,پرورش
nut ,سخت پوست کا گري دار ميوه ـ جوز ـ ڈلي
nutate ,جھک جانا ـ لڑھک جانا
nutation ,محور ارض کا جھکاؤ ـ کجي
nutmeg ,جوز
nutrient ,غٰذا کا کام دينے والا
nutriment ,مقوي غذا ـ قوت بخش
nutrition ,غذا ـ خوراک
nutritious ,مقوي ـ قوت بخش
nutritiousness ,مقوي هونا
nutritive ,غذا کا کام دينے والا
nutty ,جھاں کثرت سے نٹ هوں ـ لٹو
nuxvomica ,ايک درخت کا تخم ـ کچلا ـ فارس ماهي
nuzzle ,سونگھنا ـ سوں سوں کرنا ـ آرام سے ليٹنا
nuzzler ,سونگھنے والا
nyctalopia ,رتوندي ـ آنکھ کي بيماري جے ميں تيز روشني اچھي نه لگے
nyctitropic ,شب گرد ـ رات کو ايک سمت ميں مڑ جانے والا
nylghan ,نيل گائے
nylon ,نائلون
nymph ,پهاڑ ـ حور
nymphean ,پري وش ـ پري پيکر ـ حور مثال
nymphish ,حسين و جميل
nymphlike ,حسين و جميل
nympholepsy ,بے اقرار کر دينے والي خواهش ـ بے حد شوق
nympholept ,کسي چيز کي ديوانه
nymphomania ,عورتوں کي شديد جنسي خواهش
nystagmus ,دوران چشم کا مريض
