o,انگريزي حروف تھجي کا پندرھواں حرف
oaf,جني بچه ـ آسيبي بچه ـ بے عقل
oafish,احمق ساـ گدھا سا
oak,بلوط ـ شاه بلوط
oaken,اوک کا بنا هوا
oakland,آکلينڈ
oaklet,بلوط کا چھوٹا درخت
oakling,بلوط کا چھوٹا درخت
oakum,پرانے رسوں کا ريشه
oaky,بلوط سا سخت ـ مضبوط
oar,چپو ـ ناؤ کے کھينچنے کا ڈنڈا
oarage,کشتي چلانے کي مزدوري يا محصول
oarsmanship,کشتي راني
oary,چپو دار ـ چپو کي شکل کا
oasis,ريگستان ميں سر سبز مقام
oat,جو ـ جو کي قسم کے اناج
oaten,جو کے آٹے کا
oath,قس ـ حلف ـ خدا کو گواه کرنا
oatmeal,جنی کا آٹا ۔
obduracy,سر کشي ـ سنگدلي
obdurate,سخت ـ تند ـ روکھا
obdurately,ڈھٹائي سے ـ بے رحمي سے
obduration,بے رحم ـسر کش
obedience,تابعداري ـ حکمراني ـ اطاعت
obedient,فرمانبردار ـ تابع
obedientiary,خانقاه کے افسر اعلي کا نائب مددگار
obediently,تابعداري سے ـ فرمانبرداري سے
obeisance,کورنش ـ سلام ـ آداب
obelisk,مخروطي پتھر کا مينار
obelize,نشان تحريف لگانا ـ حاشيه لگانا
obelus,چوکنٹھا
obese,موٹاـ فريه ـ لحيم
obesity,موٹاپا
obey,حکم ماننا ـ فرمانبرداري کرنا
obeyable,حکم ماننے کے قابل
obeyer,حکم ماننے والا ـ فرمانبرداري کرنے والا
obfuscate,اندھيرا کرنا ـ تاريک کرنا ـ عقل گم کر دينا ـ حواس باخته کردينا
obfuscation,پريشاني ـ بدحواسي ـ ظلمت
obi,چکمدار چوڑا پٹا
obit,کسي محسن کي موت کو ياد کرنا
obiter,به سلسله کلام
obiterdictum,جج کي ذاتي رائے جو اس نے کسي مقدمے کے سلسلے ميں دي ھواوراسکي کوئي قانوني حيثيت نه ھو ـ اظھار خيالي
obituarist,اخباري وفات نگار ـ مرنے والے کا سوانح نگار
obituary,موت کي اطلاع يا اعلان ـ مرحوم کے متعلق
object,اعتراض کرنا ـ ترديد کرنا ـ روکنا ـ نا پسند ـ شے ـ چيز
objectant,اعتراض کرنے والا ـ ترديد کرنے والا
objectification,تشکيل
objectify,مادي شکل ميں پيش کرنا ـ تشکيل کرنا
objection,اعتراض ـ ترديد ـ ناپسند
objectionable,قابل اعتراض
objective,خارجي ـ حقيقي ـ مادي
objectiveness,شکل و صورت ـ بيروني حالت
objectivism,واقعيت پسند ي ـ خارجي حيثيت پر زور دينا
objectless,بيکار ـ بے مقصد
objector,اعتراض کرنے والا ـ متعرض
objectpoint,حمله کا مقام ـ منزل مقصود
objuration,حلف اٹھانا
objure,حلف اٹھانا ـ قسم کھانار
objurgalory,ملامت آميز ـ تنبيهي
objurgate,ملامت کرنا ـ تنبيه کرنا
oblate,وه شخص جو مذھبي زندگي کيلئے وقف ـ نارنجي کي شکل کا
oblation,احسان ـ مهربان ـ عنايت
obligable,پابند کرنے کے قابل
obligate,پابند کرنا ـ مجبور کرنا
obligation,احسان ـ مهر باني ـ عنايت
obligator,احسان کرنے والا ـ عنايت کرنے والا
obligatory,ضروري ـ واجب ـ لازمي
oblige,مجبور کرناـ  پابند کرنا ـ خوش کرناـ پاس کرنا
obligee,وه شخص جس کے حق ميں اقرار نامه لکھا جائے
obliger,اقرار کرنے والا ـ مجبور کرنے والا ـ پاس کرنے والا
obliging,خليق ـ بامروت
obligingly,مروت سے
obligingness,حسن اخلاق ـ خوش اخلاق
obligor,معاهده کرنے والا ـ ذمه داري لينے والا
oblique,غير متوازي ـ عمودي حالت سے جھکا هوا
obliquely,ترچھے راستے سے ـ آڑے طريقے سے
obliquity,غير مستقيم ـ ترچھا پن
obliterate,مٹا دينا ـ قلم زد کرنا ـ محو کر دينا ـ منسوخ کرنا
obliteration,نيست نابود کر ڈالنا
obliterator,مٹا دينے والا ـ نيست نابود کرنے والا
oblivion,بھول ـ فراموش ـ گم نامي
oblivious,بھولنے والا ـ فراموش کننده
obliviousness,بھول جانيکي عادت
oblize,نشان تحريف لگانا ـ نشان حاشيه لگانا
oblong,لمبوترا ـ بيضاوي ـ کتابي
obloquy,غيبت ـ بد گوئي ـ الزام ـ بهتان
obmutescence,خاموشي ـ چپ سادھنا ـ سکوت
obmutescent,چپ سادھنے والا ـ ضد سے چپ رهنے والا
obnoxious,قابل اعتراض ـ مکروه ـ برا ـ قابل نفرت
obnoxiousness,پر خطر هونا ـ بے هوده هونا
oboe,ايک قسم کي بانسري
oboist,بانسري بجانے والا
obscene,فحش ـ خلاف تهذيب ـ بے شرمي کا ـ گندا ـ ناپاک
obscenity,بے شرمي ـ آواره پن
obscurant,اصلاح ترقي کا دشمن ـ ظلمت پسند
obscurantism,قدامت پسندي
obscurantist,ظلمت پسند
obscuration,تاريکي ـ اخفا ـ ابهام
obscure,تاريک ـ اندھيرا ـ غير واضع
obscurer,پوشيده کرنے والا
obscurity,گم نامي ـ اندھيرا
obsequious,چابلوسي ـ خوشامدي ـ اطاعت چعار
obsequiousness,خوشامد ـ تابعداري
obsequy,اطاعت ـ فرمانبرداري
observable,قابل تعميل ـ قابل غور
observance,بجا آوري ـ پابندي ـ تعميل
observancy,التفات لحاظـ تکريم ـ معظيم ـ ادب
observant,پابند ـ تعميل کرنے والا ـ مشاهده کرنے والا
observation,مشاهده ـ توجه
observational,معائنه ـ مشاهده کے قابل
observatory,رصد گاه
observe,ديکھنا ـ غور کرنا ـ معلوم کرناـ مشاهده کرنا ـ پاس کرنا
observer,مشاھده کرنے والا ـ غور کرنے والا ـ ديکھنے والا
obsess,وهم خيال کا مسلط هو جانا
obsession,وهم کا غلبه ـ خيالي خطره
obsessional,محاصره کے متعلق
obsolescence,غير مستعمل هونا ـ مترو ک هونا
obsolescent,متروک هونے والا
obsolete,متروک ـ منسوخ ـ فرسوده
obsoleteness,غير مستقل هونا ـ متروک هونا
obsoletism,قديم رسم و رواج کي حمايت ـ متروکيت
obstacle,روک ـ آڑ ـ مزاحمت
obstetric,دايه گيري کے بابت ـ وضع حمل کے متعلق
obstetrical,دايه گيري کے متعلق
obstetrician,وضع حمل کا ماهر طبيب
obstetrix,زچگي کرانے والي ـ دائي
obstinacy,مرض کا پرانا هونا ـ خود رائي
obstinate,ضدي ـ خود رائے ـ سر کش
obstipation,سخت قبض
obstreperous,غوغائي ـ شور و غل مچانے والا ـ فسادي
obstreperousnes,شرط ـ عهد ـ پابندي
obstruct,روکنا ـ سد راه هونا ـ بند کرنا
obstructer,روکنے والا ـ بند کرنے والا
obstruction,مزاحمت ـ روک ـ رکاوٹ
obstructionism,ايوان کي کاروائيوں ميں مزاحمت کرنے کا طريقه
obstructionist,ايوان کي کاروائيوں ميں مزاحمت کرنے والا
obstructive,مزاحم ـ حائل ـ متعرض
obstructiveness,روک ـ مزاحمت ـ خلل اندازي
obstructor,رکاوٹ کھڑي کرنے والا ـ روکنے والا
obstruent,سد راه ـ مزاحم
obtain,حاصل کرناـ مهيا کرناـ مروج هوناـ بهم پھنچانا
obtainable,حاصل کرنے کے قابل
obtainer,حاصل کرنے والا ـ مهيا کرنے والا
obtainment,يافت ـ حصول
obtest,التجا کرنا ـ التماس کرناـ فرياد کرنا ـ دهاني دينا
obtestation,فرياد ـ احتجاج
obtrude,مخل صحبت هونا ـ خواه مخواه دخل دينا
obtruder,خواه مخواه دخل دينے والا
obtruncate,سر قلم کرنا ـ درخت کو قلم کرنا ـ چوٹي کاٹنا
obtrusion,زبردستي گھسنا ـ مداخلت بيجا
obtrusive,زبردستي دخل دينے والا
obtrusiveness,خواه مخواه دخل دينے کي عادت
obtund,کند کرنا ـ سست کرنا ـ سن کرنا ـ ماؤف کرنا
obturate,بند کرنا ـ مسدود کرنا ـ مهر لگانا ـ روکنا ـ نرم کرنا
obtuse,بے نوک ـ بھدا ـ کند ـ سست
obtuseness,سستي ـ بھدا پن
obtusion,کند هوناـ بھدا پن
obverse,اوپر سے چوڑا نيچے سے تنگ ـ معکوس
obverts,الٹ دينا ـ اوندھا کر دينا
obviate,باز رکھنا ـ مائع کرنا ـ دفع کرنا
obviator,باز رکھنے والا ـ دفع کرنے والا
obvious,ظاهر ـ عياں ـ آشکار ـ واضع ـ صاف
obviously,ظاهري طور پر
obviousness,واضع هونا ـ کھلا هوا هونا ـ  صفائي
ocarina,ايک قسم کا بيصوي باجا
occasion,وقت پر مشکلات کا مقابه کرنا
occasional,کبھي کبھي کا ـ اتفاقي
occasionalism,يه نظريه که اسباب و علل کے ظاهري تعلق ميں مشيت الهي کار فرما هے
occasionalist,مشيت الهي کا قائل ـ خدا کو فاعل مطلق ماننے والا
occasionality,اتفاقي طور پر واقع هونے والا
occasionally,خاص موقع پر
occident,مغربي ممالک ـ مغرب
occidental,مغربي تهذيب کا
occidentalism,مغربي تهذيب کي پيروي ـ مغربيت
occidentalize,مغربي تهذيب کا سراهناـ  مغربي خيالات کا پرچار کرنا
occiputs,پشت س ـ تنا
occlude,بند کرنا ـ روکنا
occlusion,جذب کرنا ـ روک دينا ـ بند کرنا
occlusive,بند کرنے والا ـ روکنے والا
occult,مخفي ـ پوشيده ـ پراسرار
occultation,حجاب ـ پوشيدگي ـ اخفا
occultism,پر اسرار چيزوں پر يقين کرنا
occultist,سحر پرست
occultness,پر اسرار حقيقت اخفا ـ پوشيدگي
occultsciences,پر اسرار علوم ـ علوم باطني
occupant,قابض ـ مکين ـ مصرف
occupation,کام ـ پيشه ـ قبضه ـ تصرف ـ کاروبار
occupative,قبضه کرنے والا
occupied,مقبوضه
occupier,قابض شخص
occupy,قبضه کرنا ـ قبضه ميں لينا ـ کسي مکان ميں رهائش کرنا ـ رهنا
occur,واقع هونا ـ سرزد هونا
occurrence,واقعه ـ حادثه ـ ماجرا ـ سانحه
ocean,بحر ـ سمندر
oceanic,بحري ـ سمندري
oceanid,بنت البحر ـ سمندر پري
oceanside,سمندري حصه
ocellate,آنکھ سا ـ دھبه دار
ocelot,بلي کي قسم کا جانور
ochlocracy,انبوه گردي ـ عاميانه حکومت
ochre,گيرو ـ هلکا بادامي رنگ
octachord,آٹھ تاروں کا ـ آٹھ تاروں کا باجا
octad,آٹھ چيزوںکا مجموعه
octagon,پشت پهلو ـ آٹھ کونيا
octahedron,آٹھ رخوں کي ٹھوس شکل
octangular,هشت زاويه
octant,پورے دائرے کا آٹھواں حصه
octarchy,آتھ چھوٹی حکومتوں کا مجموعہ ۔
octastyle,آٹھ ستونی عمارت ۔
octateuch,توريت کي پهلي آٹھ کتابيں
octave,کسي مذهبي تقريب کا آٹھواں دن ـ مشن
octavo,هشت ورقي
octennial,هشت ساله ـ آٹح سال کا
octet,آٹھ مصرعوں کا مجموعه
octillion,وه عدد جس ميں ايک کے هندسے کے بعد اڑتاليس صفر هوں
octingentenary,آٹھ سويں سالگره
october''s,اکتوبر کا مهينه
october,اکتوبر
octocentenary,آٹھ سويں سالگره
octogenarian,اسي برس کا آدمي
octonal,آٹھ آٹھ کا ـ ثماني
octonarian,هشت رکني مصرع
octonary,آٹھ مصروںکا نظم
octonocular,هشت چشم ـ آٹھ آنکھوں والا
octopus,ايک سمندري کيکڑا
octoroon,وه شخص جس ميں حبشي خون هو
octosyllable,آٹھ رکني نظم
octrol,محصول اجناس ـ محصول چنگي
octuple,آٹھ گنا
ocular,چشم ديد بصري ـ نظري
oculist,امراض چشم کا ماهر
od,ايک مفروضه قوت
oddish,بے ميل ـ عجيب
oddity,انوکھا آدمي
oddly,عجيب انداز سے ـ عجيب طرح سے
oddments,بچي کھچي چيزيں ـ متفرق چيزيں
oddness,انوکھا پن
odds,فرق ـ تفاوت ـ عدم مساوات ـ فساد ـ دنگا
ode,غزل ـ قصيده
odeum,روم و يونا ن  کا سرور خانه ـ کالا مندر
odin,ايک بڑا ديوتا
odious,مکروه ـ کريهه ـ برا ـ معيوب
odiousness,قابل نفرت هونا
odium,عام تنفر ـ کراهت
odoriferous,خوشبودار ـ معطر
odorous,خوش بو دار ـ عطر بيز
odour,بو ـ باس ـ بدبو
odourful,بدبودار
odourless,نه اچھي نه بري ـ بے بو
odyssey,هومر کي مشهور رزميه نظم
oecology,ديهاتي راگ
oedema,مريض جس ميں رگوں ميں پاني بھر جاتا هے
oedipus,معمے حل کرنے والا
oesophagus,حلق سے معدے تک کي نالي ـ نرخرا
oestrum,ايک بڑي قسم کا مچھر ـ محرک ـ جوش
of,کا ـ کي ـ کے ـ سے ـ پر ـ ميں
off,جدا ـ نکلا هوا ـ بڑھا هوا ـ دور ـ الگ ـ بالکل ـ خالي
offal,اوجھڑي
offalmilk,ادني درجه کا دودھ
offandon,کبھي کبھي
offence,ضرر ـ ايذا ـ دکھ
offend,بيزار کرنا ـ ناراض کرنا ـ دلگير کرنا
offender,بد عنواني کا مرتکب
offending,ناگوار ـ خلاف قانون
offensive,دل شکن ـ توهين آميز ـ نفرت انگيز
offensively,ناگوار طريقے پر ـ جارحانه انداز سے
offensiveness,گستاخي ـ توهين آميزي
offer,نذر کرناـ پيش کرنا ـ حاضر کرنا ـ نثار کرنا
offerable,قابل نذر ـ حاضرکرنے کے قابل
offeree,جسے پيش کيا جائے
offerer,پيش کرنے والا ـ نذر کرنے والا
offering,قرباني ـ نذر
offeror,نذر کرنے والا
offertory,نماز کے بعد خيراتي چنده جمع کيا جاتا هے
offhand,بے تکان ـ سرسري ـ بروقت ـ في البديهه
offhanded,بے لاگ ـ کھرا
office,عهده ـ اسامي ـ کام ـ خدمت ـ دفتر ـ شعبه ـ محکمه
officeholder,دفتر کا مالک
officer,افسر ـ عهده دار
official,عهده دار ـ سرکاري
officialdom,عهده داروں کي جماعت
officialism,سرکاري ضابطه
officially,قاعدے کے مطابق
officiate,قائم مقامي کرنا ـ عوضي کرنا ـ خدمت سر انجامدينا
officiation,عوضي ـ قائم مقامي
officiator,خدمت سر انجام دينے والا
officinal,بازاري دواؤں کے متعلق ـ بازاري ـ دوکاني ـ سندي
officious,هر بات پر پڑنے والا يا دخل دينے والا
officiously,خواه مخواه ـ بيخدمتي سے
officiousness,ضروريات سے زياده مستعدي
offing,سمندر کا وه بعيد حصه جو ساحل سے نظر آتاهے
offish,تنهائي ـ غير مانوس
offishness,مردم بيزاري ـ خلوت پسندي
offscourings,فضله ـ غلاظت ـ کوڑا کرکٹ ـ تلچھٹ
offset,پودا ـ شاخ ـ قلم ـ اولاد
offshoot,شاخ ـ ٹهني
offspring,نسل ـ اولاد ـ بال بچے
oft,اکثر ـ اکثر اوقات ـ بارها
often,اکثر ـ بسا وقت
ogee,آرائشي حاشيه جو دهري موڑ کا هو
ogive,نوک دار محراب
ogle,نگاه شوق ـ محبت کي نظر ڈالنا
ogler,محبت کي نظر سے ديکھنا
ogpu,روس کي خفيه پوليس
ogre,ديو ـ جن ـ هوا
ogreish,ديو کے مانند
ogress,توپ کا گوله ـ ڈائن ـ ديوني
ogrish,ديو کي مانند ـ جناتي
ogygian,قديم ـ پرانا
oh,آه ـ اوه
ohm,برقي مزاحمت کي اکائي
oho,اهاها
oil,تيل ـ روغن ـ تيل لگاناـ ملنا
oilcloth,موم جامه
oiled,مزے ميں ـ سرور ميں
oiler,تيل دينيوالا
oilily,خوشامد سے
oiliness,چکنا هٹ
oilman,تيل فروشے
oily,چکنا ـ چرب
oilytongued,خوشامدي ـ چاپلوسي
oint,تيل ملنا ـ روغن لگانا
ointment,مرهم ـ روغن
oireachtas,آئرلينڈ کي مجلس وضع قوانين
ok,اوکے
okapi,وسطي افريقه کا ايک قديم جانور جو هرن اور زرافه سے ملتا جلتا هے
old,ضعيف ـ بوڑھا ـ تجربه کار
oldage,بڑھاپا ـ ضعيفي
olden,پرانا ـ اگلے وقتوں کا
oldfashioned,پراني وضع کا
oldharry,شيطان
oldish,کسي قدر پرانا
oldness,پرانا ـ قديم سا
oldster,بڑا ـ معمر
oldstyles,مرانا انداز ـ پرانے طريقے
oldtestament,تورات
oleaginous,چکنا ـ تلينا ـ چربي دار ـ روغن دار
oleograph,روغني تصوير
olfaction,سونگھنے کي قوت
olfactory,قوت شامه کے متعلق
olibanums,لوبان
olid,متعفن ـ بدبودار
oligarchical,امرا کي حکومت کا ـ جاگيرداري حکومت کا
oligarchy,چندا لوگوں کي حکومت ـ طبقه امرا کي حکومت
olio,شب ديگ ـ ديواني هنڈي ـ متفرقات کا مجموعه
olivacious,زيتون کے رنگ کا ـ زردي مائل سبز رنگ کا
olivary,زيتوني شکل کا ـ بيضوي
olive,زيتون ـ زيتون کا درخت
olivine,ايک قسم کا زيتوني رنگ کا پتھر
olympaid,چار سال کا عرصه ـ چار سال کا وقفه
olympia,کوه اولمپس
olympian,کوه اولمپس کے رهنے والے
olympic,موجوده زمانے کے جديد کھيلوں کے مقابلے
olympus,مقدونيه کا ايک پهاڑ ـ بهشت
ombre,تاش کا ايک کھيل
omega,يوناني حروف تھجي کا آخري لفظ
omelet,انڈے کا چيلا
omen,فال لينا ـ شگون لينا
omentum,پيٹ کا پرده ـ آنتوں کي جھلي
ominous,منحوس ـ بري فال کا
ominousness,نحوست ـ بد نامي
omission,بھول ـچوک ـ غلطي
omissive,غلطي کرنے والا
omit,چھوڑنا ـ ترک کرنا
omni,کل ـ تما م ـ قادر مطلق
omnibus,کرايه کي گاڑي ـ همه گير ـ ايک مصنف کي تصانيف کا ارزاں مجموعه
omnifarious,بھانت بھانت کا ـ قسم قسم کا ـ انواع و اقسام
omnipotent,قادر مطلق
omnipresent,جو هر وقت هر جگه موجود هو
omnitrain,وه ريل گاڑي جو هر اسٹيشن پر رکتي هو
omnivorous,همه خور ـ هر چيز کھانے والا
on,اوپر ـ پر ـ قريب ـمتصل ـ طرف ـ ملا هوا ـ دوران ميں
onager,جنگلي گدھا ـ گور خر
onanism,جلق ـ مشت زني ـ نامکمل مباشرت
once,ايک وقت  ـ ايک بار ـ ايک دفعه ـ پهلے ـ آگے
onceandagain,بار بار
onceforall,هميشه کيلئے
onceinway,شاذ و نادر
one,ايک ـ واحد ـ کوئي ايک ـ کوئي سا
onebyone,ايک ايک
oneircritic,خواب کي تعبير دينے والا
oneiromancy,علم تعبير خواب
oneness,بکتائي ـ واحد ـ احد هونا ـ احديت ـ واحديت ـ يکساں هونا
onerous,بھاري ـ گراں ـ مشکل
onerwoner,اکا ـ فرو ـ طاق
onesided,بے انصافي کا ـ جانبدرانه
ongoing,انداز عمل ـ واقعه
onion,بصل ـ پياز
oniony,پياز جيسا
only,صرف ـ فقط ـ اکيلا ـ نرالا ـ خالي ـ بالکل
onomancy,نام سے فال نکالنا
onomatopoeia,اسم صوتي ـ آواز کے مطابق نام رکھنا
onset,هله ـ چڑھائي ـ حمله
onslaught,چڑھائي ـ شديد حمله
onus,بار ـ بوجھ ـ وزن
onusprobandi,بار ثبوت
onward,آگے ـ اور آگے ـ محاذ کي طرف
onwards,آگے
onymous,نويسنده کے نام ـ دستخط کے ساتھ ـ نام کے ساتھ
onyx,سنگ سليماني
oodle,بھتات ـ فراوائي
oodleofmoney,افراط زر
oof,مال و دولت ـ مالدار آدمي
oofbird,مالدار آدمي ـ سونے کي چڑيا
oofy,امير ـ روپيه والا
ooze,نرم مٹي ـ نم مٹي ـ گيلي مٹي
ooziness,رساؤ ـ رطوبت کا رسنا
oozy,کيچڑ سے ابھرا هوا
opacity,غلاظت ـ کثافت ـ دھندلا پن
opah,بحر اوقيانوس ميں پائي جانے والي ايک شوخ رنگ مچھلي
opal,دودھيا ـ بهسنيا ـ ايک قيمتي پتھر
opalescent,دودھيے پتھر کا سا
opaline,دودھيے پتھر کا سا
opaque,دھندلا ـ جو روشني قبول نه کرے ـ غير شفاف
opaquely,دھندلے پن سے ـ مبهم طور پر
opaqueness,کند ذهني ـ دھندلا پن
open,کھلا ـ عام ـ کھلا هوا ـ گير محفوظ ـ کھولنا ـ افتتاح کرنا ـ انکشاف کرنا ـ ظاهر کرنا ـ تشريح کرنا ـ شگاف کرنا ـ انتدا کر نا ـ آغاز کرنا
openable,کھولنے کے قابل ـ ظاهر کرنے کے قابل
opener,کھولنے والا ـ افتتاح کرنے والا
openeyed,خبر دار ـ چوکس
openface,چهره جس سے صاف دلي ظاهر هو
openhanded,سخي ـ فياضي
openhandedly,سخاوت سے
openhandedness,سخاوت
openhearted,صاف سل ـ بيربا
openheartedly,صاف دلي سے
openheartedness,صاف دلي
opening,شگاف ـ سوراخ ـ راسته ـ درز ـ آغاز
openminded,زور دار
openness,صاف دلي ـ کشادگي
opera,موسيقي کے ساتھ نقل يا اداکاري
operable,عمل جراحي کے قابل
operahouse,سوانگ گھر ـ غنائي تمثيل
operate,کام کرنا ـ عمل کرنا ـ اثر ڈالنا ـ  جراحي کرنا
operatic,غنائي تمثيل کے باريميں
operation,عمل ـ اثر ـ تاثير ـ چيڑ پھاڑ ـ عمل جراحي
operative,کارگر ـ مؤثر ـ عمل جراحي کا
operatize,قصے کے غنائ ي تمثيل بنانا
operator,عمل کرنے والا ـ چلانے والا
operetta,ايک ايکٹ کي غنائي تمثيل
operose,محنت طلب ـ دشوار
ophidian,سانپ کي قسم کا
ophiology,سانپوں کے متعلق تحقيقات
ophiophagus,سانپ کھانے والا
ophite,سماق ـ سنگ سماق جس کا کھول بنتا هے
ophthalmic,امراض چشم کے متعلق
opiate,افيوني ـ خواب آور
opine,ايک رائے رکھنا ـ اظهار رائے کرنا
opiner,اظهار رائے کرنيو الا
opinion,بچار ـ خيال ـ رائے
opinionated,خود رائے ـ ضدي ـ اڑنے والا
opinionatedness,هٹ دھرمي ـ ضد ـ تعصب
opionist,خود رائے شخص
opium,افيون ـ افيون ملانا
opiumden,چنڈو خانه ـ افيونيوں کا اڈا
opiumisms,افيون نوشي کا شوقين
opiumizm,افيون نوشي کا شوق
oportuneness,حسب موقع هونا ـ مناسب هونا
opossum,ايک قسم کا تھيلي دار دودھ پلانے والا جانور
oppidan,قصبائي ـ غير شهري
opponent,سامنے کا ـ مقابل ـ مخالف
opportune,ٹھيک íـ درست ـ مناسب ـ موزوں
opportunely,ٹھيک طريقے سے
opportunism,مصالحت پرستي
opportunist,ابن الوقت ـ زمانه ساز
opportunity,نيک ساعت ـ مناسب وقت ـ بھترين موقع
opposability,قابل مخالفت
opposable,مقابله کرنے والا
oppose,مخالفت کرنا ـ سد راه کرنا ـ مائع هونا ـ روڑے اٹکانا
opposed,مزاحم ـ مخالف
opposer,مخالفت کرنے والا ـ روڑے اٹکانے والا
opposite,مقابل ـ متضاد ـ آمنے سامنے
opposition,مخالف جماعت ـ عداوت
oppositionist,مخلاف جماعت کا رکن ـ مخالف
oppress,ظلم کرنا ـ زبردستي کرناـ دبانا
oppression,ظلم و ستم
oppressive,ظالمانه ـ دشوار
oppressiveness,سخت گيري ـ زبردستي
oppressor,ظالم ـ ستمگر ـ موذي
opprobrious,گالياں دينے والاو
opprobrium,ذلت ـ رسوائي
oppugn,مخالفت کرنا ـ اعتراض کرنا ـ شبه ظاهر کرنا
oppugnance,مقابله ـ مخالفت ـ مزاحمت
opsimath,وه شخص جو بڑھاپے ميں حصول علم کي کوشش کرے
opt,انتخاب کرنا ـ اختيار کرنا
optative,خواهش ظاهر کرنے والا ـ تمنائي
optic,آنکھ کے متعلق
optical,آنکھوں کے متعلق ـ امراض چشم کے متعلق
optician,چشمے اور عينک بنانے والا اور فروخت کرنے والا
optimism,يه مسئله که هماري دنيا ميں کوئي چيز بري نهيں هر شے ميں بھلائي کيلئے هے اور هم کو هر چيز سے چھي اميد رکھي چاهئے
optimist,جو دنيا سے اچھي اميدرکھے ـ رجائي
optimistic,خوش اميدانه
option,پسند يا انتخاب کا اختيار ـ انتخاب کرنا
optional,اختياري
optophone,وه آله جو روشني کي لهروں کو آواز کي لهروں ميں تبديل کرديتا هے اور اس طرح اندھے بجائے آنکھوں کے کانوں سے پڑھ سکتے هيں
opulence,دولت مندي ـ تمول ـ فروائي
opulency,دولت مندي
opulent,دولت مند ـ مالدار
opuscule,ادب يا موسيقي ميں کوئي معمولي تخليق
or,قبل ازيں ـ يا ـ بيشتر
oracle,کاهن ـ حکمي فال ـ ديوباني
oracular,الهامي ـ دارالاستخاره کے متعلق
oral,زباني ـ تقريري
orally,زبان سے ـ زباني
orange,نارنگي ـ سنتره
orangeade,نارنگي کا رس
orangery,نارنگي کا باغ
orangish,سنترے کي مانند
orangoutang,سماٹرا اور بورييو کاانسان صورت بندر
orate,تقرير کرناـ داد خطابت کرنا
oration,تقرير ـ وعظ ـ خطاب
orator,تقرير کرنے والاـ ععظ کرنے والا
oratorian,مجلس خطابت کا رکن
oratorical,خطيبانه
oratorically,خطيبانه انداز سے
oratorio,بھنجن يا مذهبي ناٹک جس کو ايک هي شخص گاتاتھا
oratory,فصاحت ـ خطابت
orb,چکر ـ کره ـ گولا
orbicular,مدور ـ گول ـ دائره
orbit,اجرام فلکي کا مدار ـ دائره
orc,ايک بڑي مچھلي
orcadian,جزيره ارکني کا باشنده
orchard,باغيچه ـ باغي
orchardist,ميوه دار درختوں کا لگانے والا
orchardman,مالي ـ باغيان
orchestic,ناچ کے متعلق
orchestra,يوناني تھيٹر ميں نيم مدور جگه ـ سرود گاه
orchestral,سازندوں کے متعلق
orchestrate,ارکسٹرا کيلئے نغمے تصنيف کرنا
orchestration,نغموں کے مطابق سازندوں کو تيار کرنا
orchil,سرخ يا غنائي رنگ جو ايک قسم کي کائي سے نکلتا هے
ordain,قائم کرنا ـ مقرر کرنا ـ معين کرنا
ordainer,قائم کرنے والا ـ مقرر کرنے والا
ordeal,ملزم کے امتحان کا قديم طريقه ـ ابتلا
order,حکم کرنا ـ درست کرنا ـ آراسته کرنا ـ سجانا ـ قرينے سے لگانا ـ حکم ـ فرمان ـ ضابطه ـ آداب ـ مرتبه
orderabout,حکومت جتانا
orderer,حکم کرنے والا ـ هدايت کرنے والا
orderliness,حسن ترتيب
orderly,درست ـ باترتيب
ordinal,کسي سلسلے ميں کسي چيز کي حيثيت ظاهر کرنے والا
ordinance,قانون ـ هدايت ـ ظابطه ـ دستور
ordinarily,عموما ـ عام حالت ميں
ordinary,رسمي ـ معمولي ـ دستور کے متعلق
ordinate,باترتيب ـ متوازي ـ معين
ordination,درجه بندي ـ ترتيب
ordnance,توپ خانه ـ محکمه حرب
ordure,گندي گالياں ـ ليد
ore,کچھ ي دھات ـ فلز
oread,کوهستاني پري
oreide,ايک قسم کا پيتل
orfe,ايک قسم کي سنهري مچھلي
organ,آله ـ آوزار ـ ارگن باجا
organdie,باريک ململ
organic,عضوي ـ اعضأ کے متعلق
organically,خلقي طور پر
organism,حيواني جسم کي ساخت
organist,ارگن باجا بجانے والا
organization,تنظيم ـ ترتيب ـ درستگي
organize,تيار کرنا ـ تنظيم کرنا ـ منظم کرنا
organizer,تيار کرنے والا
organon,دستور العمل ـ قائده
orgasm,جوش ـ بيجان ـ شديد ـ بد مستي
orgeat,جو کا شربت
orgy,قديم يوناني ديوتاؤں کي پرستش کي رسوم جس ميں رقص و سرود هوتا تھا
oriel,بالائي منزل کا جھروکه يا کھڑکي
orient,مشرق ـ يورپ ـ مشرقي
oriental,ايشاني ـ مشرقي
orientalism,مشرقي تهذيب
orientalist,عالم ـ ماهر شرقيات
orientalize,مشرقي بناناـ مشرقي تهذيب کو رواج دينا
orientally,مشرق کے نقطه نظر سے
orientate,مشرقي رخ پر عمارت بنانا
orientateonesel,اپني حالت کا اندازه کرنا
orientation,صحيح اور واضح سمت کا متعين
orifice,سوراخ ـ روزن
oriflamme,فرنس کا قديم شاهي جھنڈا
origan,ايک قسم کي جنگلي بوٹي ـ تلسي
origin,آغاز ـ ابتدا ـ شروع ـ بنياد
original,اصلي ـ ابتدائي ـ خلقي ـ نيا
originality,جدت ـ اختراع ـ ايجاد
originate,ابتدا کرنا ـ آغاز کرنا ـ پيدا کرنا ـ ايجاد کرنا ـ بنانا
origination,ايجاد ـ آغاز
originator,پيدا کرنے والا ـ مؤجد ـ خالق
orinasal,منه اور ناک دونوں کي
oriole,ايک سياه اور زرد پروں کا پرنده
orion,سات ستاروں کا مجموعه
orlians,ايک قسم کا الوچه ـ ايک سوتي اوني کپڑا
orlop,جھاز کا نيچے کا عرشه
ormer,ايک قسم کا گھونگھا جو کھايا جاتا هے
ormolu,سونيکا ملمع کي هوئي کانسي
ornament,زيب ـ آرائش ـ نقش و نگار
ornamental,زيبائشي ـ آرائشي
ornamentalist,آرائشي کام  کرنے والا
ornamentation,آرائش ـ زيبائش
ornate,آراستي ـ مزين ـ پرتکلف
ornithology,عام الطيور
orography,جغرافيه کا وه حصه جو پهاڑوں سے بخت کرتا هے
oroide,تانبے اور زنگ کا سنهرا آميزه
orologist,پهاڑوں کي ساخت وغيره کا ماهر
orology,پهاڑوں کا علم
orotund,شاندار عبارت
orphan,بے مادر بے پدر ـ يتيم
orphanage,يتيموں کي پرورش کا اداره
orphanize,يتيم کرنا
orphean,پراسرار ـ سريلا
orpiments,پڑتال
orpington,مرغيوں کي ايک نسل
orrery,سياروں کا نقشه
orris,ايک قسم کي خوشبودار جڑ
ort,بچے کھچے ٹکڑے ـ فضله
orthodox,راسخ الاعتقاد ـ کٹر ـ مروجه ـ مقلد
orthodoxy,تقليدي پسندي
orthoepy,علم تلفظ
orthogenesis,يه عقيده که ارتقائي تبديلياں غير مسلسل اور اتفاقي نهيں بلکه خاص اصولوں کے ماتحت هوتي هيں
orthography,املا اور هجے کا علم
orthopaedist,بچوں کے جسماني نقائص کا ماهر
orthopaedy,بچوں کے جسماني نقائص کا علاج
ortolan,ايک چھوٹا پرنده
oryx,افريقه کا سيدھا سينگوں والا بار سنگھا
osborne,ايک معمولي ميٹھا بسکٹ
oscillate,جھولنا ـ آگے پيچھے حرکت کرنا
oscillation,جھولنا ـ آگے پيچھے حرکت کرنا
oscillator,ڈھلنے والا ـ جھولنے والا ـ جھولا
oscitancy,غفلت ـ اونگھ ـ سستي ـ جمائي
oscitation,جمائي ـ اونگھ
osculant,ممائل ـ مشابهه ـ بوسه لينے والا
oscular,انطباقي ـ بوسے کا ـ منه کا
osculate,بوسه دينا ـ چومنا ـ ممائل کرنا
osculation,غفلت ـ لاپروائي
osier,ايک قسم کا بيد جس کي ٹوکرياں بنتي هيں
osmium,پلاٹينيم کي قسم کي ايک دھات
osmund,ايک قسم کي پھول دينے والي فرن
osprey,ايک قسم کا ماهي خور عقاب
osseous,هڈي جيسا
ossification,جمود اختيار ـ بے حس
ossify,هڈي ميں تبديل کرنا ـ جمود اختيار کرنا ـ بے حس کرنا
ossuary,گورستان ـ هڈيا ں رکھنے کا برتن
ostensible,کھلا ـ ظاهر ـ نمائشي ـ نماياں
ostensory,وه ظرف جس ميں عشائے رياني کي پاک روئي حاضرين کو دکھائي جاتي هيں
ostentation,طمطراق ـ بھڑک
ostentatious,خود نمائي کرنے والاـ نمائش کا شائق
ostentatiously,دکھاوے کے طور پر ـ دھوم دھام سے
ostiary,گرجا کا پهره دار
ostium,سوراخ ـ شگاف
ostler,سرائے کے اصطبل کا محافظ
ostracism,اخراج ـ جلاوطني
ostracize,شهر بدر کرنا ـ جلاوطن کرنا
ostrich,شتر ـ مرغ ـ خور
ostrichbelief,خود فريبي
otacoustic,قوت سماعت کو مدد دينے والا
otalgia,کان کا درد
other,دوسرا ـ ديگر ـ اور ـ غير ـ مختلف
otherness,فرق ـ اختلاف
otherwise,بصورت ديگر ـ دوسرے طور پر ـ ورنه ـ اور طرح سے
otherwiseminded,اور خيال کا
otherworldly,آخرت پسند ـ آخروي
otter,اود بلاؤ ـ سگ آبي
otto,عطر
ottoman,سلطنت عثماني کا
oubliette,پوشيده قيد خانه
ouch,جڑاؤ بگلوس ـ کانٹا
ought,صفر ـ لازم هونا
ounce,پاؤنڈ کا بارھواں حصه ـ پهاڑي تيندوا  ـ اونس
our,همار اـ هم لوگوں کو
ourself,هم آب هم خود ـ خود کو
ourselves,خود کو هم آپ ـ هم بذات خود
oust,هٹا دينا ـ نکال دينا ـ چھين لينا
ouster,بيدخلي ـ اخراج
out,باهر ـ بيرون ـ دور ـ خارج ـ عليحده
outandout,بيحد ـ سراسر
outandway,بھت زيادها
outatelbows,مفلسي
outbalance,وزن يا تاثير ميں زياده هونا ـ همت ميں بڑھ جانا
outbid,دوسروں سے بڑھ کر بولي دينا
outboard,اطراف جھاز ـ جھاز کے آس پاس
outbound,غير ملک کو جانے والا
outbrag,شيخي بگھارنے ميں سبقت لے جانا
outbrave,بے باکي سے مقابله کرنے والا
outbreak,بلوه ـ شورش ـ هنگامه
outbreathe,بے دم کر لينا
outburst,طوفا ن ـ هيجان ـ سيلاب
outcast,نکما ـ ناکاره ـ مردود
outcaste,برادري يا ديس سے نکال دينا
outclass,اتنا بھتر هونا که گويا وه اس درجے ميں بھت بڑھا هو
outcome,حاصل ـ نتيجه
outcried,فرياد ـ درد کي آه
outcry,آه و زاري ـ فرياد
outdazzle,بے رونق کر دينا ـ ماند کر دينا
outdistance,دوسرے سے بھت آگے نکل جانا
outdo,سبقت لے جانا ـ فائق هونا
outdoor,گھر سے باهر کا ـ گھر سے دور
outer,باهر کا ـ خارجي
outermost,جو سب سے زياده باهر کي طرف هو ـ بالکل باهر کا
outface,سامنا  کرنا ـ مقابله کرنا ـ هم چشمي کرنا
outfall,ناله جو دريا سے بهه نکلے
outfield,وه کھيت جو فارم سے دور واقع هو
outfight,دوسرے سے بھت زياده دير تک لڑتے رهنا
outfit,مکمل سازوسامان
outfitter,هر طرف کا سامان بيچنے والا
outflank,دشمنوں کو گھيرے ميں لينا
outflanker,دشمن کو گھيرے ميں لينے والا
outflew,بهايا هوا
outflow,بهه جانا
outgeneral,سپه سالاري ميں افضل هونا
outgive,داد هو ديش ميں بڑھ جانا
outgo,زياده تيز چلنا ـ سبقت لے جانا
outgrew,نتيجه ـ پيداوار ـ آگے بڑھا هوا
outgrow,آگے بڑھ جانا ـ پيداوار ـ نتيجه
outguard,سرحدي چوکي
outhector,شيخي مارنے ميں دوسروں کو مات دينا
outherod,پيرڈ کي اداکاري ميں پيرڈ ميں بڑھ جانا
outhouse,ملحقه مکان ـ شاگرد پيشه کے ملحقه مکان
outing,تفريح ـ سير ـ هوا خوري
outjest,هنسي مذاق ميں دبا ليبنا ـ غالب آنا
outland,بد يسي ـ اجنبي
outlandish,اجنبي
outlast,محنت و مشقت ميں سبقتل لے جانا
outlaw,قانوني حق سے محروم کرنا
outlawry,قانوني حفاظت سے محرومي
outlay,خرچ ـ صرف
outlet,نکاس بد رو
outlie,گپ بازي ميں سبقت لے جانا
outlier,گپ بازي ميں سبقت لے جانے والا
outline,خاکه ـ نقشه ـ مختصر بيان
outlive,کسي واقعے کے بعد تک زنده رهنا ـ غالب آجانا ـ بد نامي سے نجات
outliver,غالب آجانے والا ـ بد نامي سے نجا پانے والا
outlook,نگهباني ـ چوکسي ـ منظر ـ نظاره
outlying,دور افتاده ـ مرکز سے دور
outmaneuver,داؤں گھات ميں سبقت لے جانا
outmarch,دوسروں سے آگے نکل جانا
outmode,قديم وضع کا ـ متروک
outmoded,قديم وضع کا
outnumber,شمار ميں زياده هونا ـ تعداد ميں بڑھ جانا
outofcharacter,نامناسب
outofdate,غير مروج
outofdoor,کھلے ميدان ميں
outofhand,فورا
outofpocket,جيب خالي هونا
outofprint,کم ياب ـ ناياب
outofquestion,خارج از بحث
outofsorts,ناخوش ـ ناراض
outoftheway,غير معمولي
outoftime,بے وقت
outpace,زياد ه تيز چلنا ـ رفتار بڑھ جانا
outpatient,بيروني مريض
outpayment,بيروني ادائيگي
outport,وه بندر گاه جو اصلي بندر گاه سے دور هو
outpost,دور کي فوجي يا پوليس چوکي
outpour,جذبات کا اظهار
outpouring,جذبات کا پرجوش اظهار
outproduce,غير پيداوار
output,محنت کا ما حصل
outrage,زيادتي ـ زبردستي ـ ناجائز دست اندازي
outrageous,غضب آلود ـ غضب ناکر
outrageously,وحشيانه پن سے
outrageousness,بے حيائي ـ بے شرمي
outrange,دوسروں کي بندوقوں سے زياده فاصلے پر مارنا
outre,حد اعتدال سے زياده ـ نامناسب
outrider,سواري ميں آگے نکل جانے والا
outrides,سواري ميں آگے نکل جانا
outright,ترت ـ فوراـ سراسر ـ بلا توقف
outrightness,صاف هونا ـ بے لاگ هونا
outroot,ختم کر دينا
outrooted,ختم کر دينا
outrun,دوڑ ميں دوسروں سے آگے نکل جانا
outrunner,برف گاڑي کے آگے دوڑنے والا کتا
outscorn,تخمير کرنا ـ هتک کرنا
outsell,زياده بيچنا
outset,شروع ـ آغاز ـ ابتدائ
outshine,دوسروں سے زياد ه روشن هونا
outside,باهر کي طرف
outsider,غير ملکي ـ باهر والا
outsit,دير تک بيٹھے رهنا
outskirt,نواح ـ حد ـ کناره
outspoke,صاف بولنا
outspoken,صاف گو ـ بے باک
outspokenly,صاف صاف ـ بے باکانه
outspokenness,صاف گوئي
outspread,کھلا هوا ـ پھيلا هوا
outspreading,ممتاز ـ نماياں
outstanding,ممتاز ـ نماياں ـ غير وصول شده
outstation,بيروني مقام
outstay,زياده ٹھرنا ـ دير تک قيام کرنا
outstep,کسي حد سے آگے جانا
outstretch,حد سے زياده پھيلانا
outstrip,عرياني ميں بڑھ جانا ـ حد سے زياده عرياني هو جانا
outthink,حد سے زياده سوچنا
outthrow,پاني کا اخراج
outthrust,عمارت کے کسي حصے کا باهر کي طرف دباؤ
outtongue,زياده باتيں کرکے دبا لينا
outtrival,سبقت لے جانا ـ حريف سے بڑھ جانا
outtrump,تاش حريف کے ترپ کے پتے پر بڑا پته لگانا
outturn,محنت کا ما حصل
outuponyou,لے جاؤ ـ دور سے
outvalue,قيمت ميں زياد ه هونا
outvoice,اتنا شور کرنا که دوسروں کي آواز دب جائے
outvote,انتخاب ميں زياده ووٹ حاصل کرکے مخالف کو شکست دينا
outwait,زياده دير تک انتظار کرنا
outwalk,دوسروں سے زياده تيز چل کر آگے نکل جانا
outward,خارجي ـ بيروني
outwardly,ديکھنے ميں ـ بظاهر
outwardness,بيروني کيفيت
outwear,صبر و تحمل سے گزارنا
outweigh,وزن يا اهميت ميں بڑھ جانا
outwing,اڑنے ميں آگے نکل جانا
outwit,ذهانت سے مغلوب کرنا
outwork,زياده کام کرنا ـ کام کو پورا کرنا
outworker,زياده کام کرنے والا
ouzel,ايک قسم کي سياه چڑيا
ova,بيضوي
oval,کوئي بيضوي شکل کي چيز
ovary,بيضه دان ـ رحم
ovate,بيضوي
ovation,زور شور کا استقبال
oven,چولها ـ تنور
over,نکلتا يو ا ـ بڑھتا هوا ـ اوپر ـ آرپار
overabundance,افراط ـ کثرت ـ بھتات
overabundant,افراط سے ـ وافر
overact,ضرورت سے زياده اداکاري کرنا
overactive,ضرورت سے زياده چالاک
overactivity,ضرورت سے زياده مستعدي
overagain,نئے سرے سے
overagainst,سامنے ـ مقابل
overage,زياده عمر هونا ـ حد سے زياده عمر هونا
overagitation,ضرورت سے زياده جوش ميں آنا
overall,لباده جو عورتوں کام کرتے وقت پهنتي هيں
overandabove,علاوه ـ ماسوا
overawe,خوف دلانا ـ دهشت دلانا
overbalance,وزن ميں بڑھ جانا ـ قيمت زياده هوجانا
overbear,دبانا ـ مغلوب کرنا ـ زير کرنا ـ تنگ کرنا
overbearing,زبردست ـ دبنگ
overbid,قيمت سے زياده دام لگانا
overblown,زياده کھلا هوا ـ شباب سے گزرا ـ ختم هوا
overblows,هوا کے تيز جھکڑ چلنا
overboard,جھاز پر سے
overbuild,عمارتوں کي بھرمار کر دينا
overburden,بھت زياده بوجھ لادينا
overbusy,ضرورت سے زياده مشغول ـ بے انتها مصروف
overbuy,بھت مهنگا خريدنا
overcapacity,بھت زياده صلاحيت والا
overcapitalize,کمپني ميں ضرورت سے زياده سرمايه معين کرنا
overcareful,حد سے زياده محتاط
overcarry,بھت دور تک لے جانا
overcast,حد سے زياده قيمت لگانا
overcharge,بھت زياده قيمت وصول کرنا ـ بھت لاد دينا
overcloat,بالائي کوٹ ـ لباده
overcloud,بادلوں سے ڈھک لينا
overcloy,بھرنا ـ اکتانا ـ بے حد سير کر دينا
overcoat,لباده ـ بالائي کوٹ
overcolour,بے حد رنگ آميزي کرنا
overcome,شکست دينا ـ مغلوب کرنا ـ زير کرنا
overconfidence,ضرورت سے زياده خود اعتمادي
overconfident,ضرورت سے زياده بھروسه کرنے والا
overconsiderate,ضرورت سے زياده غور کرنا
overcool,بھت ٹھنڈاهونا
overcover,بالکل ڈھانپ دينا
overcredulous,سريعاالاعتقاد ـ ضرورت سے زياده بھولا
overcritical,ضرورت سے زياده تنقيد
overcrop,متواتر کاشت کر کے زياده سے زياده فصل کرنا
overcrow,غالب آنا ـ اکڑنا
overcrowd,بھيڑ لگانا ـ جگه سے زياده هونا
overcunning,غيرمعمولي چالاکي
overcuriosity,کھوج لگانا ـ تجسس پسندي
overcurious,ضرورت سے زياده تجسس کرنے والا
overdaring,بيوقوف ـ اجڈ ـ دلير
overdecorate,ضرورت سے زياده سجانا
overdelicacy,ضرورت سے زياده نزاکت
overdelicate,ضرورت سے زياده نفاست پسندي
overdevelop,بلا ضرورت بڑھنا يا بڑ ھانا
overdo,حد سے زياده سعي کرنا ـ ضرورت سے زياده اداکاري کرنا
overdosage,ضرورت سے زياده خوراک دينا
overdose,خورا ک سے زياده دوا پلا دينا
overdraft,فاضل وصولي
overdrank,ضرورت سے زياده پينا
overdraw,اپني رقم سے زياده نکال لينا
overdress,ضرورت سے زائد پوشاک پهننا
overdrink,ضرورت سے زائد پينا
overdrive,دوڑا دوڑا کر تھکا دينا
overdrunk,حد سے زياده پيا هوا
overdue,معياد سے زائد
overearnest,نھايت سرگرم
overeat,حلق تک ٹھونس لينا
overeaten,ضرورت سے زياده کھايا هوا
overeducate,زياده تعليم حاصل کرنا
overestimate,زياده تخمينه لگانا
overestimation,حد سے زياده تخمينه يا قيمت
overexercise,حد سے زياده کام کرنا  يا ورزش کرنا
overexpose,روشني ميں زياده دير تک کھلا رکھنا
overextend,حدسے زياده بڑھانا
overfeed,بھت کھلا ـ بھرانا
overfill,بيحد بھر دينا
overflew,زائد چيز
overflow,سيلاب آناـ چھلکنا ـ بهه نکلنا
overflowing,ابلتا هوا ـ چھلکتا هوا
overfly,حد سے زياده اڑنا
overforward,ضرورت سے زياده آماده
overfreight,بري طرح بھر دينا ـ ضرورت سے زياده لادينا
overfull,ضرورت سے زياده بھرا هوا
overgild,گهرا ملمع کرنا
overglance,سرسري نگاه ڈالنا
overgo,سبقت لے جانا
overgovern,بے معني ضابطے نافذ کرنا
overgrew,زمين کو ڈھک لينا
overgrow,زميں کو ڈھک لينا
overgrowth,حد سے زياده باليدگي
overhand,اونچے هاتھ سے
overhang,آگے کو نکل جانا
overhastily,جلد بازي سے
overhastiness,جلد بازي
overhasty,جلد باز
overhaul,ايک ايک پرشيکو عليحده کرکے معائنه کرنا
overhead,بالائے سر ـ سر پر
overheadcharges,بالائي اخراجات
overhear,اتفاقا سن لينا
overheat,حد سے زياده گرم کرنا
overhoused,اپني ضروريات سے زياده کهيں بڑے مکان ميں رهنا
overhurried,حد سے زياده تيز
overimpress,ضرورت سے زياده دبانا
overindulge,بے اعتدالي
overindulgence,بے اعتدالي
overindulgent,بے اعتدال
overissue,غيرمعمولي تعداد ميں نوٹ يا پنڈياں جاري کرنا
overjoyea,باغ باغ
overjump,اوپر سے کودنا ـ کود کر گزر جانا
overlabour,بے حد محنت سے کوئي کام کرنا
overladen,بے حد بھوجل
overland,خشکي کے راستے کا
overlap,ايک چيز کا بڑھ کر دوسري چيز کو ڈھانک لينا
overlarge,حد سے زياده بڑا
overlay,ڈھانپنا
overleaf,ورق کے دوسري طرف
overleap,بھاند جانا ـ کود جا نا ـ نظر انداز کرنا
overlie,اوپر ليٹ کر دبا لينا ـ کسي کے اوپر ليٹ جانا ـ اوپر ليٹ کر بے دم کر دينا
overload,حد سے زياده بوجھ ڈالنا
overlook,بلند جگه سے ديکھنا
overlord,فرمائروا
overlordship,حکمراني
overmantle,منقش الماري جو آتش دان پر بني هو
overmany,تعداد ميں بکثرت ـ بھت زياده
overmaster,مغلوب کرنا ـ زير کرنا
overmatch,زبردست هونا ـ غالب آنا
overmeasure,زياده اندازه لگانا ـ اصلي قيمت سے زياده اندازه کرنا
overmuch,حد سے زياده
overnice,حد سے زياده نازک مزاج
overniceness,خوش اخلاقي ـ باريک بيني
overnight,راتوں رات ـ رات بھر ميں
overofficious,حاکمانه ـ متکبرانه
overpaid,اجرت سے زياده ديا هوا
overpass,در گزر کرنا ـ نظر انداز کرنا
overpay,تنخواه سے زياده دينا
overpayment,حق سے زياده معاوضه
overpeopled,بے حد گنجان آبادي والا
overpersuade,ورغلا نا ـ بهکانا
overplay,حد سے زياده کھيلنا
overplus,ضرورت سے زياده چيز
overpopulate,بے حد گنجان آبادي
overpopulation,بے حد گنجان آباد
overpower,بے بس کر دينا ـ زير کر دينا
overpowering,ناقابل مزاحمت ـ شديد
overpraise,بے حد تعريف کرنا
overpressure,کا م وغيره کا شديد دباؤ
overprice,حد سے زياده لگانا
overprint,چھپے هوئے کاغذ کے کسي حصے پر دوباره چھاپنا
overproduce,ضرورت سے زياده پيدا کرنا
overproduction,ضرورت سے زياده فاضل پيداوار
overrate,اصليت سے بڑھ کر سمجھنا ـ حق سے زياده قدر کرنا
overreach,فريب دينا ـ بے وقوف بنانا ـ شکست دينا
overreacher,بے وقوف بنانے والا
overread,بے حد مطالعه کرنا
override,حد سے زياده سواري کرکے گھوڑے کو تھکا دينا ـ مطالبا ت کو ٹھکرادينا
overripe,بھت پکاهوا
overrule,مسترد کر دينا ـ نامنظور کر دينا
overrun,تخت و تاراج کرنا ـ لوٹ مار کرنا ـ برباد کرنا
oversalt,حد سے زياده نمک ڈالنا
oversaw,نگراني کرنا ـ ديکھ بال کرنا
oversea,سمندر پار
oversee,ديکھ بال کرنا ـ نگراني کرنا
overseeing,نگراني
overseer,ناظر ـ مهتمم
overseership,ناظر کا عهده
oversensitive,حد سے زياده حساس هونا
overset,اوندھا کرنا ـ پچھاڑنا ـ برباد کرنا
overshadow,آب و تاب ميں بڑھ جانا ـ مائد کر دينا
overshoe,جوتے کے اوپر پهننے کا جوتا
overshoot,نشانے سے آگے مارنا
oversight,بھول چوک ـ سهو ـ غلطي ـ نظر کي غلطي
oversleep,دير تک سوتے رهنا
overspend,تھکانا
overspent,تھکا هوا
overstate,مبالغه کرنا ـ رنگ آميزي کرنا
overstatement,رنگ آميزي
overstay,مناسب وقت سے زياده ٹھرنا
overstep,ضرورت سے زياده قدم رکھنا ـ حد سے تجاويز کرنا
overstock,ضرورت سے زائد چيزيں جمع کرنا
overstrain,حد سے زياده محنت کرنا
overstrung,بے ح تنے وهوئے ـ اعصابي ـ کشيده خاطر
overstudy,غيرمعمولي مطالبه کرنا
oversubscribe,ضرورت سے زياده چنده دينا
oversupplied,ضرورت سے زياده رسد پهنچانا
oversupply,ضرورت سے زياده رسد پهنچانا
oversway,مغلوب کرنا ـ زير کرنا
overt,کھلا هوا ـ آشکار
overtake,جالينا ـ جا پکڑنا ـ پهنچ کر پکڑ لينا
overtask,سخت کام لينا ـ حد سے زياده محنت کرنا
overtax,ناقابل برداشت محنت کرنا
overthrew,زير و زبر کياهوا
overthrow,زير وزبر کرنا ـ تهه بالا کرنا
overthrower,زيرو زبر کرنے والا
overthrown,زيرو زبر کيا هوا
overthwart,آر پار هونا ـ مقابل ـ مخالف
overtime,مقرره فرائض کے علاوه کام ـ بے وقت ـ وقت کے بعد
overtire,بے حد تھکا دينا
overtoil,بے حد محنت کرنا
overtower,زياده بلند پروازي کرنا
overtrain,حد سے زياده مشق کرا دينا
overture,تحريک ـ درخواست ـ آغاز گفتگو
overturn,الٹ دينا ـ مٹا دينا
overuse,ضرورت سے زياده استعمال کرنا
overvalue,حد سے زياده قيمت لگانا
overween,خود پسند ـ مغرور
overweening,خود پسند ـ مغرور ـ خود بين
overweeningly,خود پسندي
overweigh,وزن ميں زياده هونا
overweight,مقرره مقدار سے زائد وزن
overwhelm,بے بس کر دينا ـ کچل ڈالنا ـ برباد کر دينا
overwhelming,زبردست ـ بے حد ـ قوي
overwise,حد سے زياده هوشيار
overwork,طاقت سے زياده کام لينا
overworn,فرسوده ـ گھسا هوا ـ مستعمل
overwrite,کسي موضوع پر ضرورت سے زياده لکھنا
oviduct,جانوروں کے رحم ميں انڈے کے نکلنے کي نالي
ovine,بھيڑ کے متعلق
ovoid,انڈے کي شکل کا
ovule,انڈه ابتدائي شکل ميں
ovum,انڈه
owe,مقروض هونا ـ ممنون هونا
owing,قرض ـ بوجه
owl,الو ـ احمق
owlet,چھوٹا الو
owlish,الو جيسا
owllight,جھٹ پٹ ـ دھندلکا
owllike,الو کي طرح
owlstoathens,جھاں کسي چيز کي افراط هو وهاں وهي چيز بھيجنا
own,اپنا ـ ذاتي ـ خود کا ـ مالک هونا ـ حقدار هونا ـ تسليم کرنا
ownable,قابل اعتراف
owner,مالک ـ حقدار
ownership,ملکيت ـ وراثت
ownup,اقبال جرم کرنا
ox,بيل
oxeye,بڑي آنکھوں والا
oxford,جامعه آکسفورڈ
oxfordbags,ڈھيلا پتلون
oxfordblue,آکسفورڈ کے کھلاڑي کا نشان ـ گهرا نيلا رنگ
oxfordman,جامعه آکسفورڈ کا تعليم يافته
oxgang,ايک بيل سے جوتنے بھر کي مشين
oxide,کسي عنصر کے ساتھ آکسيجن کا مرکب ـ آکسائيڈ
oxidise,آکسيجن ملانا ـ رنگ آلود کرنا يا هونا
oxidizable,آکسيجن ملانے کے قابل
oxidization,آکسيجن سے مرکب هونا
oxidize,آکسيجن ملانا ـ رنگ آلود کرنا يا هونا
oxidizer,آکسيجن ملانے والا
oxonian,آکسفورڈ کا طالب علم
oxygen,آکسيجن
oxygenate,کسي چيز ميں آکسيجن داکل کرنا
oxymel,سکنجين
oxytone,وه لفظ جس کے آخري حرف پر زور ديا جائے
oyes,عدالت ميں مشتهر کرنے والا يه کهتا هے کي سنو سنو سنو
oyster,صدفه ـ جھينگا
ozokerit,ايک قسم کا قدرتي مومي پيرافين
ozone,صحت بخش گيس ـ اوزون گيس
