r,انگريزي حروف تحجي کا اٹھارواں حرف
rabbet,چول ـ جھري ـ درز ـ درز بند کرنا
rabbi,يهودي علم قانون ـ ربي
rabbin,يهودي فقيه ـ عالم ـ ماهر قانون شريعت موسوي
rabbinate,منحصف ربي
rabbit,خرگوش
rabbithutch,خرگوش کا دڑبا
rabbity,جھاں بھت خرگوش هوں ـ خرگوش کي طرح
rabble,هجوم ـ انبوه ـ ا‘دھا م ـ رزديلوں کي ٹولي ـ لوهے کي چھڑ
rabelaisian,ربلے کے طرز تحرير کا مداح يا مقلد ـ ارزاں لفاظي
rabid,ديوانه ـ پاگل ـ تند
rabidity,باولا پن ـ ديوانگي
rabidly,پاگل پن سے
rabidness,غضبناک
rabies,باولے کتے کے کاٹنے سے ديوانگيـ باولے کتے کے جراثيم کي بيماري
rabious,ديوانگي سے متاثر ـ غضبناک
race,دوڑ ميں مقابله کرنا ـ دوڑ پر شرط لگانا ـ خاندان ـ قبيله ـ نسل ـ اصل ـ جڑ
racecourse,گھڑ دوڑ کا میدان ۔
racehorse,گھڑ دوڑ
raceme,گچھے ـ گل دسته ـ پھولوں کے گچھے
racer,گھڑ دوڑ کا گھوڑا دوڑانے والا ـ شرط بد کردوڑنے والا
racetrack,دوڑ کي جگه
raceway,دوڑ کا راسته
racheteering,منظم استتحصال بالجبر ـ جبرا روپيه وصول کرنا
racial,نسلي ـ نسل يا خاندان کے متعلق
racialism,مختلف نسلوں کي باهمي مخالفت يا عداوت
racialist,نسلي تعصب کرنے والا
racially,نسل کي رو سے
rack,تباهي ـ بربادي ـ اذيت ـ مروڑنا ـ شکنجے ميں لينا
racker,اذيت دينے والا ـ تکلف دينے والا
racket,ٹينس کا بلا ـ غل غپاڑه ـ شور و غل ـ هنگامه ـ رنگ رلياں ـ عيش کرنا ـ رنگ رلياں منانا
racketeer,جبرا پيسے وصول کرنا
racketeering,منظم استحصال بالجبر
raddle,بھدے پن سے رنگنا ـ سرخ مٹي سے رنگنا ـ لال غاره ملنا
radial,شعاعي ـ کرني ـ نصف قطري
radially,نصف قطري ي صورت ميں ـ شعاعي ترتيب سے
radiant,نور افشاں ـ تابنده
radiate,درخشاں هونا ـ تاياں هونا ـ شعاعيں منتشر هونا
radiation,جلوه ـ بجلي ـ نور افشاني
radiative,نور افشاں
radiator,چمکنے والا ـ گرمي پهنچانے کا آله ـ موٹر کا انجن ٹھنڈا کرنے کا پرزه
radical,بنيادي ـ اصلي ـ طبعي
radicalism,انتها پسندي
radicalization,انتها پسندي کا پروگرام
radicalize,انتها پسند بنا دينا
radically,انتها پسندانه انداز سے
radicel,تخم کا وه حصه جھاں سے جڑ پھوٹتي هے ـ جڑ کي کونپل
radio,شعاعيں ـ موجيںـ ريڈيو
radioactivity,شعاع تابي ـ گرم تابي
radiograph,حرارت پيما ـ ايک آله
radiography,شعائي مصوري
radiotelegram,بے تار کا پيام
radiotherapist,شعاعي علاج کا ماهر
radiotherapy,شعاعي علاج
radish,مولي
radium,ايک شعاعي فلزاتي عنصر
radius,کهني سے نيچے هاتھ کي هڈي ـ نصف قطرـ  پهيه کا دھرا ـ حلقه ـ دائره
radix,اصل عدد ـ بنيادي عدد
raff,ڈھير ـ کمينے لوگ ـ دھقان ـ گنوار
raffish,اوباش ـ آواره
raffle,قرعه اندازي ـ قرعه اندازي ميں شموليت
raffler,قرعه اندازي کرنے والا
raft,بيڑا ـ لکڑيوں کا گٹھا جو کشتي کا کام ديتا هے ـ گٹھا کھيلنا
rafter,شهتير ـ چھت ميں شهتير لگانا ـ کڑيا ں لگانا
rag,چھيتڑا ـ دھجي ـ چندي ـ رومال ـ اخبارـ ردي کاغذـ پرت دار پتھر
ragabash,کمينه ـ نيچ
ragamuffin,ميلا کچيلا ـ  باجي ـ پھٹيچر
rage,طيش ـ تاؤـ غصه ـ آگ بگوله هونا ـ تندي دکھانا ـ طيش ميں آنا ـ بگڑنا
ragged,ناهموار ـ اونچا نيچا
raggedness,شکستہ خالی ۔ کھردار پن ۔
raggery,چھيتڑے
ragman,چھيتڑا بيچنے والا ـ گڈري والا
ragout,مساله دار ـ گوشت کے پسندے
raid,دھاوا ـ حمله ـ لوٹ مار
raider,چھاپه مارنے والاـ دھاوا کرنے والا
rail,کٹهر ا ـ باڑا ـ جنگلا ـ پٹري ـ ريل کي پٹري ـ ريل ـ باڑا تيار کرنا ـ ايک قسم کا بحري پرنده ـ برا بھلا کهنا ـ گالياں دينا ـ ملامت کرنا
railbird,بحري پرنده
railer,لعن طعن کرنے والاـ طعنے دينے والا
railhead,زير تعمير ريل کي پٹري کا آخري سرا
railing,باڑ ـ کٹهرا ـ طعنه زني  ـ بد زباني
raillery,ٹھٹھا ـ مذاق ـ فقري بازي
railmotor,ريل گاڑي کا ڈبه ـ پٹريوں پر چلنے والا ڈبه
raiment,جامه ـ کپڑے ـ پوشاک
rain,مينه ـ بارش هونا ـ پاني پڑنا ـ ترش هونا
rainbird,هد هد ـ کتھ پھوڑا
rainbow,قوس و قزحـ دھنک
raincoat,برساتي
rainday,مشکلات کا وقت ـ تنگي کا زمانه
raindoctor,جادو کے زور سے بارش کرنے والا
rainfall,بارش هونا
rainless,بے برسات ـ سوکھا
rainwater,بارش کا پاني
rainworm,کيچوا
rainy,برساتي ـ برسات کا
raisable,بلند کرنے کے قابل ـ اونچا کرنے کے قابل
raise,بلند کرنا ـ اونچا اٹھانا ـ قائم کرنا ـ تعمير کرناـ بناناـ  ابھارنا ـ مسئله چھيڑنا ـ اعتراض کرنا ـ سرفراز کرناـ زنده کرناـ مزاحمت کرنا
raiseaseige,محاصره اٹھا دينا
raiser,بلند کرنيوالاـ اونچا کرنے والاـ اعتراض کرنے والا
raisethewind,ادھار لينا
raisin,کشمش ـ منفي داخ
raison,مقصد تخليق ـ غائت وجود
raja,نواب ـ راجه
rake,گھاس جمع کرنے کا آله ـ کھانچه ـ کريدنا ـ اکھاڑناـ جھاز پر گولے برسانا ـ لچا ـ شهدا ـ کجي ـ موڑ
rakehell,رنڈي باز ـ اوباش ـ زنا کرنا ـ لچا ـشهدا ـ بے حيا
raker,اکھاڑنيوالا
rakish,زندانه ـ عياشانه
rales,خرخر ـ شش کي آواز
rally,جمع هونا ـ اکٹھا هونا ـ فوج کو ايک جگه کرنا ـ فراهم کرنا
ram,مينڈھا ـ دنبه ـ برج حمل ـ ميشن ـ موگري ـ کوٹنا ـ بھرنا ـ منه تک بھر دينا ـ ٹھونک ديان ـ اڑا دينا
ramadan,ماہ رمضان ۔
ramble,گشت کرنا ـ ادھر ادھر پھرنا ـ سير کرنا ـ گھومنا ـ آواري گردي کرنا
rambler,آواره گرد ـ گھومنے پھرنے والاـ ايک قسم کي بيل ـ گلاب کي بيل
rambling,بے ترتيب ـ غير مربوط
ramblingly,بے تک يپن سے ـ بے قاعدگي سے
ramification,شاخ در شاخ ـ شاخوں کا شاخوں سے نکلنا
ramified,شاخدار
ramify,شاخيں پھوٹنا ـ شاخوں سے تقسيم کرنا
rammer,موگري ـ دھرمٹ
rammish,مست بو والي ـ بودار
ramose,شاخوں والا ـ شاخدار ـ گھنا
ramp,جانوروں کا پچھلے پيروں پر کھڑا هوناـ حمله کرنے کا انداز اختيار کرنا ـ کودنا ـ اچھلنا ـ جھکاؤ ـ روک ـ رنڈي ـ کسبي ـ قزاق ـ لٹير
rampage,بگڑنا ـ غصه کرنا ـ آپے سے باهر هونا
rampageous,ديوانه وار ـ از خود رفته
rampager,غصه کرنيوالا ـ بگڑنيوالا
rampancy,کثرت ـ شدت ـ زور
rampant,بپھرا ـ جست آماده ـ زياده ـ کثير ـ شديد ـ سخت ـ محرابي
rampantly,شدت سے ـ افراط سے ـ حمله کرتے هوئے
rampart,فصيل ـ ديوار ـ پشته
rampion,گھنڈي کي طرح کے پھول والا پودا جس کي جڑ کھائي جاتي  هے ـ شلغم ـ مولي ـ اوري ـ گڈا ـ بنڈا
ramrod,بندوق کا گز
ramshackle,گرا پڑا ـ ٹوٹا پھوٹا ـ خراب
ramson,لهسن ـ لهسن کي پوتھي
ran,دوڑا
rance,روک ـ ٹيله ـ کناره
ranch,افزائش نسل کا مويشي باڑه ـ مويشي پالنے کا کاروبار کرنا
rancher,موشي پالنے والا
ranchman,مويشي پالنے والا آدمي
rancid,سڑا هوا ـ اترا هوا
rancidity,سڑاند ـ ردانت
rancorous,بغض رکھنے والا ـ کينه ور
rancour,بغض ـ عناد ـ کينه ـ عداوت
rand,کناره ـ حاشيه ـ جوتے کا تلا ـ چمٹے کي پٹي ـ ايڑي
randan,کشتي جس کو تين آدمي چلائيں ـ تکڑ ناؤ
randiness,چلبلا پن ـ بے چيني ـ بے قراري ـ بد مستي
random,بے ترتيب ـ بے تکا
randy,مستي ميں شور مچانے والا ـ چلبلا
range,صف به صف کھڑا هونا ـ پرا باندھا ـ صف بندي کرنا
ranger,مهتم جنگلات ـ چور ـ قزاق ـ ڈاکو ـ مهتم شکار ـ سوار
rank,قطار باندھنا ـ صف بندي کرنا ـ درجه بندي کرنا ـ شمار کرنا
ranker,فوجي عهدے دار جس نے ايک سپاهي کے درجے ترقي کي هو
rankle,بکنا ـ سڑنا ـ کھٹک هونا ـ خلش هونا
ransack,ڈھونڈنا ـ چھان مارنا ـ غارت کرنا ـ تخت و تاراج کرنا
ransacker,چھان مارنے والاـ دھونڈنے والا
ransom,رهائي ـ آزادي ـ خلاصي ـ چھٹکارا
ransomable,آزادي کيقابل ـ چھٹکارا پانے کے قابل
ransomer,تاوان وصول کرنے والا
rant,زور بتانا ـ لمبي چوڑي هانکنا ـ باتيں کرنا ـ ڈينگ مارنا ـ چلا چلا کر وعظ کرنا
ranter,شيخي باز
rap,مارنا ـ کھٹکھٹانا ـ دستک دينا ـ ضرب لگانا ـ درشت کلامي کرنا
rapacious,غارت گر ـ لٹيرا
rapacity,لوٹ مار ـ حرص
rape,جبرا حاصل کرنا ـ زنا باالجبر کرنا ـ عصمت دري کرنا
raper,عصمت دري کرنے والا ـ زنا کرنے والا
rapid,تيز ـ تيز رو ـ تيزي سے واقع هونے والا ـ تند ـ سلامي ـ نشيب
rapider,تيزي سے واقع هونے والا
rapidity,سرعت ـ تندي
rapidly,تندي سے ـ تيزي سے
rapidness,تيزي ـ تندي
rapier,پتلي لمبي ديوار ـ عباسي ـ کٹار
rapierthrust,تيکھا جواب ـ چھبتي يوئي بات
rapine,لوٹ مار ـ غارت گري
rapport,رابطه ـ تعلق ـ نسبت
rapprochement,مصالحت ـ مفاهمت
rapscallion,کمينه ـ بد معاش
rapt,مگن ـ مست ـ بے خود
rapture,بے خود ـ سرمستي ـ ناقابل برداشت مسرت ـ جوش ـ جذبه
raptured,حالت وجد ميں ـ بے خود ـ مستغرق
raptures,بے خود هوجانا
rapturous,دلکش ۔ مست کن ۔
rapturously,سر مستي سے
rapturousness,سر مستي
raraavis,عجيب و غريب شے يا شخص ـ نادر يا انوکھي چيز ـ عنقا
rare,رقيق ـ باريک ـ پتلا ـ غيرمعمولي ـ انوکھي ـ نرالا
rarefaction,پتلا پن ـ رقت  ـهلکا پن ـ لطافت
rarefication,پتلا پن ـ لطافت ـ رقت
rarely,شاذو نادر ـ کبھي کبھي
rareness,ندرت ـ هلکا پن ـ لطافت
rarify,لطيف کرنا ـ هلکا کرنا ـ پتلا کرنا ـ مهذب کرنا ـ تزکيه کرنا
rarity,نرالا پن ۔ پتلا پن ۔ ہلکا پن ۔
rascal,ايک دبلا پتلا هرن ـ بد معاش ـ بد ذات ـ غنڈا ـ شرير آدمي
rascalism,بد معاشی ۔ پاجی پن ۔
rascality,بد معاشي
rascally,بد معاشي سے
rash,سرخ باده ـ سرخ دانے ـ جلد باز ـ غير محتاط ـ بے دھڑک
rasher,سور کے نمکين گوشت کا ٹکڑا
rashness,جلد بازي ـ بے باکي
rasorial,کريدنے والے پرندوں کے متعلق
rasp,موٹي ريتي ـ سوهن ـ ناگوار هونا
raspatory,جراحی ہوہن ۔
raspberry,رس بھري کا پھل
rasper,برهم کر دينے والا
rasure,کاٹ کوٹ ـ مٹائي هوئي جگه
rat,چوها
ratable,محصولي  ـقابل محصول
ratably,تناسب سے
ratafia,روغن بادام کي خوشبو ـ ميوه دار بسکٹ
rataplan,ڈھول يا تاشے کي آواز
ratchet,دندانے دار پهيا  ـ کھانچے دار پهيا
rate,شرخ ـ نرخ ـ بھاؤ ـ قيمت ـ اندازه ـ معيار ـ درجه ـ قدرکرنا ـ محصول ـ راتب ـ قسم ـ اندازه لگانا ـ شمار کرنا ـ خيال کرنا ـ جھڑکنا ـ دھمکانا
rateable,قابل قدر ـ قيمت لگانے والاب
rather,بلکه ـ بر خلاف ـ برعکس
ratification,منظوري ـ توثيق ـ تصديق
ratify,توثيق کرنا ـ تصديق کرنا ـ منظور کرنا
rating,شرح بندي ـ درجه بندي ـ جھڑکي ـ گھرکي
ratio,نسبت ـ مقدار
ratiocinate,بحث کرنا ـ مناظره کرنا ـ استدلال کرنا
ratiocination,استنباط ـ استدلال
ratiocinator,نحث کرنے والا ـ مناظره کرنے والا
ration,راتب ـ خوراک
rational,صاحب عقل ـ عاقل
rationalism,معقوليت
rationalist,غفلت پسند ـ معقولي
rationalistic,عقلي
rationality,قوت فيصله ـ قوت مدرکه
rationalization,قومي صنعت کي عقلي تنظيم
rationalize,عقلي استدالي بنانا ـ عقل کے مطابق تاويل کرنا
rationalizer,عقل کے مطابق تاويل کرنے والا
rattan,بيد ـ بيد کي شاخيں
ratteplate,بکواسي
ratter,بلدیہ کا چوہا مار جوان ۔
rattle,کھڑکھڑانا ـ گڑگڑانا ـ چھن چھن کرنا
rattlemouse,چمگادڑ
rattlesnake,کھڑکھڑ کي آواز پيدا کرنے والا سانپ
rattlethesabre,لڑائي کي دھمکي دينا
rattling,تيز ـ تند
ratty,طوطا چشم ـ چڑچڑا ـ غدار
raucity,آواز کا بھاری پن ۔
raucous,بيٹھي هوئي آواز ـ بھاري آواز
raucously,بيٹھي هوئي آواز سے
ravage,غارت کرنا  ـ ويران کرنا ـ پامال کرنا  ـ لوٹنا ـ اجاڑنا ـ تباهي ـ پامالي ـ ويراني
rave,ديوانوں کي طرح بکنا ـ غل مچا نا ـ ديوانه هونا ـ گرج ـ فراٹا
ravel,الجھانا ـ الجھاؤ دور کرنا ـ سلجھانا ـ ادھيڑ نا ـ پيچ نکالنا
ravelin,قلعه کا بيروني دمدمه ـ باهر کا مورچه
raven,مر بھوکے کي طرح کھانا ـ حريص بن کر کھانا ـ هڑپ کر جانا
ravenous,لالچي ـ حريص ـبے حد بھوکا ـ بھوک سے بے تاب ـ پھاڑ کھانے والا
ravenously,خونخواري سے ـ حريصانه طور پر
ravenousness,خونخواري ـ درندگي ـ طمع
ravin,لوٹ مار ـ قزاقي ـ شکاري زندگي
ravine,پهاڑي ناله ـ تنگ گهرا چشمه
raving,بھکي بھکي باتيں کرنا
ravish,زبردستي لے جانا ـ بھگا لے جانا ـ عصمت در ي کرنا  ـ خوشي سے باغ باغ کر دينا
ravisher,بھگا لے جانے والا ـ زنا بالجبر کرنے والا
ravishing,وجد آور ـ مست کن ـ مسرت بخش
ravishment,زبردستي اٹھالے جانا ـ فرط طرب
raw,خام ـ کچا ـ ادھوراـ نامکمل ـ اناڑي ـ نوآموز ـ دکھتا هوا ـ مرطوب ـ گيلا ـ نامعقول
rawboned,قاق ـ دبلا پتلا
rawhead,هوا ـ نيچا
rawhide,کچا چمڑا
rawish,گدرا ـ کچا پن ـ ناتجربه کاري  ـ خامي
rawness,اناڑی پن ۔ کچا پن ۔
ray,شمار خارج کرنا ـ روشن هونا يا کرنا ـ چمکنا
rayon,چمکدار لکير
raze,چھيلنا ـ زخم ڈالنا ـ مسمار کرنا ـ مٹانا ـ اڑا دينا
razee,عرشے کا جنگي جھاز
razor,استرا ـ استرے سے مونڈنا
razzia,حمله ـ دھاوا ـ چھاپا
razzledazzle,چهل پهل ـ ريل پيل ـ کھيل کود ـ ناچ گانا
re,سے ـ بابت ـ متعلق ـ دوباره
reabsorb,پھر جذب کر لينا
reach,پھيلنا ـ بڑھنا ـ پکڑنا ـ پهنچ جانا
reachable,قابل دسترس ـ پهنچ جانے کے قابل
reacher,پهنچنے والا
reachmedown,تيار ـ بنا بنايا
react,جواب ميں عمل کرنا ـ رد عمل کرنا ـ اثر قبول کرنا
reaction,رد عمل ـ جوابي عمل ـ مدافعت
reactionary,پر نئي چيز کي مخالفت کرنے والا
reactionist,نئے پن کا مخالف ـ قدامت پسند
reactive,رد عمل ظاهر کرنے والا
reactor,رد عمل ظاهر کرنے والا
read,پڑهنا ـ مطالعه کرنا ـ تلاوت کرنا ـکتاب پڑھنا ـ درس لينا
readable,جو پڑھا جا سکے
readably,خوبي کے ساتھ ـ قابل مطالعه طريق پر
reader,پڑھنے والا ـ قاري ـ مطالعه کرنے والا
readership,پروف کاهي کا تصحيح کننده
readily,آساني سے ـ جلدي سے ـ فورا
readiness,تياري ـ آمادگي ـ مستعدي
reading,پڑهنا ـ مطالعه ـ قرات
readjust,پھر سے ترتيب دينا ـ نئے طور پر بندوبست کرنا
readjustable,پھر سے ترتيب دينے کے قابل
readto,پڑھکر ستانا
ready,تيار ـ آراستهـ کمر بسته ـ ليس ـ خواهاں
readymade,بنابنايا ـ تيار
readymoney,نقد دام
readywitted,حاضر جواب
reaffirm,اقرار کي تجديد کرنا ـ پھر سے اقرار کرنا
reaffirmation,پھر سے اقرار
reafforest,پھر سے جنگل لگانا
real,اصلي ـ واقعي ـ کھرا ـ سچا
realism,حقيقت پسندي ـ حقيقت بيني
realist,حقيقت ماده کا قائل
realistic,حقيقت کے مطابق
realistically,عملي طريقے سے ـ حقيقي طور پر
reality,حقيقت ـ اصليت ـ ماهيت
realizable,جو عمل ميں لايا جا سکے
realization,حصول ـ روپيه حاصل کرنا
realize,واقعيت کا رنگ پيدا کردينا ـ پوري طرح سمجھ لينا ـ ذهن نشين کرنا ـ کر دکھانا ـ روپيه جمع کرنا
realizer,ذهن نشين کرنے والا ـ کر دکھانے والا
really,اصل ميں ـ حقيقت ميں ـ کيا وقعي ـ کيا يه سچ هے
realm,مملکت ـ رياست
realpolitic,دوسري تمام باتوں پر قوم کي فلاح کو مقدم رکھنا ـ فلاح قوم
realty,جانداد غير منقوله
ream,سوراخ بڑا کرنا ـ چوڑا کرنا ـ چھيد کرنا
reamer,چوڑا کرنے والا
reanimate,تازه جان ڈالنا ـ نئي روح پيد ا کرنا
reanimation,نئي روح ـ تازه دم
reannex,پھر لگانا ـ پھر جوڑنا
reap,فصل کاٹنا ـ غله جمع کرنا
reapable,کاٹنے کے قابل
reaper,کاٹنے والا
reappear,پھر ظاهر هونا ـ دوباره نمودار هونا
reapplication,دوباره دوخواست دينا
reapply,دوباره کام ميںلانا ـ دوباره درخواست دينا
reappoint,پھر نامزد کرناـ  دوباره مقرر کرنا
reappointment,دوباره نامزدگي
rear,پشته ـ پيٹھ ـ پچھلا حصه ـ بيت الخلا
rearadmiral,نائب امير البجر
reararch,محراب کي پشت ـ محراب کا اندروني حصه
rearguard,فوج کا پچھلا دسته
rearm,دوباره مسلح کرناـ نئے هتھياروں سے مسلح هونا
rearmost,سب سے آخري ـ سب سے پيچھے
rearouse,دوباره بيدار کرنا ـ دوباره روشن کرنا
rearrange,دوباره ترتيب دينا ـ مرمت کرنا
rearrank,پچھلي قطار
rearwards,عقب کي جانب ـ پچھلي طرف
reascend,پھر سے بلند هونا ـ دوباره چڑھنا
reason,وجه ـ مرجب ـ سببـ واسطه ـ ذليل ـ حجت ـ نطق ـ عقل ـ دماغ ـ دراک ـ شعور
reasonable,مناسب ـ واجب ـ قرين قياس ـ معقول ـ شائسته ـ مطابق عقل
reasonableness,اصبت رائے ـ واجبيت
reasonbly,واجبي ـ مناسب طورپر ـ معقول حد تک
reasoning,مناحثه ـ بحث ـ دليل ـ توجيه
reassemble,دوباره ملانا جوڑنا ـ دوباره جمع کرنا
reassert,دوباره کهنا ـ پھر يقين دلانا ـ دوباره جتانا ـ دلائل کا اعاده کرنا
reassess,دوباره انداز کرناـ پھر قيمت کا تعين کرناـ پھر جانچنا
reassign,پھر مقرر کرنا ـ پھر نامزد کرنا ـ پھر منسوب کرنا
reassume,پھر اختيار کرنا ـپھر گمان کرنا ـ پھر مان لينا
reassure,پھر يقين کرنا ـ پھر اطمينان کرنا
reassuring,اعتماد افزا ـ تسکين ده
reave,لوٹنا ـ چھين لينا ـ اڑا دينا ـ تباه کرناـ برباد کرنا
rebaptize,پھر سے بهتسمه دينا ـ پھر سے نام رکھنا
rebate,کند کرنا ـ دھار مارنا ـ کم کرنا ـ دھيما کرنا
rebeck,تاروں کا ايک پرانا ساز ـ رباب ـ ستار
rebel,باغي ـ سر کش ـ منحرف ـ متمرد ـ حکم ماننے والا
rebellion,بغاوت ـ سرکشي ـ انحراف دنگا فساد
rebellious,سر کش ـ باغيـ باغيانه ـ سرکشانه
rebelliousness,سر کشي  ـ بغاوت ـ انحراف
rebellow,جوابي صدا لگانا ـبھاري آواز سے جواب دينا ـ آواز گونجنا
rebidding,دوباره جلد کرنا
rebill,دوباره بل بنانا
rebind,دوباره نئي جلد بنانا ـ پھر سے جلد باندھنا
rebirth,دوسرا جنم ـ دوسرا روپ
reboil,دوباره جوش دينا
rebound,پلٹنا ـ پھرنا
rebuff,روک ـ رکاوٹ
rebuild,دوباره تعمير کرنا
rebuilt,دوباره تعمير کيا هوا
rebuke,سرزنش کرناـ ملامت کرنا
rebuker,ملامت کرنے والا
rebukingly,ملامت کے ساتھ
rebus,معمه ـ علامتي تصوير
rebut,هٹا دينا ـ الٹ دينا ـ دور کر دينا
rebutment,ابطالـ ترديد ـ جواب
rebuttable,هٹا دينے کے قابل
rebuttal,ترديد
rebutter,الٹ دينے والا ـ ترديد کرنے والا
recalcitrance,اڑنا ـ ضد کرنا ـ انحراف کرنا
recalcitrant,منحرف ـ ضدي
recalculate,پھر سے شمار کرنا ـ دوباره حساب کرنا
recalculation,دوباره گنتي کرنا
recall,واپس بلانا ـ دوباره طلب کرنا ـمعزول کرنا
recallable,جو ياد آسکے ـ قابل منسوخي
recaller,واپس بلانے والاـ منسوخ کرنے والا ـ ترديد کرنے والا
recant,پهلے حکم کو منسوخ کرنا ـ باز آنا ـ دست بردار هونا
recantation,دست برداره ـ ترک
recapitulate,خاص خاص باتوں کو دهرانا ـ ياد کرنا ـ خلاصه بيان کرنا
recapitulation,ياد دهاني ـ اختصار
recapitulative,مختصر ـ اعاده
recapitulatory,اجمال ـ سرسري
recast,پھر سے ڈھالنا ـ تجديد کرنا
recede,پيچھے هٹنا ـ پسپا هونا
receipt,رسيد ـ رسيد وصولي ـ محصول خانه
receiptbook,رسيد کي کتاب
receivable,قابل منظوري
receive,پا لينا ـ حاصل کرنا ـ قبول کرناـ منظور کرناـ ماننا
received,معتبر ـ مسلمه
receiver,حاصل کرنے والاـ يقين کرنے والا ـ قبول کرنے والا
receivership,توليت ـ امانت گيري
recelebrate,دوباره منانا
recency,نيا پن ـ تازگي
recension,نظر ثاني ـ تنقيد ـ تنفيح
recent,حاليه ـ جديد ـ تازه ـ تصحيح
recently,حال ميں ـ ابھي
receptacle,ظرف ـ برتن ـ خلا
receptibility,وسعت ظرف ـ امکان وصولي
reception,ادخال ـ داخلهـ رسائي ـ استقبال  وصولي
receptive,قبول کرنے والا ـ اخذ کرنے والا ـ اثر لئنے والا
receptiveness,اخذ کرنے کا استعداد
receptivity,اثر پذيري ـ قابليت
recess,توقف ـ وقفه ـ وقفه آرام وطعام
recession,مراجعت ـ واپسي ـ دست برداري
recessional,مناجات و داعي ـ قومي ترانه ـ سرکاري ترانه ـ اگلي پشت کا
recharge,دوباره بھراتي ـ دوسري بھرائي
rechargeable,دوباره بھرائي کرے قابل
recheck,دوباره جانچ پڑتال کرنا
recidivist,وه شخص جو تائب هونے کے بعد پھر جراثيم ميں مبتلا هو جائے
reciol,پيچھے هٹنا ـ پسپا هوا ـ دھکا دين اـ نفرت کرنا
recipe,نسخه ـ ترکيب ـ تدبير
recipiency,استعداد قبوليت ـ اثر پذيري ـ قبوليت
recipient,گير نده ـ لينے والا ـ حاصل کرنے والا
reciprocal,باري باري ـ متبادل ـ بالعوض
reciprocally,دونوں طرف سے ـ آپس ميں ملکر
reciprocate,باهم تبادله کرنا ـ باهم ايک دوسرے سے رعائت کرنا ـبدله دينا
reciprocation,آگے پيچھے هٹنے کي حرکت
reciprocity,رعائت باہمی ۔ عمل در عمل ۔ لین دین ۔
recital,تشريح ـ بيان ـ وضيح ـ خواندگي ـ تلاوت
recitation,کسي ڈرامے کا اقتباس سنانا ـدوسرے کا کلام سنانا ـ خوش الحاني سے پڑھنا
recitative,تقرير سے ملتا جلتا گانا ـ نغماتي مکالمه ـ لجن سے ادا کي هوئي تقرير
recite,زباني پڑھنا ـ زباني ادا کرنا ـ خوش الحاني سے پڑھنا
reciter,خوس الحاني سے پڑھنے والا ـ قاري
recivilize,از سر نو مهذب بنانا ـ نئے آداب سکھانا
recked,خاطر ميں لانا ـ خيال کرنا
reckless,بے فکر ـ بے احتياط
recklessly,بد احتياطي سے ـ لاپروائي
recklessness,بے احتیاطر ۔ لاپروائی ۔ من چلا پن ۔
reckon,حساب کرنا ـ شمار کرنا ـ کسي عدد تک گننا ـ اندازي لگانا
reckoner,محاسب ـ جانچنے والا
reckonfor,جواب ده هونا
reckoning,حساب ـ شمار
reckonupon,بھروسه رکھنا
reckonwith,حساب چکانا
reclaim,سدھارنا ـ زمين پر کاشت لانا ـ سنوارنا ـ مهذب بنانا
reclaimable,سدھارنے کے قابل ـ قابل احتجاج
reclamation,بازيابي ـ اصلاح
reclame,شہرت حاصل کرنے کا فن ۔
reclean,دوباره صاف کرنا
reclinate,جھکي هوئي شاخيں ـ جھکا هوا ـ سرنگوں
recline,تکيه لگانا ـ بھروسه کرنا  ـ تکيه کرنا
recliner,تکيه لگانے والا
recluse,تارک الدنیا ۔ گوشہ نشین ۔
recognisable,قابل شناخت ـ قابل اعتراف
recognition,توثيق ـ تصديق ـ تسليم کرنا ـ شناخت ـ اقرار
recognizance,اقرار شناخت ـ اقرار نامه
recognizant,اقرار کرنے والا ـ اعتراف کرنے والا
recognize,پهچاننا ـ شناخت کرنا ـ سمجھنا
recognizer,پهچاننے والا
recoin,پرانے سکوں کو گلا کر نئے سکے تيارکرنا ـدوباره ڈھالنا
recollect,دوباره يا دکرنا ـ دوباري جمع کرنا
recollection,ياداشت ـ قوت حافظه
recolor,دوباره رنگ لگانا
recombine,پھر جوڑنا ـ پھر ملانا
recommence,پھر شروع کرنا  ـ پھرآغاز کرنا
recommend,سفارش کرناـ تعريف کرنا ـ سپرد کرناـ قابل قدر کرنا
recommendable,قابل سفارش ـ سپرد کرنے کے قابل
recommendation,تعريف ـ سفارش
recommendatory,سفارشي ـ تعريفي
recommender,سفارش کرنے والا
recommit,پھر سے حوالے کرنا ـ چالان کرنا ـ دوباره حوالت ميں بند کرنا ـ پھر جرم کا مرتکب هونا
recompact,پھر ملانا ـ پھر جوڑنا
recompensable,معاوضه دينے کے قابل ـ بد له دينے کے قابل
recompensation,بدله ـ معاوضه
recompense,بدله دينا ـ اجر دينا ـ معاوضه ادا کرنا ـ تاوان دينا ـ ادا کرنا
recompenser,معاوضه دئنيوالا ـ ادا کرنے والا
recompilation,دوباره مرتب کرنا
recompile,از سر نو تاليف کرنا ـ دوباره مرتب کرنا
recompiled,دوباره مرتب کيا هوا
recompose,دوباره جوڑنا ـ دوباره بنانا ـ امتزاج کرنا ـ ملانا ـ تسلي دينا
recompute,دوباره گننا
reconcilability,موافقت پذيري
reconcilable,صلح پذير ـ مصالحت پذير
reconcile,مان جانا ـ صلح کرنا ـ موافقت کرنا
reconcilement,تصفيه ـ مصالحت ـ ميل
reconciler,صلح کرنے والا ـ مان جانے والا
reconciliate,تصفيه کرنا
reconciliation,تصفيه ـ صلح ـ موافقت
reconciliator,تصفيه کرنے والا
recondite,پوشيده ـ مخفي ـ پيچيده ـ غير معروف
reconditeness,دشوار پسندي ـ مشکل نويسي
recondition,از سر نو درست کرنا ـ مرمت کرنا
reconfirm,دوباره معلوم کرنا
reconnaissance,فوجي ديکھبھال ـ جاسوسي ـ دشمن کي حرکات و سکنات پر نظر رکھنا
reconnect,دوباره ملانا ـ دوباره جوڑنا
reconnoitre,غنيم کي فوج اور موقع کي ديکھ بھال کرنا ـ پروالي کرنا
reconquer,دوباره فتح کرنا ـطاقت سے قبضه کرنا
reconsider,دوباره غور کرنا ـ نظر ثاني کرنا
reconsolidate,دوباره منجمد کرنا
reconstitute,پھر سے مرتب کرنا ـ اصلي حالت ميں دوباره لانا
reconstruct,پھر سے بنانا ـ پھر سے درست کرنا ـاز سر نو تعمير کرنا
reconstruction,از سر نو تعمير
recontract,دوباره ٹھيکه پر دينا
reconvalescence,بيماري سے نجات پانا ـ از سر نو تندرست هونا ا
reconvert,پھر اصلي مذهب پر لانا ـ پھر بدل جانا
reconvey,دوباره پهنچانا
recook,دوباره پکانا
recopy,دوباره کاپي کرنا
record,قلم بند کرنا ـ ضبط تحرير ميں لانا ـ ياد قائم کرنا ـ کتابچه ـ تاريخ شهاشت
recordable,قابل انداراج ـ تحرير ميں لانے کے قابل
recorder,قلم بند کرنے والا ـ نقل کرنيوالا
recordingangel,کاتب اعمال فرشته ـ اعمال لکھنے والا فرشته
recount,دوباره گننا ـ تفصيل بيان کرنا ـ تشريح کرنا ـنقل کرنا
recoup,دوباره کمي پوري کرنا ـ نقصان کي تلافي کرنا
recoupment,معاوضه ـ حصول ـ تلافي
recourse,توجه ـ رجوع ـ ترکيب ـ تدبير
recover,پھر پالينا ـ پھر حاصل کرنا ـ مرض سے نجات پانا ـ پھر هاتھ آجانا
recoverable,ممکن الحصول
recoverer,پھر حاصل کرنے والا
recovery,افاقه ـ شمنا ـ وصولي ـ استحصال
recreant,نامزد ـ پست همت ـ بد عهد
recreantly,نامزدي
recreate,تجديد کرنا ـ تازه دم  کرنا ـ آرام کرنا ـ جي لگانا
recreation,آسائش  ـ آرام ـ تفريح
recreative,فرحت افزا
recrement,پھوک ـ فضله ـ کثافت
recriminate,الٹي تهمت لگانا ـ الٹا الزام دينا ـ ترکي به ترکي جواب دينا
recrimination,الٹي تهمت
recriminative,الزامي
recriminator,الٹي تهمت لگانے والا
recriminatory,الزامي
recross,دوباره پار کرنا
recrudesce,پھر پھوٹ پڑنا ـ پھر زور هونا
recrudescence,پھر زور پکڑنا
recrudescent,دوباره زور پکڑنے والا
recruit,نئي بھرتي کرنا ـ تقويت دينا ـ تازه دم کرنا
recruiter,نئي بھرتي کرنيوالا
recruitment,نئي بھرتي
rectangle,مستطيل
rectangular,قائم الزاويه شکل کا
rectifiable,اصلاح پذير ـ قابل تلافي
rectification,تصحيح ـ اصلاح
rectifier,تلافي کرنيوالا ـ اصلاح  کرنے والا
rectify,درست کرنا ـ غلطي دور کرنا ـ ٹھيک کرنا
rectilinear,خط مستقيم
rectitude,راستيـ راست بازي ـ سچائي
rector,حلقه کا پادريـ مدرسه کاصدر ـ ناظم
rectorate,رکٹر کا عهده
rectorship,رکٹر کا منصب
rectory,پادری کا مکان ۔
rectum,بڑي انتري کا آخري حصه ـ مقعد
recumbency,ليٹا هوا هونا ـ تکيه لگانا ـ استراخت
recumbent,تکيه لگانے هوئے ـ جھکا هوا
recuperate,صحت يا توانائي حاصل کرنا ـ تندرست هو جانا ـ سنبھل جانا
recuperation,شفايابي ـ صحتيابي
recuperative,تلافي نقصان کے متلعق ـ بازيابي کا
recur,دوباره خيال آنا ـ عود آنا ـ پھر واقع هونا
recurrence,باربار واقع هونا
recurrent,ره ره کر هونے والا ـ متواتر واقع هونے والا
recurrently,پيچھے مڑتے هوئے ـ باربار
recurvate,پيچھے کو جھکا هوا ـ خميدگي ـ پيچھے کي طرف جھکاؤ
recurvature,الٹي موڑ ـ خميدگي
recurve,پھر سے جھکانا ـ پيچھے مڑنا
recusancancy,عدولي حکمي ـ سر کشي
recusance,عدولي حکمي ـ سرکشي
recusants,کليسائے انگلستان کا منکر ـ سر کش
red,سرخ ـ لال ـ احمري ـ قرمزي ـ خون کے رنگکا
redact,اشاعت کيلئے تيار هوناـ کتاب کي تدوين کرنا
redaction,تدوين ـ تاليف
redactor,تدوين کرنے والا
redbook,فہرست مضامین ۔
redchalk,گيرو
redden,لال هوجانا ـ سرخ هوجانا
reddish,سرخ گوں
reddition,صفائي ـ درستي ـ بچاؤ ـ لڑنے والوں کو عليحده کرنا
reddle,لال مٹي
redecorate,دوباره سجانا
redeem,چھڑا لينا ـ واپس لينا ـ پھر سے خريد لينا ـ بچانا ـ نجات دلانا
redeemable,اصلاح پذير
redeemer,حضرت عيسي عليه السلام کا لقب ـ شفيع
redemand,دوباره مطالبه کرنا
redemption,محلفي ـ تلافي ـ خلاصي ـ کفاره ـ چھٹکارا
redemptive,کفاره گناه کا ـ تلافي کا
redescribe,دوباره بيان  کرنا
redesign,دوباره ڈيزائن کرنا
redevelop,دوباره ترقي دينا
redeveloper,دوباره ترقي دينيوالا
redeye,لال آنکھيں ـ شرابي آنکھيں
redhanded,جرم کرتے هوئے ـ موقعه پر ـ رنگے هاتھوں
redingote,عورتوں کے پهننے کا لباده اوور کوٹ
redintegrate,دوبره مکمل کرنا ـ مرمت کرکے اصلي حالت پر لانا ـ تجديد کرنا
redintegration,عمل ترميم ـ اصلي حالت پر لانا ـ تجديد
redirect,نئي هدايت دينا ـ دوسرے پته پر روانه کرنا
rediscount,دوباره رعايت کرنا
rediscover,پھر پالينا ـ دوباره دريافت کرنا
rediscovery,دوباره وصولي
redistribute,پھر تقسيم کرنا ـ پھر بانٹنا
redistribution,دوباره تقسيم
redivide,دوباره تقسيم کرنا
redness,انقلاب پسندي ـ لالي
redo,پھر سے کرنا ـ دوباره کرنا
redolence,تيز خوشبو ـ خوشبو
redolent,کسي کي ياد دلانے والا ـ خوشبودار
redouble,تاش ـ ڈيل کو ري ڈبل کرنا
redoubt,قلعه کا اندروني حصه
redoubtable,دهشت انگيز ـ خوفناک
redound,فاضل هونا ـ سوا هونا ـ زياده هونا ـ لوٹنا ـ حق دينا
redress,ٹھيک کرناـ درست کرناـ چاره سازي کرناـ خرابي دور کرنا ـ تلافي کرنا ـ داد رسي کرناـ حق دينا
redresser,ٹھيک کرنے والا ـ تدراک کرنے والا
redtape,دفتري ضابطه کي سخت پابندي
redtapism,دفتري کاروائي کي  رسمي پابندي
redtapist,دفتري قاعدوں کا پابند ـ لکير کا فقير
reduce,گھٹانا ـ کمي کرنا ـ کمزور کرنا ـ طاقت کم کرنا
reducer,کم کرنے والاـ گھٹانے والا
reducible,جس کو مغلوب کيا جا سکے ـ تخفيف کے قابل ـ قابل تحويل
reduction,تخفيف ـ تقليل ـ کمي ـ منهائي ـ تسخير
redundance,فضول يا زائد هونا ـ بھتات
redundancy,فضول هونا ـ زائد هونا
redundant,زائد ـ فضول ـ حشو
redundantly,بھرتي کے طور پر ـ فروائي سے
reduplicate,دگنا کرنا ـ دو چند کرنا ـ دهرا کرنا
reduplication,دو چند يا دونا هونا ـ هو بھو تقليں ـ حرف کي تکرار
reecho,گونجنا ـ صدا پيدا کرنا ـ صدا کو دهرانا
reed,نرسل ـ سرکنڈه ـ بے ـ بانسر ي ـ مرليـ منهال لگانا
reediness,سرکنڈے کي کثرت
reeding,ايک يورپي پرنده جس کي داڑھي هوتي هے
reedy,سر کنڈا بھرا ـ نے کا
reef,چٹانوں کا سلسله ـ ياد بانچه لپيٹنا
reefer,بادبانی کا کام کرنے والا ۔ ناخدا ۔ مدد گار کپتان ۔
reek,بخارات نکلنا ـ دھواں نکلنا
reeker,بو دينے والا
reel,اٹيرنا ـ چرخي پر چڑھانا ـ لڑکھڑانا ـ بے قابو هونا
reelect,ايک شخص کو دوباره منتخب کرنا
reelection,دوباره انتخاب
reelingly,چکراتے يا لڑکھڑاتے هوئے
reembark,جھاز پر بھر سوار هونا
reemerge,پھر ظهور هونا ـ پھر برآمد  هونا
reenact,مقرر قانون بنانا ـيا جاري کرنا ـ دوباره کھيل دکھانا
reenjoy,دوباره لطف اندوز هونا
reenter,دوباره داخل هونا
reentrance,دوباره داخله
reentry,پھر داخل هونا
reestablish,دوباره مستحکم هونا
reeve,جھاز کے کنڈے ميں رسي ڈالنا ـ سيندھنا ـ عامل ـ حاکم ـ ضلع کا صدر
reexamination,دوباره امتحان لينا
reexamine,دوباره امتحان لينا
reexchange,دوباره تبديل کرنا
reexhibit,دوباره منع کرنا
refection,کام کے بعد کا کھانا ـ آرام
refectory,کھانے کا کمره ـ طعام خانه
refer,استصواب کرنا ـ صلح لينا ـ مشوره ليناـ حواله دينا ـ دريافت کرنا
referable,قابل اصلاح ـ دريافت کرنے کے قابل
referee,ثالٹ ـ منصف ـ کھيل کا نگراں
reference,حواله  ـ استصواب ـ رجوع ـ تعلقـ استفسار
referendary,وه عهده دار جو بادشاه يا پوپ کے طرف سے درخوستوں کا جواب دے ـ رپورٹ کرنے والا ـ مشير عدالت
referendum,رائے دھندگان سے کسي معامله ميں براه راست استصواب
refill,دوباره بھرنا
refillable,دوباره بھرنے کيقابل
refine,صاف کرنا ـ مصفا کرنا ـ خالص بنانا ـ ميل دور کرنا
refinement,شستگي ـ صفائي  ـ آراستگي ـ نزاکت
refiner,صاف کرنے والاـ مصفا کرنے والا
refinery,تيل صاف کرنے کا کارخانه
refit,مرمت کرنا ـ درست کرنا ـ پھر ٹھيک کرنا
reflation,مقدار زر يا سکه جاريه کو اپني اصلي حالت ميں لاکرپھر مصنوعي طريقوں سے اس ميں  اضافه کرنا
reflect,منعکس کرنا ـ عکس ڈالنا ـ مظهر هونا
reflection,انعکاس ـ منعکس
reflective,مستغرق ـ متفکر ـ خيال ميں ڈوبا هوا
reflectively,غور و فکر سے
reflectiveness,غور وخوض ـ سنجيدگي
reflector,عکس انداز ـ عکس ڈالنے والا آله
reflex,عکس ـ پرتو ـ مظهر
reflexibility,عکس اندازي ـ انعکاس
reflexible,انعکاس پذير ـ عکس انداز
reflexive,فعل معکوس ـ جو فاعل کي طرف راجع هوا
refloat,غرق شده کشتي کو دوباره ترانا ـ قابل سفر بنانا
refluence,جزر ـ پاني کا اتار
refluent,اتار پر ـ اترتا هوا پاني ـ الٹا نهنے والا
reflux,جزر ـ بھٹا ـ اتار
reforest,پھر سے جنگل لگانا
reforestation,دوباره جنگل بنانا
reform,سياسي اصلاح کرنا يا هونا ـ درست کرناـ مهذب بنانا ـ پھر مرتب کرنا
reformable,درست کرنے قابل ـ مرتب کرنے کے قابل
reformation,درستي ـ اصلاح عمل
reformative,تجديدي ـ اصلاحي
reformatory,اصلاحي ـ تاديبي
reformer,اصلاح کا حامي ـ اصلاح کرنے والا
refract,متفرق کرنا ـ منتشر کرنا ـ راه راست سے پھير دينا
refraction,انعطاف ـ شعاعوں کا انتشار
refractor,شعاعوںکو موڑ دينے والا ـ شيشه ـ شعاع کش شيشه
refractorily,سختي سے ـ متمردانه ـ سرکشانه
refractoriness,انحراف ـ تمرد
refractory,سر کش ـ متمرد ـ منحڑف ـ پھرا هوا
refrain,روکن اـ باز رکھنا ـ ضبط کرنا ـ ترک کرنا
refrangibility,انحراف شعاع
refrangible,موڑے جانے کے قابل ـ مڑنے والي ـ انعطاف
refreeze,دوباره منجمد کرنا
refresh,آرام دينا ـ تازه دم کرنا ـ جان ميں جان آنا
refresher,فرحت بخچنے والا ـ تازه دم کرنے والا
refreshingly,فرحت بخش طور پر
refreshment,آرام ـ آسائش ـ ترو تازگي ـ کھانے پينے کي هلکي چيزيں
refrigerant,ٹھنڈا کرنے والا ـجمانے والا
refrigerate,مجمد کرنا ـ جمادينا ـ سر کر دينا ـ حرارت دور کرنا
refrigeration,ٹھنڈا هو جا نا ـ جمنا ـ سرد کرنے کا عمل
refrigerator,براده ـ خشک ساز آله ـ ٹھنڈا کرنے والي الماري
refrigeratory,ٹھنڈا کرنے والا ـ ٹھنڈا کرنے کا ظرف
refuge,جائے پناه ـ امن ـ پناه
refugee,پناہ گیز ۔ مہاجر ۔ پناہ گزین ۔
refulgence,نور ـ روشني ـ درخشاں
refulgent,تابان ـ روشن ـ منور
refund,واپس کرنا ـ لوٹا دينا
refundable,واپس کرنے کے قابل
refunder,واپس کرنے والاـ لوٹا دئنے والا
refundment,رقم کي واپسي ـ باز ادائي
refurbish,دوباره صقيل کرنا  ـ چمکانا
refurnish,نئے ساز وسامان سے آراسته هونا
refusable,نامنظور کرنے کے لائق ـ واپس کرنے کے قابل
refusal,ناپسنديدگي ـ کورا جوابي ـ نامنظوري
refuse,انکار کرنا ـ نامنظوري کرناـ قبول نه کرنا
refuser,انکار کرنے والا ـ قبول نه کرنے والا
refutable,جھٹلانے کے قبل ـ قابل ترديد
refutals,ترديد
refutation,ترديد
refute,جھوٹا ثابت کرنا íـ جھٹلانا ـ غلط ثابت کرنا
refuter,جھٹلانے والا ـ غلط ثابت کرنيئ والا
regain,پھر پانا ـ پھر حاصل کرنا
regainer,پھرحاصل کرنے والا
regal,شاهانه ـ خسروي
regale,دعوت کھانا ـ پرتکلف دعوت ميں شريک هونا ـ خوشبو ـ ذائقه ـ دعوت کرنا
regalement,خاطر مدارت
regalia,شاہی اختیارات ۔ شاہا نہ لوازمات ۔ شاہی سازوسامان ۔
regalism,يه عقيده که بادشاه ديني معاملات ميں واجب الاطاعت هيں
regality,شاهي اختيارات ـ لوازمات سلطنت
regard,ديکھنا ـ لحاظ کرنا ـ ادب کرنا ـغور کرنا ـ دھيان ميں لانا
regardful,احترام کرنے والا
regardless,بے فکر ـ بے ادب ـ قطع نظر
regatta,کشتي راني کا مقابله
regelate,پھر جم جانا ـ برف کا پگھل کر پھر جم جانا
regency,نيابت شاهي ـ منتظمين سلطنت
regenerate,پھر پيدا کرنا ـ نيا جنم دينا ـ زندگي بخشنا
regeneration,نئي زندگي ـ هدايت يافتگي
regenerative,روح پرور ـ اصلاحي
regenerator,پھر پيدا کرنے والا ـ اصلاح کرنے والا
regent,نائب رياست ـ بادشاه کا قائم مقام
regerminate,پھر پھوٹنا ـ پھر نکل آنا
regicide,شاه کش ـ شاه کشي
regie,حکومت کي اجاره داري
regild,دوباره سونے کا ملمع چڑھانا
regime,حکومت ـ نظام عهد
regimen,ڈھنگ ـ قاعده ـ علاج کا ايک دور ـ حکومت
regiment,ايک هزار سپاهيوں کا دسته
regimental,فوج کا ـ رجمنٹ کا
regimentation,گروه بندي کرنا ـ انتظام کرنا ـ لشکر بنانا
regina,ملکه وقت ـ فرمانروا
reginal,خطے کا ـ اقليم کا ـ علاقائي
region,اقليم ـ رياست ـ ديس
regional,خطے کا ـ اقليم کا
register,درج کرنا ـ اندراج کرنا ـ فهرست ميں شامل کرنا ـ ياد رکھنا ـ داخله لينا
registerable,درج کرنا کے قابل ـ ياد رکھنے کے قابل
registerer,درج کرنے والا ـ ياد رکھنے والا
registership,محافظ دفتري
registrable,قابل اندراج
registrar,رجسٹرارò
registrarship,محافظ دفتري
registration,داخله ـ اندراج
registry,اندراج ـ داخله
regnal,بادشاه کے دور حکومت کے متعلق
regnancy,حکومت ـ اقتدار
regnant,مقبول عام ـ مروجه
regorge,نگلنا ـ پھوٹ پڑنا ـ ابلنا ـ پھر کها جانا
regrant,پھر عطا کرنا
regrate,بازار ميں کوئي جنس خريد کر وهيں زياده داموں  ميں بيچنا ـ پتھر  اوپر سے چھيلنا
regress,مراجعت کرنا ـ پھر جانا ـ پلٹ جانا
regression,واپسي ـ باز گشت
regressive,رجعت پسندانه ـ رجعت ميں
regressiveness,رجعت ـ واپسي
regressor,مراجعت کرنے والا ـ پلٹ جانے والا
regret,افسوس کرنا ـ پچھتانا ـ ملول کرنا ـ ادس هوناò
regretable,قابل افسوس
regretful,غمگین ۔
regretfully,افسوس کيساتھ
regretfulness,حسرت ـ ملال ـ ندامت
regroup,از سر نو نوگروه بندي کرنا
regular,باقاعدهـ باضابطه ـ برابر ـ حسب معمول ـ حسب دستور
regularity,همواري ـ پابندي وقت ـ باقاعدگي ـ يکسانيت
regularization,باضابطه کرنا ـ باقاعده بنانا
regularize,وقت کا پابند کرنا ـ اصول کے تحت لانا
regularizer,وقت کا پابند کرنے والا
regularly,حسب معمول
regulate,باقاعده کرناـ پابند کرنا ـ ٹھيک کرنا
regulation,قانون ـ ضابطه ـ حکم
regulative,ترتيبي ـ تنظيمي
regulatively,باقاعدگي
regulator,حرکت کو منظم کرنے والا ـ باقاعده رکھنے والا پرزه
reguline,بغير صاف کي هوئيـ خام دھات
regulus,کچي دھا ت ـ مرکب دھات
regurgitate,اگل دينا ـ پيچھے کو بھنا
rehabilitate,بحال کرنا ـ سابقه حالت پر لانا ـ پھر آباد کرنا
rehabilitation,سرفرازي ـ بحالي
rehabilitator,بحال کرنے والا ـ سابقه حالت پر لانے والا
rehandle,پھر کام لينا ـ دوباره استعمال ميں لانا
rehash,پراني چيزوں کو نيا بنا کر پيش کرنا
rehear,مقدمه کي از سر نو سماعت کرنا
rehearsal,باز خواني ـ مکرر خواني ـ مشق ـ حفظ کيا هوا بيان سنانا ـ اعاده
rehearse,دھرانا ـ دوباره سنانا ـ دوباره کهنا
rehearser,دوباره کهنے والا
rehumanize,پھر سے انسان بنانا ـ انسانيت پيدا کرناـ پھر سے مهذب بنانا
reich,جرمني کي جمهوري حکومت
reicharath,آسٹريا کي پارليمنٹ
reichstag,ريشاخ ـ جرمني کي پارليمنٹ
reified,مشکل کر دينا
reify,مشتکل کر دينا ـ کسي غير مرئي هستي کو مادي شکل دينا
reign,رياست حکومت ـ راج ـ عمداري ـ بادشاهت کرنا ـحکومت کرناـ چھايا هواـ سلطنت کرنا
reigningbeauty,حسينه روزگار ـ ملکه جھاں
reignite,دوباره جلانا ـ دوباره آگ لگانا
reimbursable,واپس کرنے کے قابل
reimburse,واپس کرنا ـ لوٹا دينا ـ نقصان کا معاوضه دينا ـ پورا کرنا ـ روشن کرنا
reimburseable,پورا کرنے کے قابل ـ واپس کرنے کے قابل
reimbursement,بے باقي ـ واپسي ـ تلافي
reimport,بھيجتے هوئے مال کو بھر منگانا ـ برآمدشده مال کو پھر درآمد کرنا
reimpose,پھر عائد کرنا ـ دوباره نافذ کرنا
rein,باگ دوڑ ـ لگام ـ عنان ـ راس ـ اختيار ـ عنان حکومت
reincarnate,دوباره جنم دينا ـ دوباره وجود دينا
reincarnation,از سر نو توليد و تجسيم ـ دوسرا جنم ـ اوتار
reindeer,ایک کا قطبی ہرن ۔
reinforce,مدد پهنچانا ـ کم دينا ـ مضبوط کرنا
reinforcement,مدد ـ زائد امداد ـ کمک ـ امداي فوج
reinforcer,مدد دينے والا
reinform,دوباره اطلاع دينا
reingratiate,دوباره رسوخ پانا ـ پھر منظور نظر هو جانا
reinjured,دوباره زخمي هونا
reink,پھر سياهي پھرنا ـ پھر سياهي سے لکھنا
reinless,بے قابو ـ بے لگام
reins,گردے ـ پٹھا ـ من ـ دل ـ طبيعت
reinsert,پھر داخل کرنا ـ دوباره داخل کرنا ـ دوباري لکھنا
reinspect,دوباره معائنه کرنا
reinspection,دوباره معائنه
reinstall,دوباره جمع کرنا
reinstate,پھر مقرر کرنا ـ بحال کرنا ـ تندروست کرنا
reinstatement,بحالي ـ باز تقرر
reinstruct,دوباره هدايت کرنا
reinsure,پھر بيمه کرانا ـ بيمه منتقل کرنا
reinter,دوباره داخل هونا
reinvest,از سر نو روپيه لگانا
reinvestigate,دوباره تفتيش کرنا
reinvestigation,دوباره تفتيش کرنا
reinvestiture,عطائے خلوط ـ عطائے منصب
reinvestment,از سر نو روپيه لگانا
reinvigorate,نئي روح ڈالنا ـ نئي طاقت  پيدا کرنا
reinvigoration,دوباره استحکام
reinvite,دوباره مدعو کرنا
reissue,پھر جاري کرنا ـ پھر نافذ کرنا ـ مکرر شائع کرنا
reissuer,پھر جاري کرنے والا
reiterate,دهرانا ـ مکرر کهنا ـ باربار کهنا
reject,رد کرنا ـ ناپسند کرنا ـ نا منظور کرنا ـ ترک کرنا
rejectable,ناپسند ـ نااهل ـ ترک کرنے کے قابل
rejectamenta,کوڑا کرکٹ ـ ميل کچيل ـ فضله
rejecter,رد کرنے والا ـ ترک کرنے والا
rejection,انکار ـ ناپسنديدگي
rejector,رد کرنے والا
rejoice,خوش هونا ـ شادمان هونا ـ محفوظ هونا
rejoicer,خوش هونے والا ـ شادما ن هونے والا
rejoicing,جشن ـ شادي
rejoicingly,شادماني سے ـ خوشي سے
rejoin,جواب دعوي داخل کرنا ـ دوباره شامل هو جانا ـ متحد هونا
rejoinder,جواب الجواب ـ رد جواب
rejudge,تجويز ثاني کرنا ـ نظر ثاني کرنا
rejuvenate,اعاده شباب کرنا ـ نئے سرے سے  جوان بنا دينا
rejuvenation,تجديد شباب
rejuvenator,تجديد شباب کرنے والي ـ اعاده شباب کي دوا
rejuvenesce,از سر نو جوان هونا ـ نئي جواني پانا
rejuvenescence,نئي جواني
rejuvenescent,پھر سے جوان هونے والا
rejuvenize,اعاده شباب کرنا ـ نئے سرے سے جوان بنا دينا
rekindle,دوباره جلا نا يا جلنا ـ دوباره روشن کرنا
relapse,پھر آنا ـ پھر مبتلا  هونا ـ بيماري عود کر آنا
relapser,پھر آنے والا ـ پھر مبتلا هونے والا
relatable,کهنے کے قابل ـ بيان کرنے کے قابل
relate,کهنا ـ قصه کهنا ـ روايت کرنا ـ تعلق پيدا کرنا ـ راطبه قائم کرنا
relater,بيان کرنے والا ـ کهنے والا
relation,رشته دار ـ بيان ـ تذکره
relational,رشته کا ـ نسبتي
relationship,تعلق ـ نسبت
relative,رشته دار ـ عزيز ـ قرابتدار ـ اضافي ـ متناسب
relatively,متفقه طريقے سے
relativism,يه نظريه که انسان علم انسان اضافي هے
relativity,نظريه اضافيت
relax,ڈھيلا کرنا ـ نرم کرنا ـ کمزور کرنا ـ سست کرنا ـ دل بهلانا ـ تفريح کرنا
relaxant,ملين دوا
relaxation,ڈھيلا پن ـ تفريح ـ رعايت
relaxer,دل بھلانے والا
relaxingclimate,سست کردينے والا آب وا هوا
relay,گھوڑوں اور کتوں کي ڈاک چوکي ـ بدل چوکي
relayrace,دوڑ جس ميں تين يا چار آدمي ايک ٹيم کے حصه ليتے هيں
releasable,قابل نمائش ـ قابل رهائي
release,چھوڑ دينا ـ دعوي ترک کرنا ـ رھا کرنا ـ آزاد کرنا
releaser,چھوڑنے والا ـ دست برادر هونے والا ـ ترک کرنے والا
relegable,جلا وطني کے قابل
relegate,جلا وطني کرنا ـ ملک سے خارج کرنا
relegation,گرايا جانا ـ اخراج ـ جلاوطني
relent,نرم هونا ـ نرم کرنا ـ پگھلانا ـ هلکا پرنا  ـ رحم کرنا ـ ترس کھانا
relentigly,ترس کھا کر ـ رحم کھا کر
relentless,بے رحم ـ سنگدل
relentlessness,بے رحمي
relevance,مفيد مطلب هونا ـ مسئله سے متعلق هونا
relevancy,مفيد مطلب هونا
relevant,مناسب ـ حسب حال ـ باموقع
relevantly,اپنے محل پر ـ تعلق سے
reliability,متعبر هونا ـ قابل اعتماد هونا
reliable,معتبر ـ قابل و شوق ـ بھروسے کا
reliableness,وثوق هونا ـ بھروسه کا هونا
reliably,معتبر طريقے سے
relian,بھروسه کرنے والا ـ اعتبار کرنے والا
reliance,اعتماد ـ اعتبار ـ بھروسه
relic,نشان ـ اثر ـ کھنڈر ـ تحفه ـ يادگار
relief,آرامـ سکھ ـ چين ـ درد ميں کمي ـ مدد
relieffund,رقم برائے امدادـ امدادي رقم
reliefmap,وه طبعي نقشه جس ميں قدرتي چيزيں ابھار کر يا رنگ بھر کر دکھائي جاتي هيں
reliefwork,خيراتي کام ـ امدادي کام ـ تعميري کام
relievable,قابل امداد ـ قابل سبکدوشي
relieve,ابھارنا ـ اونچا کرنا ابھار کر دينا ـ اعانت کرنا
reliever,اونچا کرنے والا ـ اعانت کرنسے وال ـ سبکد و شي کرنے والا
religion,مذهب ـ دين ـ عقيده ـ ايمان ـ ايمان بالغيب
religioner,مذھبي جماعت کا رکن ـ ديندار آدمي
religionism,مذھبي جنون ـ تنگدلي ـ تعصب ـ مذھب پرستي
religionist,مذھبي ديوانه ـ مذھب پرست
religionize,مذھبي رنگ چڑھانا ـ مذھبي جوش پيدا کرنا
religionse,کٹر ديندار ـ ديوانه مذھب
religiosity,مذھبیت ۔ مذھبی جنون ۔
religious,ديني ـ مذھبي ـ شرعي
religiously,احتياط سے ـ ايمان سے
religiousness,تقوي ـ خدا ترسي
relinquish,چھوڑنا ـ ترک کرنا ـ دست کش هونا
relinquisher,ترک کرنے والا ـ چھوڑنے والا
relinquishment,وا گزاست ـ دست کشي
reliquary,تبرکات رکھنے کا صندوق
relish,چکھنا ـ لطف اندوز هونا ـ مزا اٹھنا ـ مزيدا ر بنانا ـ مرغوب بنانا ـ بو دينا ـ خوش ذائقه کرنا
relishable,ذائقه دار ـ مرغوب
reload,پھر بھرنا
reloader,پھر بھرنے والا
relucent,شفاش ـ چمکتا هوا ـ صاف ـ تاباں
reluctance,نارضامندي ـ بيدلي  ـ بے اعتناهي
reluctancy,نارضامندي سے
reluctant,بے دل ـ نارضامند
reluctantly,چار و ناچار ـ نارضامندي سے ـ بے دلي سے
reluctate,بد دل هونا ـ ناراض هونا
reluctation,مزاحمت ـ ناپسنديدگي
relume,دوباره جلانا ـ پھر روشن کرنا ـ پھر منور کرنا
rely,تکيه کرنا ـ بھروسه کرنا ـ اعتبار کرنا
remain,باقي رهنا ـ رک جانا ـ چھوٹ جانا
remainder,بچت ـ بقيه ـ پس مانده ـ تها سها ـ حاصل ـ وراثت ـ گزاره ـ باز گشت
remake,پھر بنانا ـ نئي طرح بنانا
reman,مزيد آدمي مهيا کرنا ـ مزيد مدد لگانا
remand,واپس بھيج دينا ـ لوٹا دينا ـ حوالات ميں رکھنا ـ مزيد حراست کا حکم دينا
remanent,بقيه ـ پس مانده ـ بچا کھچا
remark,غور کرنا ـ ديکھنا ـ غور سے ديکھنا ـ ذکر کرنا ـ مشاهده کرنا
remarkable,عجيب ـ نادر ـ قابل غور ـ ممتاز ـ نماياں ـ غير معمولي
remarkableness,مخصوصيت ـ امتيازـ ندرت
remarkably,عجيب طور سے ـ از بس ـ نماياں طور پر
remarker,غور کرنے والا ـ مشاهده کرنے والا
remarriage,پھرشادي کرنا ـ دوباره شادي کرنا
remarry,دوبارپ بياه کرناـ دوسرا عقد کرنا
remediable,تدراک پذير ـ قابل تلافي
remedial,علاجي ـ اصلاحي
remediless,بيبس ـ ناچار
remedy,علاج معالجه ـ السير ـ نسخه
remember,ياد رکھنا ـ خيال کرنا ـ ذهن ميں رکھنا ـ نه بھولنا
rememberable,ياد رکھنے کے قابل
rememberer,ياد رکھنے والا
remembrance,ياداشت ـ حافظه ـ سلام دعا
remembrancer,ياد دلانے والا ـ سرکاري قضه وصول کرنے والا ـ ياد رکھنے والا
remiform,پنکھ جيسا ـ چپو جيسا
remigrate,جھاں سے هجرت کي تھي پھر وهيں واپس آنا ـ واپس جانال
remind,ياد دلانا ـ جتانا ـ ياد دهاني کرنا
reminder,ياد دهاني ـ تاکيد ـ دوباره ياد دلانے والا مراسله
remindful,ياد دلانے والا
reminiscence,ياد ـ تذکره ـ واقعات کي ياد ـ ياد دهاني
reminiscent,گزرے هوئے واقعات ياد رکھنے والا
reminiscential,ياد دلانے والا ـ ياد تازت کرنے والا
reminiscently,ياد دلاتے هوئے
remise,بگھي خانه ـ هلکي چوٹ ـ هلکي ضرب لگانا
remiss,سست ـ ڈھيلا ـ کاهل ـ بودا ـ کمزور
remissible,قابل تخفيف ـ قابل معافي
remission,تخفيف ـ قال معافي
remissive,قابل معافي ـ قابل درگذر ـ مغفرت کا
remissly,بودے پن سے ـ لاپروائي سے ـ سستي سے
remissness,کاهلي ـ سستي
remit,پھير دينا ـ چھوڑ دينا ـ حوالے کر دينا ـ معاف کردينا ـ کم کرنا ـ سست پڑناـ دھيما هونا ـ رعايت کرناـ گھٹنا ـ تخفيف کرنا
remittable,پھيرنے کے قابل ـ قابل معافي
remittal,ارسال ـ ترسيل
remittance,ترسيل زور ـ ترسيل
remittant,هاري کا ـ تھوڑي تھوڑي دير ميں گھٹنے بڑھنے والا بخٓر ـ معينه وقفے کا
remitter,تخفيف کرنے والا ـ چھوڑنے والا ـارسال کرنے والا ـ ادا کرنيوالا
remnant,بقيه ـ باقي مانده ـ بچا کھچا ـ آثار قديمه
remodel,نئے نمونے پر مرتب کرنا
remodeler,نئے نمونے پر مرتب کرنے والا
remonstrance,شکايت ـ گله ـ احتجاج
remonstrant,احتجاج کرنے والا
remonstrate,اعتراض کرنا ـ احتجاج کرنا ـ ترديد کرنا
remonstration,احتجاج
remonstrative,شکائتي ـ احتجاجي
remonstrator,اعتراض کرنے والا
remora,ايک قسم کي بحري مچھلي
remorse,تاسف ـ پيشماني ـ ندامت ـ ضمير کي خلش
remorseful,نادم ـ خجل
remorsefulness,بے حس ـ بے رحم
remorseless,بے رحم ـ بے حس
remorselessness,سنگ دلي ـ بے رحمي
remote,دور ـ بعيد ـ الگ ـ پرے ـ اجنبي ـ بے تعلق
remotely,دوري سے ـ فاصلے سے
remoteness,فاصله ـ تفاوت
remould,پھر سے تشکيل کرنا ـ نئي شکل دينا ـ نيا قالب تيار کرنا
remount,گھوڑوں کي نئي بھرتي ـ منزل کا گھوڑا ـ پھر سوار هونا
removable,برطرفي کے لائق
removal,نقل مکاني ـ تبادله
remove,ايک جگه سے دوسري جگه بھيجنا ـ تبادله کرنا ـ برطرف کرنا ـ الگ کرنا ـ موقوف کرنا ـ معزول کرنا ـ مکان چھوڑنا
remover,برطرف کرنے والا ـ وه جس کا پيشه اسباب اٹھانا هو
remunerate,اجر دينا ـ معاوضه دينا ـ کام کي اجرت دينا
remuneration,معاوضه ـ صله ـ جزا
remunerative,سودمند ـ نفع بخش
remunerativenes,نفع بخش هونا ـ سود مند هونا
remunerator,معاوضه دينے والا ـ اجرت دينے والا
renaissance,نشات ثانيه ـ کسي چيز کا احيا ـ دور ترقي
rename,پھر نام رکھ لينا ـ دوباره نام رکھنا
renascence,نيا جنم ـ نئي توانائي
renascent,جو از سر نو توانا هو گيا هو
rencounter,مڈ بھيڑ ـ مقابله ـ ٹکر
rend,چيرنا ـ پھاڑنا ـ نوچنا ـ توڑنا
render,حوالے کرنا ـ واپس کرنا ـ پھير دينا ـ پيش کرنا ـ سر انجام دينا ـ خدمت بجا لانا ـ انتظام کرنا ـ نقشه کھينچنا ـ گرم کر کے صاف کرنا
renderer,حواله کرنے والا ـ سر انجام دينے والا ـ واپس کرنے والا
rendering,ترجمه ـ ادا کردگي
rendezvous,ملاقات کا مقرره مقام ـ جمع هونے کي جگه ـ مجلس ـ اڈا ـ اکھاڑا
rendition,حواله کر دينا ـ سپردگي
renegade,تاريک دين ـ منکر
renegation,غداري ـ دين سے فراري ـ ارتداد
renege,غداري کرنا ـ دين سے فراري اختيار کرنا
reneger,غدار
renew,تازه کرنا ـ تجديد کرنا ـ تازه هو جانا
renewable,نيا بنانے کے قابل
renewal,پھر شروع کرانا
renewer,تجديد کرنے والا ـ نيا بنانے والا
renidify,نيا گھونسلا بنانا
reniform,گردے کي شکل کے
rennet,دودھ جمانا ـ جما هوا دودھ
renounce,چھوڑنا ـ دست بردار هونا ـ هاتھ اٹھانا
renounceable,چھوڑنے کے قابل ـ دست بردار هونے کے قابل
renouncement,دست برداري ـ اعتراض ـ انکار
renouncer,چھوڑنے والا ـ دست بردار هونے والا
renovate,نيا کرنا ـ ترميم کرنا ـ مرمت کرنا
renovation,درستي ـ مرمت
renovator,مرمت کرنے والا ـ ترميم کرنے والا
renown,شهرت ـ نامور ـ نامي گرامي
renowned,ممتاز ـ مامور ـ نامي گرامي ـ مشهور
rent,کرايه ـ ماليه ـ کرايه پر دينا
rentable,قابل استجاره ـ پٹے پر دينے کے قابل
rental,نکاسي ـ جمع بندي ـ کرايه کي آمدني ـ کرايه
rented,کرايه پر اٹھائي هوئي ـ پٹے کي
renter,فلمي تجارت کا شريک ـ وه جو کرايه پر مکان يا دوکان وغيره ديتا هے
rentier,جو کرايه پر گزارا کرے
renunciant,دست بردار هونے والا ـ تارک الدنيا
renunciation,ترک ـ انکار ـ دست برداري
renunciative,ترک دينا کا ـ نفس کشي کا
renunciatory,تعلقات کا
reoccupy,پھر قبضه کر لينا ـ پھر تصرف ميں لانا
reopen,پھر کھولنا ـ پھر شروع کرنا ـ نيا مسئله پيدا کرنا
reopener,پھر کھولنے والا
reorganization,نئے سرے سے منظم کرنا
reorganize,نئے سرے سے منظم کرنا
reorganizer,نئے سرے سے منظم کرنے والا
rep,جاجم ـ دري ـ موٹا کپڑا
repaint,دوسري بار رنگ کرنا
repair,درست کرنا ـ مرمت کرنا ـ سنوارنا
repairable,مرمت کے قابل ـ درست کرنے کے قابل
repairer,درست کرنے والا ـ مرمت کرنے والا
repandous,اوپر کي طرف مڑا هوا
reparable,قابل مرمت
reparation,درستي ـ مرمت
reparative,تلافي کرنے والا
repartee,معقول اور في البديهه جواب
repass,پھر گزرنا ـ واپس سفر کرنا
repast,ناشته ـ کھانا ـ غذا ـ صبح شام کا کھانا
repatriate,کسي قيدي کو اس کے وطن واپس کرنا
repay,ادا کرنا ـ چکانا ـ پھير دينا ـ واپس دينا
repayable,جزا پذير ـ قابل معاوضه
repayment,ادائيگي ـ چکوتي ـ واپسي
repeal,موقوف کرنا ـ منسوخ کرنا ـ منسوخي
repealable,موقوفي کے قابل
repealer,موقوف کرنے والا ـ منسوخ کرنے والا
repeat,دهرانا ـ مکرر کهنا ـ اعاده کرنا
repeatable,مکرر کهنے کے لائق
repeatedly,تکرار سے ـ تواتر سے
repeater,خود کار پشتول کا رائفل ـ گھڑي جو گھنٹے بجاتي هو
repel,دفع کرنا ـ پسيا کرنا ـ ناگوار هونا
repellent,ناگوار ـ کراهت پيدا کرنے والا ـ دور کرنے والا
repellently,ناگوار طريقے سے ـ کراهت سے
repeller,تکرار کرنے والا ـ دفع کرنے والا ـ کراهت پيدا کرنے والا
repent,پشيمان هونا ـ پچھتانا ـ افسوس کرنا ـ نادم هونا
repentance,ندامت ـ توبه
repentant,نادم ـ متاسف
repercussion,صدائے باز گشت ـ گونج
repercussive,گونجتا هوا
repertoire,شعيده بازوں کا ذخيره سامان
repertory,باترتيب چيزيں رکھنے کي جگه ـ مخزن
reperuse,دوباره مطالعه کرنا ـ دوباره نظر ڈالنا
repetition,دهراؤ ـ تکرار ـ اعاده
repetitional,بار بار آنے والا ـ تکراري
repetitionary,بار بار آنے والا ـ تکراري
repine,جلنا ـ کڑھنا ـ شکايات کرنا ـ غم کھانا ـ ملول هونا
repiner,شکايات کرنے والا ـ غم کھانے والا
repiningly,غمزده هو کر ـ ملول هو کر
repique,تيسا پانا ـ جيتنا
replace,کسي کے عوض دوسرے کو رکھنا ـ قائم مقام کرنا ـ جانشين هونا
replaceable,جانشين هونے کے لائق
replacement,بدل ـ قائم مقامي
replacer,بدلنے والا ـ رکھنے والا
replant,کسي جگه سے لا کر پودا رکھنا ـ پھير لگانا
replay,غير فيصل شده ميچ جو دوباره کھيلا جائے
replenish,پھر بھر دينا ـ معمود کر دينا ـ لبريز کرنا
replenished,لبريز ـ بھرا هوا
replenisher,معمور کر دينے والا
replenishment,بھرا هوا هونا
replete,لبريز ـ بھرا هوا
repletion,بھرا هوا هونا ـ معمور هونا
replevin,واگزاشت ـ قرقي
replevy,ضمانت پر چھوڑنا ـ واگزاشت کرنا ـ قرقي سے آزاد کرنا
replica,تصوير کي نقل ـ هوبهو نقل
replicate,تصوير کي نقل تيار کرنا ـ تهه کرنا
replication,تهه کرنا ـ لپيٹنا
reply,جواب دينا ـ جواب ميں کهنا
report,خبر دينا ـ اطلاع دينا  ـ آگاه کرنا  ـ بيان دينا
reportable,خبر دينے کے قابل
reporter,نامه نگار ـ خبر رساں
repose,آرام لينا ـ آرا م سے ليٹنا ـ سستانا
reposer,آرام کرنے والا
repository,وه جگه جھاں چيزيں بغرض حفاظت رکھي جائيں ـ رکھنے کي جگه ـتوشه خانه
repot,پودے کو ايک گملے سے دوسرے گملے ميں منتقل کرنا
reprehend,شرزنش کرنا ـ برا بھلا کهنا ـ ملامت کرنا
reprehensible,قصوروار ـ قابل الزام
reprehension,تهمت ـ سرزنش
represent,نقشه اتارنا ـ خاکه اتارنا ـ بيان کرنا
representable,نقشه اتارنے کے قابل
representation,تصوير ـ شبيه ـ خاکه ـ روپ ـ ناٹک ـ گزارش ـ ادعا ـ وکالت ـ نيايت ـ مختاري ـ نمائندگي
representative,قائم مقام ـ جانشين ـ نمائنده ـ کارنده ـ ايجنٹ
repress,روکنا ـ منع کرنا ـ دبا نا ـ باز رکھنا
repressible,روکنے کے قابل ـ دبانے کے قابل
repression,تشدد ـ جبر ـ سختي
repressive,انسدادي ـ اجابرانه ـ روکنے والاـ دبانے والا
repressor,دبانے والاـ روکنے والا ـ باز رکھنے والا
reprieve,مهلت دينا ـ سزا ملتوي کرنا ـ وقفه دينا
reprimand,سخت ملامت ـ سرزنش
reprint,دوباره چھانپنا
reprinter,دوباره چھانپنے والا
reprisal,پاداش ـ بدله
reprise,سالانه محصول لگانا ـ دوباره قيد کرنا
reproach,سرزنش کرنا ـ برا بھلا کهنا
reproachable,قابل الزامو
reproacher,الزام لگانے والاـ برا بھلا کهنے والا
reproachful,تحقير آميز ـ قبيح
reproachfulness,حقارت آميز هونا ـ ملامت خيز هونا
reproachingly,ملامت آميز طريقے سے
reproachless,ناقابل الزام ـ بے داغ ـ بے عيب
reprobate,خراب ـ خسته ـ خراباتي ـ بد معاش
reproduce,از سر نو پيدا کرنا ـ نقل پيدا کرنا ـ اولا د پيدا کرنا
reproducer,از سر نو پيد ا کرنے والا
reproduction,نسلي تلسلسل ـ پيدائش
reproof,ملامت ۔ ڈانٹ ڈپٹ ۔ لعن طعن ۔
reprovable,زجر و توبيخ کے قابل ـ لعن ملامت کا مستحق
reprove,ملامت کرنا ـ تنبيه کرنا
reprover,ملامت کرنے والا
reprovingly,ملامت کرتے هوئے
reprovision,دوباره ذخيره کرنا ـ دوباره سامان مهياکرنا
reptant,رينگنے والا ـ نيچے پھيلنے والا
reptile,رينگنے والا جانوار
reptilepress,حکومت کي هاں ميں ها ن ملانے والا ـ خوشامدي
reptilian,کيڑيمکوڑيکي طرح
republic,جمهوري حکومت ـ جمهوري
republican,جمهوري پارٹي کا
republicanism,جمهوري دستور
republicanize,جمهوريت پسند بنانا
republication,اشتهار ثاني
republish,دوباره شائع کرنا ـ دوباره مشتهر کرنا ـ دوباره اعلان کرنا
repudiate,چھوڑ دینا ۔ طلاق دیانا نکال دیان ۔
repudiation,قطع تعلق ـ ترک
repudiator,ترديد کرنے والا ـ انکار کرنے والا
repugn,مخالف هونا ـ مقابل هونا ـ مزاحم کرنا ـح
repugnance,مغائرت ـ کراهت
repugnant,مخالف ـ متضاد ـ انمل ـ نے جوڑ
repulse,پسپا کرنا ـ پيچھے هٹا ديابن ـ هرا دينا
repulser,پسپاکرنے والا ـ هرا دينے والا
repulsion,هار ـ شکست
repulsive,تنفر آفريں ـ مکروه ـ نفرت انگيز ـ روکنے والا
repulsively,نفرتانگيزي سے
repulsiveness,کراهت ـ تنفر
repurchase,دوباره خريد لينا
reputable,نامور ـ مشهور ـ معزز ـ معترم
reputably,شهرت سے
reputation,نيک نامي ـ شهرت ـ ناموري
repute,گننا ـ سمجھنا ـ جاننا ـ سمجھا جانا
reputedly,ساکھ سے ـ اعتبارسے
request,گزارش ـ درخوست ـ عرض ـ التجا
requester,درخواست گزار
requestor,درخواست گزار
requiem,دعائے مغفرت ـ فاتحه
requiescat,دعائے مغفرت ـ الله مغفرت کرے
require,مانگناـ طلب کرنا ـ ضرورت هونا ـ تقاضا هونا
requirement,ضروري سامان ـ احتياج ـ ضرورت
requirer,ضرورت مند
requisite,ضروري ـ ناگزير ـ ضرورت چيز
requisition,طلب ـ خواهش ـ مانگ ـ حکم ـ کام ميں لانا
requisitioner,خواهش کرنے والا
requital,بدله ـ نقد معاوضه ـ پاداش
requite,بدله دينا ـ عوض ديناـ صله دينا
requiter,بدله دينے والا ـ عوض دينے والا
reread,دوباره پڑھنا
rerun,پھر دوڑنا
res,چيز ـ شے ـ جاندار
rescind,رد کرناـ منسوخ کرناـ کاٹنا
rescindable,رد کرنے کے قابل
rescinder,رد کرنے والا ـ منسوخ کرنيوالا
rescission,کاٹ ـ تنسيخ
rescript,دوباره لکھنا
rescue,خطره يا قيد سے رهائي دلانا ـ چھڑانا ـ نجات دلانا ـ رها کرنا
rescuer,آزاد کرنے والا
research,تفتيش ـ تلاش ـ جستجو ـ تلاش کرنا
researcher,تلاش کرنے والا ـ تحقيق کرنے والا
researchful,کھوجي ـ راز جو
resect,کاٹنا ـ تراشنا ـ برابر کربا
resection,کاٹنا ـ تراشنا
reseek,دوباره تلاش کرنا ـ از سرنو تحقيق کرنا ـ پھر تلاش کرنا
reseize,دوباره پکڑ لينا يا گرفتار کر لينا ـ پھر قنضے ميں لے لينا
resemblance,هم شکل هونا ـ مماثلت ـ مشابھت
resemble,مشابھت رکھنا ـ مانند هوناـ يکساں هونا
resent,برا ماننا ـ ناراض هونا ـ خفا هونا
resentful,کشيده خاطر ـ آزفده ـ شاکي ـ رنجيده
resentment,غصه ـ آزردگي ـ ناراضگي
reservation,پادري کاحق عفوـ محفوظ کرنے کا عمل
reserve,رکھ چھوڑنا ـ محوفوظ کرنا ـ حصه هونا ـ تقدير ميں آنا
reserved,شرميلا ـ مانوس ـ محتاط
reservedly,محتاط طور پر
reservedness,محتاط
reserver,محفوظ کرنے والا ـ مخصوص کرنے والا ـ مخفي کرنے والا
reservoir,ذخیرہ آب ۔ تالاب ۔ حوض ۔ معلومات کا مخزن ۔
reset,مال مسروقه رکھناـ بٹھانا
resetter,مال مسروقه رکھنے والا
resettle,دوباره آباد کرنا  ـ لوگوں سے بسانا ـ دوباره طے کرنا
reshape,نئي شکل دينا ـ دوباره گھڑنا ـ نئے راستے پر لگانا
reshaper,دوباره گھڑنے والا ـ نئي شکل دينے والا
reshuffle,ترتيب بد دينا ـ دوباره تاش ملانا
reside,بسنا ـ بودوباش ـ سکونت کرنا
residence,اقامت ـ قيام ـ مکان ـ گھر
residency,جانے سکونت
resident,رهنے والا ـ پابند سکونت
residential,سکونتي ـ سکونت کے متعلق
residentiary,مقيم ـ باشنده ـ پابنداقامت ـ مقيم پادري
resider,سکونت کرنے والا ـ قيام کرنے والا
residual,باقي ـ پسمانده ـ بقيه
residuary,باقي کا ـ بقيه کے متعلق
residue,باقي ـ بچا  هوا ـ فضله
residuum,باقي ـ بچا کچھا ـ ادني درجے کے لوگ
resign,استعفے دينا ـ ترک کرنا ـ حوالے کرنا ـ تفويض کرنا
resignation,دست برداري ـ استغفے ـ تابعداري
resigned,متوکلانه ـ راضي به رضا ـ متوکل
resignedly,توکل سے ـ صبر سے
resigner,استغفے دينے والا
resile,لچکنا ـ لپکنا ـ پيچھے هٹنا ـ بھاگنا
resilience,ابھرنے کي قوتـ قلابازي
resiliency,ابھرنے کي قوت
resilient,لچکدار ـ لوچدار
resin,رال ـ گوند
resinate,رال دارچيز
resindentiary,مقيم ـ باشنده ـ پابند اقامت ـ مقيم پادري
resiniferous,رال دينے والي ـ رادل دار
resiniform,رال کي شکل کي ـ رال نما
resinify,رال ملانا ـ رال بنانا
resinoid,رال نما چيز
resinoids,رال نما چيز
resinous,رال سے حاصل کي هوئي ـ رالدار
resipinscent,تانب ـ اپني غلطي کااحساس کرنے والا ـ اصلاح شده
resipiscence,بھتر ذهني حالت ـ راه راست ـ آنکھيں کھلنا
resist,روکن اـ مزاحنمت کرنا ـ مانع هونا ـ مقابله کرنا
resistance,مقابله ـ تعرض ـ مزاحمت
resistant,مانع ـ مزاحم ـ روکنے والا
resister,روکنے والا  ـ مانع
resistibility,مزاحمت پذيري ـ مزاحم هونے کي قابليت
resistible,جو روکا جا سکے
resistive,روکنے کي صلاحيت والا ـ مزاحم
resistor,روکنے والا ـ باز رکھنے والا
resoluble,پگھلنے کے قابل ـ حل هونے کے قابل ـ تحليل پذير
resolute,استوار ـ مستقل ـ مستحکم
resolutely,مستقل مزاجي سے ـ استقللال
resolution,تحليل ـ تجزيه ـ تشريح ـ همتـ اراده
resolutive,حل هونيوالا ـ حل کرنے والا
resolvable,قابل تحليل
resolve,تحليل کرنا ـ اجزا جد ا جد ا کرنا ـ پگھلانا
resolvent,حل کرنے والا ـ تحليل کرنے والا
resolver,تحليل کرنے والا ـ پگھلنے والا
resonance,گونج ـ آواز کي لهر
resonant,گونجنے والي ـ گونج دار
resonantly,گمگ پيدا کرتے هوئے
resonator,گونجنے والا
resorb,دوباره جذب کر  لينا ـ چوس لينا
resorbant,دوسري بار جذب کرنے والا
resorbed,دوباره جذب کيا هوا
resorption,چوسنا ـ جذب هونا ـ انجذاب
resort,گزرنا ـ آجانا ـ آمدورفت رکھنا
resorter,گزرنے والا
resound,گونجنا ـ آواز پيد اکرنا ـ جگه جگه تعريف کرنا اور شهرت يدنا
resource,تدبير ـ چاره ـ ذريعه ـ حاضر دناغي
resourceful,سوجھ بوجھ رکھنے والا
resourcefulness,چاري سازي
resourceless,بے تدبير ـ بے وسيله
resourcelessnes,بے تدبيري ـ بے چارگي
respect,پاس کرنا ـ لحاظ کرنا ـ عزت کرنا ـ احترام کرنا ـ دخل نه دينا
respectability,توقير ـ عزت ـ حرمت
respectable,ذي عزت ـ معقول ـ اچھا ـ واجب التعظيم
respecter,عزت دئنے والا ـ احترام کرنے والا
respectful,باتميز ـ بااخلاق ـ شريف ـ باادب
respectfulness,باتميز هونا ـ بااخلاق هونا
respective,انفرادي ـ اپني اپني ـ مخصوصـ اپنا اپنا
respectively,حسب ترتيب ـ فردا فردا
respirable,سانس لينے کے قابل ـ آرام کرنے کے قابل
respiration,سانس ـ دم کشي ـ سانس لينا
respirator,سانس لينے کا آله
respiratory,سانس لينے کے مطابق
respire,سانس لينا ـ دم لينا ـ آرام کرنا
respite,مهلت ـ وقفه ـ ملتوي کرنا ـ عارضي طور پر تسکين دينا
resplendence,آب و تاب ـ چمک
resplendent,نورانيـ روشن ـ تاباں ـ درخشاں
resplendently,جگمگاتے هوئے
respond,جواب دينا ـ جوابا عمل کرنا ـ متاثر هونا
respondence,جوڑ ـ جواب ـ تقايل
respondences,جواب ـ جوڑ
respondency,جواب ـ جوڑ ـ تقابل
respondent,جواب ده ـ جواب دينے والا ـ مدعا عليه
responder,جواب دينے والا
response,جواب ـ جوابي ـ رد عمل
responsibility,جواب دهي ـ ذمه داري
responsible,جواب ده ـ ذمه دار ـ کفيل
responsions,جامعه آکسفورڈ ميں بي اے کي سند کے تين امتحانوںميں پهلا
responsive,جواب ده ـ اثر پذير ـ همدرد
responsiveness,همدردي ـ جواب دهي
responsory,سنگت کي مناجات ـ ايک شخص کا پڑھنا اور دوسروں کا دهرانا
ressure,پھر يقين دلانا ـ پھرا طمينان کرنا
rest,آرام کرناـ ٹھرنا ـ تھناـ سستانا ـ حالت سکون ميں رهنا
restart,پھر شروع کرنا ـ دوباره جاري کرناـ پھر چالو کرنا
restartable,دوباره شروع کرنے کے قابل
restate,زياده واضح اور تفصيلي طور پر پيش کرنا
restaurant,مکان ـ هال يا کمره جھاں کھانا کھلايا جاتا هے ـ طعام خانه
restaurateur,هوٹل کا مالک
restem,دھارے کے خلاف لے جانا ـ مخالف سمت ميں لے جانا
rester,آرام کرنے والا
restful,پر سکون ـ شور و غل سے پاک ـ سکونت بخش
restfulness,سکون بخش هونا ـ پر سکون هونا
resthouse,ڈاک بنگله
restingplace,قبر ـ آرام گاه
restingwhile,فرصت
restituted,حق دار کو واپس دينا ـ مالک کو واپس کرنا
restitution,باز رسي ـ بحالي ـ اعاده ـ عوض
restive,نچلا ـ اڑيل ـ بے قابو
restiveness,بے چنيني ـ اضطراب
restless,بے چين ـ بے آرام ـ بے قرار
restlessly,بے چيني سے ـ بے قراري سے
restlessness,اضطراب ـ بے چين ـ بے کلي
reston,بھروسه رکھنا
restorable,قابل تجديد ـ واپسي کے قابل
restoration,واپسي ـ تجديد ـ بحالي ـ احيا
restorationism,يه عقيده که باالاخر سب لوگوں کو نجات اور راحت ابدي حاصل هوگي
restorative,شفا بخش ـ قوت نخش ـ مقوي دوا
restore,واپس کرناـ پھير ديناـ دلانا ـ تازه دم
restorer,واپس کرنيو الا ـ تازه کرنے والا
restrain,روکنا ـ مزاحمت کرنا ـ باز رکھنا ـ حد کے اندر رکھنا ـ دبانا
restrainable,باز رکھنے کے قابل ـ روکنے کے قابل
restrainer,روکنے والا ـ باز رکھنے والا
restraint,پابندي ـروک ـ بند ـ حراست ـ معانعت
restrict,قيد لگانا ـ پابند کرنا ـ محدود کرنا ـ روکنا ـ باز رکھنا
restriction,روک ـ پابندي ـ قيد
restrictive,بندش کا ـ پابند کرنے والا ـ روکنے والا
restwith,اختيار رکھنا
resty,آرام طلب ـ سست ـ کاهل
result,نتيجه ـ حاصل ـ ختم هونا ـ  انجام کو پهنچنا ـ پيدا هونا ـ انجام هونا
resultance,حصول ـ نتيجه
resultant,باور آور ـ ثمر آور ـ انجام خيز
resultful,کار آمد ـ نتيجه خيز
resultless,بے سود ـ لاحاصل
resume,واپس لے لينا ـ دوباره اختيار کرنا ـ دوباره حاصل کرنا ـ خلاصه کرنا
resumer,واپس لے لينے والا ـ پھر اختيار کرنے والا
resumption,باز يافت ـ دوباره قبضه ـ دوباره آغاز ـ بازگيري
resupply,دوباره مهيا کرنا
resurge,پھر زور پکڑنا ـ جوش ميں آنا ـ جي اٹھنا ـ پھر زنده هونا
resurgence,پھر سے جي اٹھنا ـ پھر شاداب هو کر پھوٹنا ـ پھر زنده هونا
resurgent,پھر زنده هونے والا ـ پھر جي اٹھانے والا
resurrect,پھر زنده کرنا ـ مردے کو زنده کرنا ـ حشر هونا
resurrection,حشر ـ احياً ـ رست خيز
resurrectional,قيامت کے بارے ميں ـ حشر کے متعلق
resurrectionist,لاش چور ـ مرده چور
resuscitate,زنده کرنا ـ از سر نو جان ڈالنا ـ تازه کرنا ـ جان پڑنا
resuscitation,جان پڑنا ـ تازه کرنا
resuscitative,روح افزا ـ جان بخش
resuscitator,احياً کرنے والا ـ هوش ميں لانے والا
retail,خورده فروشي
retailer,خورده فروش
retain,رکھنا ـ قائم رکھناـ محفوظ کرنا ـ جاري رکھنا ـ مقرر کرنا
retainable,قائم رکھنے والا ـ محفوظ رکھنے والا
retainer,قائم رکھنے والا ـ محفوظ رکھنے والا
retainingfee,وکيل کي فيس
retainingforce,وه فوج جو دشمن کو الجھاتے رکھے
retake,دوباره رکھنا
retaker,دوباره رکھنے والا
retaliate,بدله لينا ـ جزا دينا ـ انتقام لينا ـ الٹا الزام لگانا
retaliation,پاداش ـ بدله ـ مکافات ـ انتقام
retaliator,بدله لينے والا ـ جزا دينے والا ـ انتقام لينے والا
retaliatory,جوابي ـ الزامي ـ انتقامي
retard,مزاحم هونا ـ روکنا ـ موقوف رکھنا ـ دھيما کرنا ـ ترقي روکنا
retardant,روکنے والا
retardation,مزاحمت ـ روک
retarder,روکنے والا ـ مزاحم ـ ترقي روکنے والا
retardment,مزاحمت ـ روک
retartdative,رکاوٹ پيدا کرنے والا ـ قے کرنے کي کوشش کرنے والا
retaught,دوباره سکھايا هوا
retch,ابکائي لينا ـ قے کرنا
retention,حراست ـ قيد ـ پابندي ـ حافظه
retentive,اخذ کرنے والا ـ ياد رکھنے والا ـ ممسک
retentiveness,روکنے والا يا قئم رکھنے والا
retenue,ملازمين ـ خدمت گار
rethink,پھر سوچنا
retiary,جال دار گھڑيال ـ جال دار مکڑي
reticence,کم گوئي ـ سکوت ـ اخفا ـ اپنے دل کا حال چھپانا ـ خاموشي کي عادت ـ اعتدال
reticent,خاموش ۔ کم سخن ۔
reticle,ايک باريک جالي
reticulate,جال يا جالي بنانا ـ چھوٹے چھوٹے خانوں ميں ترتيب دينا
reticulation,جالي بننا ـ جال بنانا
reticule,جالي کا بيگ ـ دوربين کے دھانے کي جالي
reticulum,دوسرا معده ـ جگالي کرنے والے جانوروں کا معده
retiform,جالي نما ـ جالي کي شکل کا
retina,آنکھ کا پهلا پرده جس ميں بصارت کي حس هوتي هے ـ پرده اول
retinitis,آنکھ کے پردے کي جلن ـ پرده چشم کي سوزش
retinue,سواري ـ جلو ـ خدم و حشم ـ نوکر چاکر
retire,کناره کش هونا ـ گوشه نشين هونا ـ دست بردار هونا ـ´ هٹ جانا
retired,گوشه نشين ـ وظيفه ياب
retirement,خلوت ـ خانه نشيني ـ عزلتـ تنهائي
retiring,خاموش ـ خلوت پسند
retort,جھکانا ـ پلٹنا ـ موڑنا ـ الٹکر جواب دينا
retorter,بد له لينے والا ـ انتقام لينے والا
retortion,پيچھے کي طرف موڑنا يا مڑنا ـ انتقامي کاروائي
retouch,درست کرنا ـ مزين کرنا ـ آراسته کرنا ـ نظر ثاني کرنا
retouchable,درست کرنے کے قابل ـ نظر ثاني کے قابل
retoucher,درست کرنے والا ـآراسته کرنے والا
retrace,تلاش کرنا ـ کھوح لگانا ـ ڈھونڈنا ـ حافظه ميں دهرانا
retraceable,تلاش کرنے کے قابل ـ کھوج لگانے کے قابل
retract,سکيڑنا ـ سميٹنا ـ اند ر کھينچنا ـ واپس لينا ـ منسوخ کرنا ـ انکار کرنا
retractable,قابل منسوخي ـ پلٹنے کے قابل
retraction,الٹ پھير ـ منسوخي
retractive,سکڑنے والا ـ هٹا لينے والا
retractor,منسوخ کرنے والا ـ انکار کرنے والا
retransfer,دوباره تبادله کرنا
retranslate,دوباره ترجمه کرنا ـ دوباره تبديل کرنا
retranslation,دوباره ترجمه کرنا
retreat,پيچھے هٹنا ـ واپس هو جانا ـ باز گشت
retrench,کاٹنا ـ چھانٹنا ـ کم کرنا ـ مختصر کرنا ـ محدود کرنا ـ اخراجات ميں تخفيف کرنا
retrenchment,مورچه بندي ـ تخفيف
retrial,مقدمه کي دوباره سماعت
retribute,عوض دينا ـ جزا دينا ـ  واپس کرنا
retribution,معاوضه ـ بدله ـ سزا
retributive,مکافاتي ـ انتقامي
retributor,معاسضه دينے والا ـ سزا دينے والا
retrievable,جودوباره حاصل کيا جا سکے
retrieval,نجات ـ درستي ـ اصلاح
retrieve,پھر پانا ـ پھر حاصل کرناـ دوباره تلاش کرنا
retriever,ڈھونڈ نکالنے والا ـ شکار کرده جانور کو لانے والا کتا
retroact,جوابي عمل کرنا ـ پيچھيکي جانب عمل کرنا
retroactive,پچھلے زمانے سے نافذ هونے والا
retroactivity,استقدامي حکم
retrocede,پيچھے هٹنا ـ مزاجعت کرنا ـ الٹ پاؤں واپس جانا ـ اندر هي اندر هونا
retrocedence,اندروني اثر ـ پيچھے کي طرف حرکت
retrocedent,اندروني ـ الٹي حرکت کرنے والا
retrocession,رجعت ـ ليے هوئے ملک کي واپسي ـ باز حوالگي
retrocessive,باز حوالگي کا ـ واپسي کا
retroflected,پيچھے مڑا هوا
retrogradation,حرکت معکوس ـ الٹي حرکت
retrograde,لوٹنا ـ هٹنا ـ رجعت کرنا
retrogress,لوٹنا ـ مراجعت کرنا ـ واپس هونا
retrogression,حرکت معکوس ـ پيچھے کي طرف حرکت ـ مراجعت ـ انحطاط ـ زوال
retrogressive,زوال پذير ـ مراجعت کرنے والا
retropulsion,اندر اترنے کا رحجان ـ کسي خارجي مرض کا اندروني مرض بن جانا
retrospect,ماضي کي ياد ـ پچھلے واقعات
retrospection,گذشته احوال ـ ماضي کي طرف
retrospective,گذشته زمانے کے متعلق
retrousse,اوپر کو اٹھي هوئي ناک
retrovert,پيچھے کو هٹانا ـ پيچھے کي رطف موڑنا ـ عورتوں کا رحم
retry,دوباره کوشش کرنا
rettery,وه جگه جھاں پٹ سن صاف کيا جاتا هے
retund,دھار مار دينا ـ کند کر دينا
returf,از سر نو گھاس لگانا ـ نئي گھاس لگانا
return,پھرنا ـ واپس هونا ـ لوٹ جانا ـ پھر آنا
returnable,قابل واپسي
returner,واپس هونے والا
returnless,بے منافع ـ بے حاصل ـ جس سے کوئي آمدني نه هو
retype,دوباره ٹائپ کرنا
reunion,جدائي کے بعد پھر ملاقات ـ دوباره ملنا يا ملانا
reunite,فراق کے بعد پھر ملنا ـ پھر جڑنا يا جوڑنا
reuniter,پھر پيوسته هونے والا
reusable,دوباره استعما ل کرنے قابل
reuse,دوباره استعمال کرنا
reuseable,دوباره استعمال کرنے کے قابل
reutilize,دوباره استعمال
rev,چکر کي رفتار بڑھانا ـ انجن کو تيزي سے چلانا
revaccinate,دوباره چيچک کا ٹيکه لگانا
revalorization,سکه کي پهلي قيمت بحال کرنا
revalue,پھر سے قيمت کا اندازه کرنا ـ از سر نو قيمت لگانا
reveal,فاش کرنا ـ آشکارا کرنا ـ ظاهر کرنا ـ منکشف کرنا ـ ظاهر هونے والا
revealable,قابل اظهار ـ قابل افشا
revealer,ظاهر کرنے والا  ـ فاش کرنے والا
reveille,سپاهيوں کے جگانے کا صباحي بگل
revel,عيش و عشرت کرنا ـ خوشياں منانا ـ رنگ رلياں منانا ـ ناؤ نوش کي محفل جمانا
revelation,انکشاف ـ وحي ـ الهام
revelationist,الهام و وحي کا قائل
revelator,انکشاف کرنے والا
reveler,بد مست
reveller,بد مست ـ عياش
revelrout,محفل سے پرسٹاں ـ رندوں کا مجمع
revelry,عيش و عشرت
revenant,وه شخص جو ايک طويل عرصے بعد وطن واپس آئے
revendication,کھوئے هوئے مقبوضات کيلئے باضابطه دعوي
revenge,انتقام لينا ـ بدله لينا ـ معاوضه لينا ـ ادلے کا بدله دينا
revengeful,کينه ور ـ پر انتقام
revengefulness,جذبه انتقام ـ انتقام جوئي
revenger,بد له لئنے والا ـ انتقام لينے والا
revenue,آمد ني ـ يافت ـ مال گزاري
reverberant,منعکس هونے والا آله
reverberate,گونجنا ـ گونج پيدا کرنا ـ عکس ڈالنا ـ لهرانا ـ رد عمل هونا
reverberation,انعکاس ـ گونج
reverberative,صدا دينيوالا
reverberator,منعکس کرنے کا آله
reverberatory,صدائے باز گشت ـ گونج ـ انعکاس
revere,تعظيم کرنا ـ ادب کرنا ـ عزت کرنا
reverence,احترام ـ عزت
reverencer,ادب کرنے والا ـ احترام کرنے والا
reverend,بزرگ ـ مکرم ـ پادريوں کا لقب
reverent,باا دب ـ مودبانه ـ بزرگوں کا ادب کرنے والا
reverie,محويت ـ تصورات کا تسلسل ـ خيالي پلاؤ ـ خواب بيني
reverntial,توقيري ـ تعظيمي ـ تکريمي
reversal,منسوخي ـ استتراد ـ تبديلي
reverse,الٹنا ـ پھير دينا ـ تهه و بالا کرنا ـ معامه برعکس کر دينا
reversely,اوندھا ـ الٹا
reverser,پھير دينے والا ـ پيچھے کرنے والا
reversi,ڈرافٹ کي طرح کا ايک پھول
reversible,الٹ دئنے کے لائق ـ قابل منسوخي
reversion,الٹا روح ـ واپسي ـ حق عود
reversionary,عود کا ـ مابعد کا
revert,باز آنا ـ پھير دينا ـ الٹا دينا ـ عود کرنا ـ دوباره وحشانه زندگي گزارنا ـ اصل مالک کے قبضے ميں آنا
reverter,باز آنے والا ـ پھير دينے وال ـ عود کرنے والا
revertible,قابل عود ـ لوٹ آنے کے قابل
revet,ديوار کے سامنے پيشي بان تعمير کرنا
revetment,سهارے کي ديوار ـ پشته
review,نظر ثاني کرنا ـ معائنه کرنا ـ دوباره غورکرنا ـ فوج جا معاوضه کرنا
reviewable,قابل تبصره
reviewal,دوباره غور وحوص ـ تنقيد
reviewer,افسر معائنه کننده ـ نظر ثاني کرنے والا
revile,گالي دينا ـ دشنام دينا ـ برا بھلا کهنا ـ ملاملت کرنا
revilement,گالي ـ دشنام ـ ملامت
reviler,لعنت ملامت کرنے والا ـ گالياں بکنے والا
reviling,بد زباني ـ دشنام
revisable,قابل اصلاح
revise,دوباره جانچ پڑتال کرنا ـدوباره غور کرنا ـ تصحيح کرنا
reviser,تصحيح کرنے والا ـ دوباره غور کرنے والا
revision,ترميم ـ اصلاح ـ نظر ثاني
revisional,نظر ثاني کے متعلق
revisit,دوباره معائنه کرنا
revisor,دوباره جانچ پڑتال کرنے والا
revisory,نظر ثاني کے متعلق
revitalization,دوباره جان ڈالنا
revitalize,دوباره جان ڈالنا ـ تازه قوت بخشنا
revival,اعداد ـ احياً ـ دوباره رواج پانا ـ حيات نو
revivalism,مذهب کو زنده کرنے کي تحريک
revivalist,تجديد مذهب کا حامي
revive,دوباره زنده کرناـ جان ڈالنا
reviver,احياًکرنے والا ـ مجدد ـ مصلح
revivification,جلانا ـ زنده کرنا
revivify,جلانا ـ زنده کرنا ـ نئي جان ڈالنا
reviviscence,بحالي ـ تازگي
reviviscent,دوباره زندگي پانے والا ـ مفرح
revocation,تنسيخ
revocatory,منسوخ کرنے والا ـ ناسخ
revokable,قابل ترديد ـ قاب منسوخي
revoke,منسوخ کرنا ـ رد کرنا ـ مسترد کرناـ باطل کرنا
revoker,رد کرنے والا ـ منسوخ کرنے والا
revolt,پھر جانا ـ رو گرداني کرنا ـ منحرف هونا ـ باغي هوجانا ـ غذر مچانا ـ بيزار هونا ـ نفرت کرنا ـ گھن آنا
revolter,پھر جانے والا ـ روگرداني کرنے والا
revolting,نفرت انگيز
revolute,انقلاب برپا کرنا
revolution,دوران ـ گردش ـ دوري حرکت ـ گردش زمانه
revolutionary,انقلابي ـ انقلاب لانيئ والا ـ پر آشوب
revolutionist,انقلابي
revolutionize,انقلاب لانا ـ بالکل بدلنا
revolutionizer,انقلاب لانيوالا
revolutonism,انقلابيت ـ انقلاب پسندي
revolvable,گردش کرنے کے قابل
revolve,گردش کرنا ـ چکر کھانا ـ طواف کرنا ـ دوره کرنا ـسوچنا ـ سوچ کر حل نکالنا
revolver,ريوالور ـ گھوم کر چلنے والا پستول
revue,ايک معمولي تمثيل
revulsion,کھيچ ـ کشش ـ احساس
revulsive,کھينچنے والا ـ پر کشش
revulsize,ايس دوا جو مريض کو اپني جگه سے هٹا کر دوسري طرف لے جانا
reward,جزا دينا ـ صله دينا ـ انعام دينا ـمعاوضه دينا
rewardable,معاسضه دينے کے قابل ـ انعام دينے کے قابل
rewarder,انعام دينے والا ـ معاوضه دئنے والا
rewash,دوباره دھونا
rewin,دوباره جيتنا
reword,دوسرے الفاظ ميں بيان کرناـ مطلب واضع هونا
rework,دوباره کام کرنا
rewound,دوباره زخمي هونا
rewrap,دوباره لپيٹنا
rewrite,دوباره لکھنا ـ نظر ثاني کرنا ـ دوباره ترتيب دينا ـ نقل کرنا
rewriter,دوباره لکھنے والا ـ نظر ثاني کرنے والا
rewritten,دوباره لکھا هوا
rewrote,دوباره لکھا هوا
reynard,لومڑي ـ بي لومڑي
rhabdomancy,جادو کي چھڑي کے ذريعے معلوم کرنا که جگه سطح زمين کے نيچے پاني هے يا نهيں
rhapsodic,رزميه
rhapsodist,رزميه خواں
rhapsodize,رزميه نظم پڑھنا ـ جوڑ لگانا ـ جوڑنا
rhapsody,پر جوش تقرير ـ ولوله انگيز راگ يا نغمه
rhetoric,علم انشا ـ فن خطابت ـ لساني
rhetorical,خطيبانه ـ فصيح و بليغ
rhetorician,فن خطابت کا معلم ـ خطيب
rheum,رطوبت جو جسم سے خارج ہوتے ہیں ۔ آنسو ۔ لعاب دہن ۔
rheumatic,گٹھيا کا مريض ـ جوڑوں کے درد کا
rheumatism,بائي ـ وجع مفاصل
rheumy,پر از رطوبت ـ نزلے کا
rhino,مال و زر ـ روپيه پيسه
rhinoceros,گینڈا ۔ کر گدن ۔
rhinocerotic,گينڈے جيسا ـ گينڈے کي طرح کا
rhodium,پلاٹينم کي ايک قسم کي دھات
rhododendron,ايک قسم کي صدا بھار جھاڑي
rhomb,لوز کي شکل کي کوئي چيز ـ معين شکل
rhombic,شش پهلو
rhombohedron,شش پهلو شکل ـ معين شکل کا بلوزه
rhomboidal,مشابه معين ـ معين نما
rhombus,معین ۔ شکل معین ۔
rhubarb,ريوند چيني
rhumb,دائره سمت نما ـ جھاز کے راستے کا خط راست
rhyme,تک قافيه ـ مقفي کرنا ـ موزوں کرنا ـ هم آواز الفاظ لانا ـ شاعري ميں وقت ضائع کرنا
rhymeless,بے قافيه ـ غير مقفي
rhymelessness,بے قافيه هونا ـ غير مقفي هونا
rhymer,معمولي شاعر ـ قافيه گو
rhymester,تک بند ـ قافيه گو
rhymist,تک بند ـ قافيه پيما
rhythm,وزن ـ بحر ـ تال ـ رواني ـ لے
rhythmical,متناسب ـ تال دار ـ موزوں
riant,خنده جبيں ـ متبسم ـ شگفته
rib,پسلي ـ پنجري ـ زوجه ـ بيوي ـ حوا کي بيٹي ـ حوا ـ پتے کي رگ ـ ابھري هوئي لکير ـ ريت کي تهه ـ ڈاٹ لگانا
ribald,پاجي ـ کمينه ـ لچا ـ شهدا ـ بے ادب  ـ مقدس چيزوں کو برا بھلا کهنے والا
ribaldry,فحش کلامي ـ مغلظات ـ برا بھلا کهنا
ribband,لکڑي کي پٹياں جو جھاز ميں استعمال کي جاتي هيں
ribbing,چھتري کي تيلياں
ribbon,فيته ـ رين ـ کور ـ ريشمي بيل
ribes,منقي کا يا داخ کا پودا
rice,چاول
ricemilk,کھير ـ شير برنج
ricewater,پيچھ
rich,مالدار ـ دولت مند ـ زرخيز ـ سيز حاصل
riches,مال ومتاع ـ دولت ـ مايا ـ تمول
richly,بکثرت ـ اچھي طرح سے
richness,کثرت ـ دلفريبي
rick,توده ـ انبار ـ ذخيره ـ انبار لگانا ـ ذخيره کرنا
rickbarton,ذخيره ـ گنج ـ انبار خانه
ricketily,کمزوري سے
ricketiness,ڈھیلا پن ۔
rickets,بچوں کا ايک مرض ـ سوکھے کي بيماري ـ هڈيوں کا نرم هوجانا
ricksha,رکشا
rickshaw,رکشا
rid,رھا کرنا ـ آزاد کرنا ـ خلاصي دينا ـ نجات پانا
ridable,قابل خلاصي ـ قابل نجات
riddance,نجات ـ چھٹکارا
ridden,وه جو پادري يا مولوي کے اشارے پر چلے
riddle,اناج کا بھوسه الگ کي چھلني ـ چھلنا ـ چھان بين کرنا
ride,چڑھنا ـ سوار کرنا ـ سختي سے حکومت کرنا
rideable,سوار هونے کے ابل
rideandtie,دوسواروں کا باري باري ايک گھوڑے پر سوار هونا
rideforafall,بک نٹ دوڑانا ـ بے حد دليري سے کام لينا
rider,سوار هونے والا ـ راکب ـ اضافه ـ زائد
riderless,بے حفاظت کے تخته کا جھاز ـ بے سوار گھوڑا
rideshanksmare,پيدل چلنا
ridge,پشت ـ پيٹھ ـ ريڑھ ـ ابھري هوئي زمين ـ پهاڑي
ridgy,ماهي هشت ـ ٹيله دار
ridicule,تضحيک ـ هنسي
ridiculous,بے پوده ـ نامعقول ـ قابل تمسخر
ridiculousness,مضحکه انگيزي
riding,گھوڑے کي سواري
ridingmaster,چابک سوار ـ سواري سکھانے والا
rife,عالمگير ـ پھيلا هوا ـ غالب ـ چھايا هوا ـ مروج ـ متعدي
riff,تيل تنبولي ـ نيچ ذات کے لوگ ـ گنوار
riffraff,نيچ ذات کے لوگ
rifle,لوٹ لينا ـ چھين ليناـ صفايا کرنا ـ رائفل چلانا
rifleman,رائفل چلانے والا آدمي
rift,درز ـ شگاف ـ چاک کرنا
riftless,بيشگاف ـ بے درز
rifty,درز والي ـ شگاف دار
rig,لباس پهنانا ـ بادبان لگانا ـ ضروري سامان مهيا کرنا ـ عياري ـ مکاري ـ عياري سے کام نکالنا
rigadoon,ايک قسم کا تيز ناچ
rigescent,اکڑا هوا ـ اينٹھا هوا
rigger,جھاز کا سامان درست کرنے والا
rigging,مستول ۔ رسے ۔ تختے وغیر ہ ۔ کشتی کا ساز وسامان ۔
right,سيدھا ـ راست ـ مستقيم ـ صادق ـ عادل ـ براه راست
rightable,قابل اصلاح
rightabout,الٹي طرف
rightandleft,چاروں طرف سے
rightangled,قائم الزاويه
rightdown,صاف صاف
righteous,متقي ـ صالح
righteousness,نيکو کاري ـ تقوي ـ پار سائي
rightful,مناسب ـ معقول ـ واجب
rightfulness,راست بازي ـ جواز
righthearted,نيک دل
rightly,راستي سے ـ انصاف سے
rightminded,نيک ـ راست باز
rightness,سچائي
rightoff,فورا
rigid,سخت í کرخت ـ کڑا ـ بے لوچ ـ سخت گير
rigidity,جبر ـ تشدد ـ درشتي
rigidly,سخت گيري سے
rigmarole,بے سرو پا بات ـ لمبي چوڑي تقرير
rigor,لرزه ـ سردي
rigorism,اخلاقي يا مذهبي تشدد
rigorist,تشدد پسند
rigorous,کٹھن ـ با مشقت
rigour,کرختگي ـ سختي
rigout,آراسته کرنا
rigsdag,ڈنمارک کا پاريمنٹ
rile,غصه دلانا ـ خفا کرنا
rill,ناله ـ نهر ـ ندي
rillet,چھوٹي ندي ـ چھوٹا ناله
rilletts,ايک کھانا جو سور کے گوشت مرغ اور چربي سے تيار کيا جاتا هے
rim,پهيے کا بيروني حصه ـ کگر ـ کناره
rime,پالا ـ برف ـ کهر ـ کهر هونا
rimy,کهر آلود ـ برف سے اٹا هوا
rind,چھلکا ـ چھال ـ پوست ـ خول
rinderpest,چوپايوں کي ايک متعدي اور وبائي بيماري
ring,چھلا ـ انگوٹھي ـ کڑا ـ بجنا ـ گھنٹي بجانا ـ گونجنا
ringatadoor,کھٹکھٹانا ـ دستک دينا
ringcarrier,دلال
ringdove,فاخته ـ قمري
ringer,کوٹ کے کھيل ميں وه جھلا جو کيل ميں لٹک جائے ـ گھنٹي نجانے کا آله
ringfinger,چھنگليا کے پاس کي انگلي جس ميںانگوٹھي پهنتے هيں
ringleader,کسي ٹولي کا سردار
ringlet,بالوں کا حلقه ـ کاکل ـ گھونگھر والے بال
ringoff,گھتگو ختم کر دينا ـ ٹيليفون بند کر دينا
ringstand,انگشتری دان ۔
ringstreaked,گول دھاري والا
ringtail,ايک قسم کي چڑيا
ringtrueorfalse,سکے کا کھرا يا کھوٹا هونا
ringup,ٹيليفون پر باتيں کرنا
ringworm,خارش ـ داد بيماري
rink,اسکيٹنگ کرنے کا تخته ـ برف کا تخته
rinker,اسکيٹنگ کرنے والا
rinse,پاني ميں دھونا ـ پاني ميں ڈال کر نکال ليا ـ کھنگال ـ شراب کے ساتھ کھانا ـ حلق سے اتارنا
rinser,کھنگالنے والا
riot,غل غپاڑه ـ عياشي
rioter,خرمست ـ اوباش ـ بلواني ـ دنگا باز
riotous,بد مستي کا ـ عياشانه
riotousness,عيش پرستي ـ عياشي ـ اوباشي
rioty,خر مستي
rip,چاک کرنا ـ چيرنا ـ پھاڑنا ـ چيز کو شگاف کرنا
riparian,ساحلي ـ ساحل کے متعلق
ripe,پکا ـ پخته ـ تيار ـ لائق
ripebeauty,جواں سال عورت کی خوبصورتی ۔ پختہ حسن ۔
ripen,پخته هونا ـ پکنا
ripeness,پخته کاري ـ پختگي
riper,تيار هونے والا ـ پخته کرنے والا
riposte,تلوار کا وه هاتھ جو فورا جواب ميں لگايا جائيـ جوابي وار ـ جوابي وار کرنا
rippable,جوابي وار کرنے کے قابلجوابي وار کرنے کے قابل
ripper,چيڑ پھاڑ کرنے والا ـ ادھيڑ نے کا اوزار
rippingly,خوب مزے سے ـ پر لطف طور پر
ripple,لهر ـ هلکي موج ـ هلکورا
ripplets,هلکي موج ـ چھوٹے چھوٹے هلکورے
ripvanwinkle,فر سوده خيالات کا آدمي
rise,اٹھنا ـ کھڑا هونا ـ طلوع هونا ـ نمودار هونا ـ بلند هونا ـ منور هوناـ ابھرنا ـ بيدار هونا ـ بغاوت کرنا ـ جي اٹھنا ـ اڑنا ـ پرواز کرنا
riser,اٹھنے والا ـ طلوع هونے والا
risibility,هنسنے کي صلاحيت ـ هنسنے کے خاصيت
risible,هنسنے والا
rising,اٹھنا ـ چڑھنا  ـ بغاوت
risk,خطره ـ خوف ـ جوکھم ـ خطره ميں ڈالنا
riskful,پر خطره
riskiness,خطرناک هونا
riskless,بے خطر
risky,نقصان رساں ـ پر خطر ـ خطرناک
risotto,چاول وغيره کاا يک کھانا
rissole,مچھلي يا گوشت کا تلا هوا کوفته
rite,رسم ـ ريت ـ طريقه ـ دستور
ritual,رسم يا ريت کے متعلق ـ رسمي
ritualism,رسمي عبادت کو ايم سمجھنا ـ ظاهر ي عبادت پر حد سے زياده زور دينا
ritualist,رسومات کا دلداده ـ رسومات پرست
ritually,رسمي طور پر
rival,رقيب ـ هم چشم ـ حريف
rivalry,مقابله ـ ريس
rive,چيرنا ـ پھاڑنا ـ دو ٹکڑنے کرنا ـ پھوٹنا
river,لکڑياں چيرنے والا ـ آراکش ـ دريا ـ ندي ـ دور
riverain,ساحل کا ـ دريا کے کنارے کا
riverbank,دريا کا کناره
rivercraft,چھوٹے دريائي جھاز
riverdragon,گھڑيال ـ مگرمچھ
riverhorse,درياني گھوڑا
riverine,ساحلي ـ دريائي
rivet,ميخ ـ کھونٹي ـ کيلا
riveter,ميخ گاڑنے والا ـ محو کرنے والا
riviere,ست لڑا ـ جواهرات کا هار
rivulet,ناله ـ آب جو
roach,ايک قسم کي چمک دار مچھلي
road,سڑک ـ راسته ـ شاهراه
roadhog,بے دھڑک گاڑي چلانے والا
roadless,بے راه
roadsense,سڑک پر چلنے يا گاڑي چلانے کا شعور
roadside,روڈ کي طرف
roadster,لنگرگاه ميں لنگر انداز جھاز ـ سڑکوں کي سواري ـ گھوڑا ـ گاڑي
roadway,راستے کا درمياني حصه
roadwork,روڈ کا کام
roam,بے مقصد پھرنا ـ بھٹکتے هوئے ـ مٹر گشت کرنا ـ گھومنا ـ سير کرنا
roamer,بے مقصد پھرنے والا ـ سير کرنے والا
roan,ابلق ـ سرخ بھورے رنگ کا گھوڑا
roar,ڈھارنا ـ ڈکرانا ـ گونجنا ـ
roarer,قهقهه لگانے والا ـ گونجنے والا
roast,بھوننا ـ کباب لگانا ـ تپانا ـ گرم کرنا ـ سکھانا
roaster,سيخ ـ کبابيه
rob,چھيننا ـ زبردستي لينا ـ لوٹنا ـ لوٹ مار کرنا ـ ڈاکه  ڈالنا
robber,رهزن ـ ڈاکو
robbery,ڈاکه ـ چوري
robe,جامه ـ لباده ـ قبا ـ پوشاک
robeofhonour,خلعت
robert,کانسٹيبل
robin,ايک چڑيا جسکا سينه سرخ هوتا هے
robot,کل کا آدمي ـ مشيني آدمي
robust,موٹا تازه ـ تنو مند ـ قوت کا
robustious,شان و شوکت دکھانے والا ـ نموديا
robustness,طاقت ـ مضبوطي
rocambole,ایک قسم کا لہسن ۔
rochet,پادريوں کا سياه لباس ـ جبه
rock,چٹان ـ پهاڑ ـ ٹيله ـ هلنا جلنا ـ جھولا جھلانا ـ جھونک
rockbottom,پست ترين سطح
rocker,هنڈولا پالنا ـ جھولے کاکڑا
rockery,قدرتي چٹانوں کا سلسله
rocket,هوائي ـ ايٹمي راکٹ ـ پودوں کي ايک قسم
rockgarden,مصنوعي چٹانوں ميں لگايا باغيچه
rockiness,مضبوطي ـ سختي
rockingchair,جھولا کرسي
rockinghorse,آگے پيچھے هلنے والا گھوڑا ـ لکڑي کا گھوڑا
rocklet,چھوٹا ٹيله
rockpigeon,جنگلي کبوتر
rocky,پتھر کي طرح
rococo,پراني طرز کي بھدي عمارت
rod,قمچي ـ چھڑي ـ ڈالي
rodent,کھودنے والا ـ کترنے والا ـ گوشت خور پھوڑا
rodential,کترنے والا ـ کھودنے والا
rodlet,بيد ـ قمچي
rodomontade,لاف زني ـ شيخي
rodomontader,لاف زن ـ شيخي خورا
roe,چھوٹا هرن ـ چکارا ـ مچھلي کے انڈوں کاگھچا
rogation,التماس ـ استدعا ـ مناجات ـ دعا
rogationweek,وه هفته جس ميں عيسائي پير منگل اور بدھ کو روزه رکھتے هيں
rogue,لچا ـ لفنگا ـ بد معاش
roguery,بد معاشي ـ شرارت ـ بد مستي
roguish,شرير ـ بد معاشي
roguishness,لفنگا پن ـ بد معاشي ـ شرارت
roister,لاف زني کرنا ـ ڈينگ مارنا ـ دوھم مچانا
roisterer,شيخي باز ـ اودھم مچانے والا
roistering,خرمستي ـ لاف زني
role,کار منصبي ـ اد ا کار کا پارٹ
roll,لپٹا هوا بنڈل ـ کاغذکا پلند ه ـ گولا ـ لڑھکاؤ ـ چکر ـ فرد ـ گول پھرانا ـ چکر دينا ـ لپيٹنا ـ بيلنا ـ بيلن سے دبانا ـ جھومنا
rollable,جولپيٹا جا سکے
rollcall,حاضري
roller,رولنے والا ۔ سڑک کا رولر ۔ بیلن ۔
rollick,اودھم مچانا ـ خرسمتي کرناـ رنگ رلياں منانا
rollingpin,بیلن ۔
rollingstock,گاڑيوں يا انجنوں کي تعداد
rollofhonour,فرد اعزازات ۔ فہرست شہیدان وطن ۔
rollup,آدھمکنا
rom,خانه بدوش قبيلے کا مرد ـ جپسي مرد
romance,فرانس اور اسپين کي مقامي زبانيں ـ روماني واقعه
romancer,افسانه نگار
romanes,جپسی زبان ۔
romanesque,رومي طرز پر
romanian,روم کا
romanic,قديم رومي نسل يا طرز کا ـ رومي تمدن کا حامل
romanism,روميت
romanist,جديد يا قديم رومي قانون کا ماهر
romanistic,رومي طرز کا
romanize,رومي رنگ ميں رنگنا
romantic,روماني ـ جذباتي ـ رومان پسند
romanticism,روماني طرز کا تحرير
romanticist,رومي طرز کا انشا پرداز
romanticization,روماني طرز ميں لکھنا
romanticize,روماني طرز ميں لکھنا
romany,جپسي ـ مشرقي ـ يورپ کي خانه بدوش قوم
rome,روم ـ روما
romp,اچھلنا ـ کودنا ـ شور و غلکرنا
romper,هڑدنگا ـ بچوں کا اوپر پهننے کا کوٹ
rondeau,متفي ـ مسح نظم
rondure,حلقه ـ دائره
rood,صليب کي تصوير ـ صليب ـ ايکڑ کا چوتھائي حصه
roodtree,صليب
roof,چھت ـ سقف ـ چھت کا کام کرنا
roofage,چھت ڈالنے کا سامان ۔
roofer,چھت ڈالنے يا مرمت کرنے والا
roofing,چھت ڈالنا ـ چھت کي تعمير
rook,ايک قسم کا کوا ـ تاش ميں بے ايماني کرنے والا ـ بے ايماني سے روپيه کمانا ـ ٹھگنا ـ دھوکا دينا
rookery,غريبوں کا محله ـ کوروں کے جمع هونے کي جگه
rookie,رنگروٹ
rooking,چھوٹا کوا
rooklet,چھوٹا کوا
room,گنجائش ـ وسعت ـ جگه ـ موقع ـ کوٹھري ـ رهنا ـ حجره
roomer,کمره لے کر رهنے والا
roomette,ايک ساتھ رهنے والا
roominess,کشادگي ـ گنجائش
roommate,ايک ساتھ رهنے والا
roomy,فراخ ـ کھلا هوا
roost,اڈا ـ ڈرنا ـ چکس ـ بسيرا لينے کي جگه
rooster,پالتو مرغ
root,جڑ ـ بيخ ـ اساس ـ بنياد ـ جڑوں کا سلسله ـ منبع ـ سرچشمه
rootage,جڑوں کا جال ـ جڑيں
rootandbranch,جڑ مول سے
rootedly,مستحکم طور پر ـ مضبوطي سے
rootfallacy,اصل غلطي ـ بنيادي غلطي
rootless,بے بنياد ـ بے جڑ
rootofthematter,معامله کي تهه
rootout,جڑ سے اکھاڑ دينا
rooty,جڑوں کي طرح ـ جڑ والا
rope,رسه ـ رسي ـ ڈوري ـ ريسمانـ قوام کا تار ـ رسي سے باندھنا ـ کسنا
ropedancer,رسے پر چلنے والا  نٹ ـ رسن باز ـ بازيگر
ropein,اپنا حمانتي بنا دينا ـ پھانس لينا
ropemanship,رسے پر چلنے کي مهارت
ropeofsand,بے حقيقت آسرا ـ جھوٹا سهارا
roper,کسنے والا ـ گھيرنے والا
ropeyard,رسياں بنانے کا کارخانه
roping,رسي بٹنا ـ رسيوں سے پکڑنا
ropy,جس پر ليسدار تهه جم گئي هو
roquelaure,چھوٹا لباده جو گھنٹوں تک هوتا تھا اور اٹھارويں صدي ميں پهنا جاتا تھا
roquet,کراکے کے کھيل ميں گيند سے حريف کي گيند کو مارنا
rosaceous,گلاب کي نسل کا ـ گلاب کي طرح
rosarian,گلاب کا شوقین ۔
rosarium,تخته گلاب
rosary,گلاب باغ ـ مالا
rose,گلاب ـ شاه گل ـ درد ـ گلاب کا نقش ـ گلاب رنگ کرنا
roseate,گلاب سے لدا هوا ـ پھولوں سے بھرا هوا
roseless,بے رونق ـ بے مزه ـ بے رنگ
roselike,مسرور ـ شگفته ـ گلاب کي طرح
rosemary,ايک قسم کي سدا بھار جھاڑي
roseola,کھسرا کے سرخ دانے
rosette,چمکدار فيتے کا بنا هوا پھول ـ گلاب کے نقش جو ديوار پر بنائے جاتے هيں
rosewater,تعريف ـ عرق گلاب
rosily,شگفتگي سيـ اميد افزا حالت ميں
rosin,تارپين کي تلچھٹ ـ تارپين سے دھونا
rosiness,اميد افزا حالت ـ گلاب کي خاصيت
rosiny,تارپين جيسا ـ رال کي طرح کا
rosolio,جنوبي يورپ کا مفرح شربت ـ کشمش کي شربت
roster,نقشه ـ نظام الوقات
rostral,منقار کا ـ جھاز کے رو کا
rostrum,چونچ ـ منقار ـ تھوتھني ـ تقرير کرنے کا ممبر يا چبوتره ـ ڈانس
rosy,گلفام ـ گلگوں ـ گل رنگ
rot,سڑنا ـ گانا ـ بوسيده هونا ـ گھن لگنا ـ سڑانا
rota,پادريوں کي عدالت ـ سپاهيوں کي باري کا نقشه ـ کام کا نقشه
rotary,گھومنے والا ـ چکر کھانے والا
rotatable,باري باري کا ـ گردشي ـ گھومنے کے قابل
rotate,گھومنا ـ ايک محور پر گھومنا ـ سپاهيوں کي باري مقرر کرنا
rotation,دور ـ گردش ـ چکر
rotational,باري باري کا
rotative,محوري ـ گھومنے والا ـ باري باري کا
rotator,گھمانے والا ـ گھومنے والا
rotatory,محوري ـ گھومنے والا
rotch,بحر شمالي کا چھوٹا پرنده
rote,رثاني ـ حافظه
rotograph,فوٹو گرافي کے ذريعے سے طباعت ـفوٹو گراف
rotten,سڑا هوا ـ گلا هوا
rottenness,عفونت ـ تعفن ـ سراند
rotter,نکما ـ نالائق
rotund,گول ـ مدور ـ بيضوي
rotunda,گول کمرہ ۔ گول مکان ۔
rotundate,گول مٹول ـ موٹا تازه
rotundity,موٹاپا ـ موٹاني
rouble,ايک روسي سکه ـ روبل
roue,عياش ـ تماشا بين آدمي
rouge,سرخي ـ گلگونه ـ سرخ رنگ برتن صاف کرنے کا سفوف ـ غاره لگانا
rough,کھردار ـ کھرکھرا ـ ناملائم ـ سخٹ ـ ناهموار ـ اونچا اونچا
roughcast,ناهموار ـ کھر درا بنانا
roughen,بد مزاج هونا يا کرنا ـ کھر دار هونا يا کرنا
roughish,بد مزاج سا ـ ناهموار ساـ کھردار سا
roughit,جوں توں کرکے دن کاٹنا
roughlyspeaking,بالعموم ـ تقريباً ـ اندازا
roughness,اکھڑ پن ـ بد مزاجي
roughrider,گھوڑے سدھانے والا ـ بگ نٹ سوار
roughtongue,بد کلامي ـ بد زباني
rouleau,چھوٹا گول پلنده ـ بالوں کا گول لچھا
roulette,چکر کھانے والے گردے کا کھیل ۔ چھوٹا بیلن ۔
round,گول کرنا ـ گول شکل بنانا ـ گھيرنا ـ گھمانا ـ دائره ـ گول ـ مدور
roundabout,چکر چوک
roundcheeks,بھولے هوئے گال
roundel,گول تمغه ـ گول بلا
rounder,کھيل جس ميں کھلاڑيوں کو ايک بڑا چکر لگانا پڑتا هے
roundhead,عيسائيوں کا ايک فرقه
roundish,گول سا
roundly,گول گول ـ دائرے کي شکل ميں ـ صاف صاف
roundshoulders,بھرے هوئے شانے
roundsman,پھيري والا
roundup,پوري ٹولي کو گرفتار کرنا
roup,مرغيوں کي ايک بيماري جس ميں گلنے سے خرخر کي آواز نکتي هے
rouse,مے نوشي کي کثرت ـ جگانا ـ اٹھانا ـ بيدار کرنا ـ اکسانا ـ بھڑکانه ـ جوش دلانا ـ هوشيار کرنا ـ بيدار کرنے کا بگل
rouser,جگانے والا ـ اٹھانے والاـ حيرت انگيز چيز
rout,مجمع ـ جلسه ـ زور سے چلانا ـ شور مچانا
route,راه ـ راسته ـ طريق
router,پريشان کرنے والا ـ زور سے چلانے والا
routine,طور طريق ـ معمول ـ دستور العمل
routinism,ضابطه پر چلنے کي عادت ـ لکير کا فقير هونا
routinist,ضابطه پر چلنے والا
rove,چکر لگانا ـمٹر گوشت کرناـ بھٹکتے پھيرنا
rover,آواره ـ مٹر گشت کرنيوالا
rovingcommissio,تحقیقاتی کیمشن ۔
row,صف ـ قطار ـ کشتي چلانا ـ کشتي ميں سير کرنا
rowdiness,جھگڑالو پن ۔
rowdown,پيچھے سے آگے نکل جانا
rowdy,جھگرا لو آدمي ـ پر شور
rowdydowdy,فسادي ـ جھگڑالو
rowdyish,جھگڑالو طبيعت کا
rowel,مهميز کي پھرکي ـ ابڑ لگانا
rower,کھينے والا ـ کھويا
rowlock,چپو آنکڑا ـ کنڈا جس ميں چپو اٹکايا جاتا هے
royal,بادشاہی ۔ شاہانہ ۔ عظیم الشان ۔
royalblue,گهرا نيلا رنگ
royalcharter,فرمان شاهي
royalism,شاهي حکومت کي حمايت
royalist,شاه پرست ـ بادشاهت کا حامي
royally,شاهانه طور پر
royalty,شاهي ـ بادشاهي ـ شاهي حق ـ حق ملکيت
rub,گھسنا ـ رگڑنا ـ هاتھ پھيرنا ـ ملنا
rubadub,ڈھول يا نقارے کي آواز
rubber,رگڑنے والاـ مالش کرنے والا
rubberneck,امریکہ دوسروں کے راز معلوم کرنے کا شوقین ۔
rubbish,ملبا ـ کوڑا کرکٹ ـ خس و خاشاک
rubbishing,مهمل ـ لغو
rubble,ٹوٹے هوئے اينٹ پتھر ـ ملبه
rubefacient,جلد پر سرخي پيدا کرنے والي
rubefy,سرخ کرنا ـ لال کرنا ـ مرهم وغيره کا جلد کو سرخ کردينا
rubicund,سرخي مائل ـ سرخ چهرے کا
rubious,ياقوت کے رنگ کا ـ ياقوتي
rubric,لالی ۔ سرخی ۔ عنوان ۔
rubrical,هدايار عبادت کے متعلق
rubricate,سرخي سے لکھنا ـ سرخي سے نشان لگانا ـ سرخي چھاهنا ـ عبارت کي سرخياں لکھنا
rubrication,سرخياں لکھنا ـ عنوان لکھنا
rubrician,عبادات کے طريقوں کا ماهر
rubstonne,سليـ پتھري
ruby,لعل ـ ياقوت رباني ـ سرخ رنگ ـ سرخ شراب ـ ٹائپ کا ايک نمونه
ruck,دوڑنے والے جو دوڑ ميں حصه نه لے سکے هوں
ruckle,شکن ـ سلوٹ جھري ـ سلوٹ ڈالنا ـ گلے سے خرخر کي آواز نکالنا
ructions,بے تکا مجمع ـ هنگامه ـ گڑبڑ
rudd,يورپ کي ايک سرخ چشم مچھلي
rudder,پتوار ـ سکان ـ دنباله ـ شمع هدايت
rudderless,بے راه ـ بے هدايت
ruddle,سرخ مٹي ـ گيرو ـ سرخ مٹي سے رنگنا
ruddleman,سرخ مٹي کھودنے والا
ruddock,لعل ـ ايک چڑيا جس کا سينه سرخ هوتا هے
ruddy,سرخ ـ گلابي ـ لال لال
rude,کھردرا ـ ناتراشيده ـ غير مهذب ـ بد اخلاق ـ جاهل ـ بد لحاظ ـ بے ادب ـ بد تميز ـ گستاخ ـ تيز ـ تند ـ کڑا
rudechaos,بد انتظامي ـ شديد بد نظمي
rudeness,سختي ـ تندي ـ بے هودگي ـ بد تهذيبي
rudiment,بنياد ـ آغاز ـ شروع ـ اصل ـ ابتدائي حالت ـ مباديات ـ قاعدے
rudimentary,نامکمل ـ اصولي ـ بنيادي ـ ابتدائي
rudish,بيهوده ـ بھدا سا ـ بد تميز سا
rue,افسوس ـ رحم ـ ترس
rueful,غمگين ـ اداس
ruefulness,پشماني ـ پچھتاوا ـ اداسي
ruff,شکن ـ سلوٹ ـ چنت دار گلوبند ـ ايک پرنده ـ تاش ترٍٍٍٍٍٍپ لگا کر هاتھ جيتنا
ruffian,بد ذات آدمي ـ بد معاش ـ غنڈه
ruffianism,دغا باز ، ۔ بدمعاشی ۔ شہدا پن ۔
ruffle,بے ترتيب کربنا ـ ابتر کرنا ـ خراب کرنا ـ پريشان کرنا ـ شکن ڈالنا
ruffled,متموج ـ برهم ـ کنٹھے دار
ruffler,شيخي باز ـ جھگڑالو
rug,کمبل ـ دھسا ـ نمده ـ گليم ـ بالوں کا کپڑا
rugby,ايک قسم کا فٹ بال کا کھيل
rugged,کھردرا ـ ناهموار ـ اونچا نيچا
ruggedfeature,بھونڈي صورت ـ ناهموار شکل
ruggedness,شختي ـ درشني ـ ناهمواري
rugose,سلوٹ دار ۔ جھریاں پڑا ہوا ۔ پر شکن ۔
ruin,تباهي ـ بربادي ـ زوال ـ کھنڈر ـ ويرانے ـ افلاس ـ زندگي برباد کرنا ـ تباه کرنا ويران کرنا
ruinable,زوال کے قابل ـ بربادي کے قابل
ruination,زوال ـ  تباهي ـ بربادي
ruinous,مضر ـ زيون ـ خراب کرنے والا
ruinously,تباه کن طريقے سے ـ تباهي کے ساتھ
ruinousness,زوال ـ تباهي
rule,مسطر ـ جدول کش ـ رول ـ خط ـ طريقه ـ ريت ـ رسم ـ رواج ـ سلطنت ـ فرمائروائي ـ ضابطه ـ آئين ـ قانون ـ حکومت کرنا ـ قابو ميں رکھنا ـ فيصله صادر کرنا
ruleout,بحث خارج کرنا ـ سرے سے قابل غور نه سمجھنا
ruler,مسطر ـ حکمران ـناظم
rulership,حکمراني ـ فرمائروائي
ruling,قطعي رائے ـ فيصله
rulingpassion,شوق جو جنون کي حد تک پهنچ جائے ـ بے پنا جذبه
rum,ايک قسم کي مهوے کے گڑ کي شراب
rumanian,رومانيه کا باشنده
rumble,گڑگڑانا ـ گڑگڑ کرنا ـ گرج ـ گڑ گڑ اهٹ ـ تهه تک پهنچنا
rumbler,گڑگڑانے والا
rumbletumble,گاڑي کا هچکولے کھاتے هوئے چلنا
rumbustious,اودھم مچانے والا ـ جھگڑا فساد کرنے والا
rumcustomer,خطرناک آدمي يا جانور
rumen,جگالي کرنے والے جانوروں کا پهلا معده
ruminant,جگالي کرنے والا جانور
ruminate,جگالي کرنا ـ غور کرنا ـ سوچ بچار کرنا
rumination,سوچ بچار
ruminative,غور و فکر کا
ruminator,سوچ بچار کرنے والا
rumly,نرالے طورپر  ـ انوکھے طريقے سے
rummage,ڈھونڈھنا ـ چھان مارنا ـ جھاز کي تلاشي
rummageout,ڈھونڈھ نکالنا
rummager,چھان مرنے والا ـ ڈھونڈنے والا
rummagesale,خيراتي کاموں کيلئے نيلام
rummer,بڑا گلاس يا پياله
rumness,انوکھا پن ۔ نرالہ پن ۔
rumour,افواه ـ چرچا ـ بازاري گپ ـ افواه اڑانا
rump,پيٹھ کا آخري حصه ـ پٹھا ـ سريں
rumple,جھري يا شکن ڈالنا ـ لپيٹنا
rumpless,بے دم کي چڑيا
rumpus,شور ـ هنگامه ـ جھگڑا
rumpy,جزيره مين کي بے دم کي بلي
rumrummy,عجيب ـ انوکھا
rumrunner,ايسا جھاز جس ميں شراب لائي جائے
run,دوڑنا ـ بھاگنا ـ بھاگ جانا ـ کرکٹ ميں رن بنانا ـ بھنا ـ چلنا ـ رواں هونا ـ مسلسل چلے جانا ـ واقع هونا ـ پيچھا کرنا
runacross,اتفاقا ملاقات هو جانا
runagate,آواره ـ مرتد ـ منکر ـ کافر
runaway,بھاگا هوا ـ مفرور
runawaymarriage,کسي عورت کا بھگا کر اس سے شادي کرنا
runcattle,مويشي چرنے کيلئے چھوڑنا
rundale,زمين کا مشترکه قبضه جس ميں هر حصه دار کے قبضے ميں غير متصل قطعے آئيں
rune,قدیم جرمن زبان کے حروف تھجی کا کوئی حرف ۔ کوئی پراسرار نشان ۔
rung,ڈنڈا ـ سيڑھي کاڈنڈا
runhard,لاچار کرناـ مجبو ر کرنا
runic,قديم گاتھک زبان کے حروف کے متعلق
runintodebt,مقروض هوجانا
runlet,شراب کا ايک پيمانه ـ چھوٹي ندي ـ چشمه
runnel,موري ـ نالي ـ چشمه ـ ناله
runner,دوڑنے والا ـ بھاگنے والا ـ چکي کا اوپر کا پاٹ ـ دلال ـ ايجنٹ ـ ڈھيلا چھلا ـ چرخي
running,دوڑ ـ بھاگ ـ متواتر
runningfight,بھاگتے جانا اور لڑتے جانا
runningsore,بھتا هوا زخم
runout,کرکٹ ميں رن آؤٹ هونا
runt,ناٹا بيل ـ ناٹي گائے ـ پسته قد جانور
runtheshow,کسي کام کو اچھي طرح چلانا
rupee,روپيه
rupiah,روپيه
rupturable,ٹوٹ پھوٹ کے قابل
rupture,ٹوٹ پھوٹ ـ شکستگي ـ بگاڑ
rural,ديهاتي ـ ديهي ـ جنگلي
rurality,زرعی حالت ۔ دیہاتی پن ۔
ruralize,آبادي کو ديهات ميں پھيلنا
ruse,فريب ـ چالاکي ـ چالاک ـ مکار ـ چالباز
rush,نر موتھا ـ حقير شے ـ دھکيلنا ـ دوڑ پڑنا ـ هله کرنا  ـ جھپٹنا ـ ٹوٹ پڑنا ـ گھس جانا ـ دوڑ ـ حمله
rushat,هله بولنا ـ جھپٹنا
rusher,آگے بڑھنے والا
rushhours,کاروبار کي کثرت کا وقت ـ هجوم کا وقت
rushy,جھاں نگر موتھا کثرت سے هو
ruskinian,جان رسکن کا پيرو
ruskinism,معاشيات ميںجان رسکن کا اصول
ruskinize,رسکن کے اصولوں کا رواج دينا
russ,روسي ـ روس کا
russet,سرخ رنگ کا ـ موٹا کپڑا ـ باداميق
russety,گيروے رنگ کا
russia,روس
russian,روس کے باشندے
russianize,روسي بنانا
russiank,روس کو چک کا ـ يوکرين کا باشنده
russify,روسي بنانا
russophil,روسي دوستي
russophilism,روس کي دوستي
russophobe,روس کا ڈر ـ روس سے ڈرنے والا
russophobia,روسي خوف کي بيماري ـ روس کا خوف
rust,زنگ ـ مورچه ـ زنگ لگ جانا ـ زنگ آلوده کرنا ـ مورچه لگنا
rustable,زنگ لگ جانے کے قابل
rustic,دهقاني ـ ديهائي ـ اکھڑ ـ موٹا
rustically,گنواروں کی طرح ۔ گنوار پن ۔
rusticate,ديهات ميں بھيجنا ـ ديهاتي زندگي گزارنا
rustication,کچھ عرصے کيلئے طالب علم کا مدرسے سے اخراج ـ ديهات کي بودو باش
rusticator,ديهاتي زندگي بسر کرنے والا
rusticity,بھونڈا پن ۔ گنوار پن ۔
rustily,زنگ آلود حالت ميں ـ ناکاره چيز کي طرح
rustiness,زنگ خوردگي ـ زنگ آلودگي
rustle,جھرجھرانا ـ کھر کھرانا ـ سرسرانا ـ سرسراهٹ
rusty,مورچه لگا هواـ زنگ آلود ـ پرانا ـ فرسوده
rut,ليک ـ بابنـ پرانا رواج ـ ليک دار ـ نر هرن کا مستي پر آنا
ruth,رحم ـ ترس
ruthless,سنگدل ـ بے رحم
ruthlessness,بے رحمي ـ سنگدلي
ruttish,مستي پرا ٓيا هوا ـ مست
rutty,ليک دار ـ پهيوں کسے کھدي هوئي
rye,گھٹيا گندم ـ ديو گندم
ryegrass,ايک قسم کي چارے کي گھاس
ryepeck,لوهے کي شام والي بڑي ميخ جس سے کشتيوں کو باندھديتے هيں
rymer,دريا کے بند کے ستون جس ميں چپو لگے هوتے هيں
ryot,کاشتکار ۔ رعایا ۔ کسان ۔
