tab,چمڑے کا چھوٹا ٹکرا ـ جيب کا پرده ـ بند ـ تکمه ـ دم چھلا
tabard,غريب طبقه کا قديم لمبا کرته ـ بے آستين کا جامپ
tabaret,موٹا ريشمي کپڑا
tabasheer,بنسن لوچن ـ طباشير
tabby,دھاربدار ـ لهربا کپڑا ـ رنگ برنگ کپڑا
tabefaction,نقابت ـ بيماري سے کمزور هونا
tabefy,کمزورکردينا ـ گھلانا
tabernacle,ڈيره ـ خيمه ـ چھولداري ـ شاميانه
tabernacled,جس ميں چھجے اور طاق هوں ـ کٹاؤ کے کام کا
tabernacular,جالي دار ـ چھجے دار
tabes,سوکھا ـ بيماري جس ميں آدمي گھلتا چلا جائے
tabescence,سوکھے کي بيماري لگنا
tabescent,سوکھے کا مريض
tabescentude,سوکھے کي بيماري لگنا
tabidly,سوکھے مريض کي طرح
tabitic,سوکھے کا مريض
tablature,مصوري جو ديوار اور چھت پر کي جائے ـ ذھني نقش يا تصوير
table,ميز ـ دستر خواں ـ مانده ـ ضيافت ـ خانه ـ فهرست ـ نقشه
tableau,تصوير ـ نقشه ـ شبيه
tableaucurtains,تماشا گاه کي قناعت
tablecloth,ميز هوش
tableful,ميز بھر
tableland,بلندی پر ہمواری زمین ۔
tableofcontents,فہرت مضامین ۔
tablespoon,کھانے کا چمچه
tablet,تختي ـ لوح ـ ٹکيا
tabletalk,گپ شپ ـ کھانے کے دوران گفتگو
tablewater,معدني پاني جو کھانے پر بوتلوں ميں ميز پر رکھتے هيں
tablier,پیش بند ۔ ایسا کپڑا جو عورتیں کام کرتے وقت اوپر لپیٹ لیں ۔ پیش دامن ۔
tabloid,کيماوي پيداوار ـ اخبار
taboo,کسي چيز کو حرام قرار دينا
tabor,ڈھولک ـ طنبوره
tabouret,اڈا ـ کشيده کاري کا چوکھٹا ـ تپاهي
tabula,کسي چيزکي چکني سطح ـ لکھنے کي ميز
tabular,ميز نما ـ نقشه دار ـ مسطح
tabulate,مرتب کرنا ـ فهرست تيار کرنا ـ مسطح کرنا
tabulation,خاکه ـ فهرست ـ جدول
tabulator,مرتب کرنے والا ـ فهرست تيار کرنے والا
tacautac,تيغ زني کے مقابلے ميں حريف کا وار روکنا اور وار کرنا
tache,چمٹي ـ آنکڑا ـ بک
tachometer,پيمائش کا آله
tachometery,پيمائش کا آله ـ سرعت ناپنے کا آله
tacit,چپ ـ خاموش ـ چپ چاپ
tacitconsent,سکوت سے جواب دينا
tacitly,خاموشي سے
taciturn,خاموش ـ کم گو
taciturnity,خاموشي ـ کم سختي
tack,کوکا ـ کيل ـ ڈوپ ـ لمبے لمبے ٹانکے ـ پال کي رسي ـ کھانا ـ غذا
tacker,کيليں جڑنے والا
tackey,منه بند
tackhammer,کيليں نکالنے اور جڑنے کي هتھوڑي
tackiness,چپ چاپ رهنا ـ خاموشي
tacking,اگر ـ مرتهن اول نے نوٹس نهيں ديا تو مرتهن دوم کا حق مرجع هوگا
tackle,جهاز پر سامان چڑھانے اور اتارنے کي کل ـ پردے وغيره ـ سامان حرب
tackler,مقابله کرنے والا ـ حريف کو روکنے والا
tackling,کسی کا م کا ضروری سامان ۔
tact,موقع شناسي ـ مودم شناسي ـ حکمت ـ هوشياري
tactful,هوشياري کا ـ هوشيار
tactical,جوڑ توڑ کا ـ موقع کي مناسبت کا ـ شاطرانه ـ استادانه
tactically,حکمت سے ـ مدبرانه طور پر
tactician,فنون جنگ کے ماهر
tactics,جنگ کے داؤں پيچ ـ چاليں ـ جوڑ توڑ
tactile,چھونے کے قابل ـ چھو کر معلوم کرنے کے قابل
tactility,چھوئے جانے کي صفت
tactless,بے تکے پن کا ـ پھوهڑ ـ ناتجربه کار
tactlessness,محل شناسی ۔ بے تکا پن ۔
tactual,لمس کے قابل
tadpole,منڈک کے بچے اپني ابتدائي شکل ميں هيں
taediumvitae,جان سے بيزاري ـ خود کشي پر آمادگي
taels,ايک چيني وزن کوئي چار تولے کے برابر
taffeta,تافته دريائي ـ ريشم کا چمکدار کيڑا
taffrail,جهاز کا عقبي کٹهرا
taffy,ايک قسم کي سخت مٹھائي
tag,چندي ـ چٹ ـ گھنڈي ـ دنباله ـ شامچه ـ تنمه ـ آنکھ مچولي ـ ٹيپ لگانا ـ جوڑ لگانا ـ تک بندي کرنا ـ بھيڑ کي اون کترنا
tagger,لوهے کي پتلي چادر ـ پيچھے لگنے والا ـ سب کے پيچھے بھاگنے والا
tagtail,شوشامدي ـ طفيلي ـ چچڑي
tail,دم ـ پونچھ ـ دنباله ـ نچلا سرا
tailafter,پيچھے پيچھے لگا رهنا
tailess,دم کٹا ـ بے دم
tailing,دنباله ـ دم چھلا
tailoftheeyes,دنبال چشم
tailor,درزي
tailorbird,وه چھوٹا پرنده جو تنکوں سے گھونسلا بناتا هے
tailoress,درزن ۔
tailoring,درزي کا کام
tailtall,بھاگ کھڑے هونا
tain,ٹين کا پتلا ٹکڑا
taint,داغ ـ دھبه ـ گندگي ـ آلائش ـ آلوده کرنا ـ بگاڑنا ـ داغ لگانا
taintless,پاک صاف ـ بے لوٹ ـ بے داغ
taiwan,تائيوان ـ ملک کا نام
takable,تھامنے کے قابل ـ پکڑنے کے قابل
take,پکڑنا ـ تھامنا ـ قبضه کرنا ـ گرفتار کرنا ـ فتح کرنا ـ حاصل کرنا
takeable,پکڑنے کے قابل ـ تھامنے کے قابل
takeadvantageof,فائده اٹھانا
takeafancyto,بهت پسند آنا ـ دل آ جانا
takeaim,شست لينا ـ نشانه باندھنا
takeair,مشهور هونا
takebreath,سستانا ـ دم لينا
takedown,رسوا کرنا ـ مهندم کرنا
takeheedto,متوجه هونا ـ دھيان دينا
takein,دھوکا دينا
takeinwith,دھوکا دينا
takenotice,مطلع هو ـ متوجه هو
takeoff,اتار دينا
takepart,شريک هونا
taker,لينے والا ـ گرفتار کرنے والا ـ بازي لگانے والا
takesides,کسي کي طرف داري کرنا ـ حمايت کرنا
takethefield,ميدان ميں آنا
taketo,کسي کي طرح کا هونا ـ مصروف هونا
takeuparms,آماده جنگ هونا
takeupwith,قائع هونا ـ راضي رهنا
takin,ٹاکن ـ تبت کا ايک هرن کي طرح کا جانور
taking,پکر ـ گرفت ـ موهني ـ دلربا
takingly,دلربائي کے ساتھ
takingness,دلربائي ـ دليري ـ دلکشي
talapoin,ايک قسم کا بندر ـ بدھ مت کا راهب
talaria,پر دار چپل کو پهن کر ديوي ديوتا اڑتے هيں ـ اڑن چپل
talc,ابرق ـ طلق ـ ابرق سے جلا کرنا
talcite,بھاري قسم کا ابرق
talcky,ابرق کا سا
talcous,جس ميں ابرق هو
tale,حکايت ـ قصه ـ داستان ـ کهاني ـ افواه
talebearer,چغل خور ـ غماز
talent,قابليت ـ لياقت ـ صلاحيت ـ جوهر ـ وصف
talented,قابل ـ زهين ـ لائق
talentless,نا اهل ـ نالائق ـ بے هنر ـ بے صلاحيت
taler,بولنے والا ـ قصه سنانے والا
talesman,قصه گو
taliacotian,عمل جراحي جس ميں بازو کا گوشت لے کر ناک وغيره بنادي جاتي هے
talion,ناک کے بدلے ناک دانت کے بدلے دانت ـ قصاص
taliped,مڑے هوئے پير کا ـ جس کا پاؤں مڑا هوا هو
talisman,تعويذ ـ گنڈا ـ نقش ـ سحر
talismanic,سحر کا ـ جادوني
talk,بولنا ـ باتيں کرنا ـ گفتگو کرنا ـ بحث کرنا ـ تقرير کرنا
talkable,بولنے کے قابل
talkative,بکي ـ بيسار گو ـ باتوني
talkativeness,باتونی پن ۔
talkaway,باتوں ميں وقت ضائع کرنا
talkback,بے دھڑک جواب دينا
talkdown,زور سے بول بول کر مخالف کو خاموش کر دينا ـ اپني باپ پر اڑنا
talkeis,فلم جس سے مناظر کے ساتھ گفتگو بھي هو ـ بولتي فلم
talker,بکي ـ بولنے والا
talkout,کسي بحث کو اتنا طويل کر دينا که کوئي فيصله نه هو سکے
talkpersonround,کسي کو سمجھا بجھا کر راضي کر لينا
talktall,شيخي بگھارنا ـ بڑا بول بولنا
tall,قد آور ـ لمبا ـ دراز قامت
tallboys,کپڑے رکھنے کي الماري
tallith,يهوديوں کي نماز پڑھنے کي چادر
tallness,لمبائي ـ قد آوري ـ اونچائي ـ بلندي
tallorder,بے ڈھب فرمائش ـ نهايت مشکل کام
tallow,بھيڑوں کو موٹا کرنا ـ چکنائي لگانا
tallowcandle,چربي کي بتي
tallowchandler,موم بتياں بنانے اور بيچنے والا
tallower,چربي بيچنے والا
tallowish,چربي ملا هوا
tallowy,چکنا
tally,لکڑي جس پر شمار کے نشان بنے هوئے هيں
tallyho,شکار نظر آنے کے بعد شکاری کا اعلان ۔
tallyman,وه دکاندار جس کے پاس خريداروں کا کھاته کھلا هو ـ نمونه دکھا کر مال بيچنے والا
talmigold,پيتل جس پر سونے کا ملمع چڑھا هو
talmud,تلمود ـ فقه يهود
talmudist,فقه تلمود کا ماهر
talon,شکاری پرندوں کا پنجہ ۔ ناخن ۔
talus,ٹخنے کي هڈي ـ پشنے کا ڈھلوان حصه
tamability,مانوس هونے کي صلاحيت
tamarack,امريکه کا ايک مخروطي شکل درخت
tamarin,جنوبي امريکه کا بندر جس کي دم گلهري کي طرح کي گھچے دار هوتي هے
tamarind,املي ـ تمر بندي
tamarisk,سمندر کے کنارے کي ايک جھاڑي جس پر سفيد اور گلابي پھول آتے هيں اور جس کے پتے نرم هوتے هيں
tambour,دف ـ رباب ـ خنجري ـ طنبوره
tamboura,طنبوره
tambourin,مردنگ ـ طنبوره
tame,هلانا ـ سدھانا ـ مطيع کرنا ـ خوگر کرنا ـ توڑنا
tameable,جسے مطيع کيا جا سکے
tamecat,کاسه ليس ـ جو حضوري ـ طفيلي
tameless,جو مانوس نه هو سکے
tamely,فروتني سے
tameness,بودا پن ـ نامردي
tamer,مطيع کرنے والا ـ سدھانے والا
tamil,جنوبي هند کي تامل زبان ـ تامل زبان بولنے والا
tamp,سوراخ ميں بارود بھر کر ڈالنا ـ سڑک کے پتھر کوٹنا
tampan,جنوبي افريقه کا ايک زهريلي چچڑي
tamper,هاتھ ڈالنا ـ چھيڑنا ـ دست اندازي کرنا ـ خفيه معامله کرنا
tamperer,تصريف کرنے والا ـ دست اندازي کرنے والا
tampion,نلوں کي ڈاٹ ـ توپ کے منه کي ڈاٹ
tampon,خون روکنے کيلئے روئي کي گدي ـ ڈاٹ
tamponade,خون روکنے کے لئے زخم کي مرهم پٹي
tamponage,خون روکنے کے ليے زخم بندي کا عمل
tamponment,زخم بندي
tan,چمڑا کمانا ـ کھال پکانا ـ چمڑے کي دباغت کرنا
tanable,قابل دباغت
tandem,گاڑي ميں گھوڑوں کو آگے پيچھے لگائے هوئے
tandstickor,سويڈن کي ديا سلائي
tang,جھنکار ـ ايک قسم کي سمندري گھاس ـ شهد کي مکھيوں کو هلانا ـ چاقو کا پھل ـ پھل جو دستے ميں بيٹھ جاتا هے ـ ذائقه ـ مزه
tangency,خط کا کسي سطح کو چھونا
tangent,خط مماس ـ وه خط جو کسي سطح کو چھوتا هوا گزرے مگر قطع نه کرتا هو
tangential,سطح کو ايک نقطه پر چھونے والا
tangerine,طنجه کا باشنده
tangibility,محسوسيت
tangible,جس کو چھوا جا سکے
tangibleness,محسوسيت
tangibly,واضح طور پر
tangle,الجھانا ـ پھنسانا ـ الجھن ميں ڈالنا
tanglefoot,وسکي ـ شراب
tangler,الجھانے والا ـ پھنسانے والا
tangly,الجھا هوا ـ پيچيده
tango,جنوبي امريکه کا ايک حبشي ناچ
tangram,چيني گورکھ دھندا
tangy,نوکدار ـ مزيدار
tanist,قديم آئر ستاني سردار کا ولي عهد
tanistry,وراثت اور ولي کا انتخاب
tank,تالاب ـ حوض
tankage,حوض ميں پاني محفوظ کرنا ـ حوض کي گنجائش
tankard,شاه کاسه ـ ڈھکنے دار پياله
tankdrama,غرقابي اور بچاؤ کي تمثيل
tanker,تيل بردار جهاز يا گاڑي
tankful,تالاب بھر
tannage,مچڑے کي دباغت کا کام
tannate,کستے وغيره کا تيزاب
tanner,دباغ ـ چمڑا کمانے والا
tannery,چمڑے کي دباغت کا کارخانه
tannic,کستے کا ـ شاه بلوط کي چھال کا
tanniferous,مرکب جس ميں کستے کا تيزاب هو
tannin,شاه بلوط کي چھال
tanning,چمڑا کمانا ـ فن دباغت
tansy,ايک خوشبودار بوٹي
tantalization,للچانا ـ ترسانا ـ ترسايا جانا
tantalize,اميد و بيم رکھنا ـ کلپانا ـ دکھا کر ترسانا ـ للچانا
tantalizer,للچانے والا
tantalizingly,ترساتے هوئے
tantalum,ايک کمياب دھات
tantalus,تنتالوس ـ يوناني ديوتا زبوس کا بيٹا
tantamount,هم پله ـ مساوي
tantara,ترم کي آواز
tantivy,بڑي تيزي سے ـ تيز ـ سرهٹ ـ جلد باز
tantra,تنتر ـ سنسکرت کي مذھبي کتاب
tantrum,غصه ـ جذبه
tanzania,تنزانيه ـ ملک کا نام
tanzanian,تنزانيه کے باشندے
taoism,چيني فلسفي لاؤ تازے کا مذھبي نظام
tap,ٹونٹي جس کے پيپے سے شراب نکالتے هيں ـ ٹوٹني ـ ڈاٹ لگانا ـ برمانا ـ چھيدنا ـ کھٹکھٹانا ـ تھپ تھپانا ـ دستک دينا ـ تھپکي دينا
tapa,درخت کي چھال
tape,فيته ـ نواڑ ـ پٹي ـ شراب
tapeline,فيته
taper,شمع ـ ديا ـ موم بتي
taperingly,اس طرح کے گاؤ دم هوتا چلا جائے
taperness,گاؤ دم هونا
tapestried,مشجري ـ بيل بوٹوں کا
tapestry,ديوار کے منقش پردے ـ ميز پوش وغيره ـ مشجر ـ پوت
tapestrycarpet,غالیچہ ۔ قالین ۔
tapioca,ايک درخت جس سے سوجي نکالي جاتي هے
tapir,برازيل کا ايک جانور جو کچھ سور سے اور کچھ گينڈے سے ملتا جلتا هے
tapis,غلاف ـ پرده ـ ميز پوش
tappet,کھٹکا ـ ايک پرزه
taprate,موجوده شرح
taproom,شراب پينے کا کمره
tapster,شراب فروش جو پيپے سے شراب نکال کر ديتا هے
tapworm,فيتے کي طرح کا لمبا کرم جو معده ميں پيدا هو جاتا هے
tar,تارکول ـ رال ـ قطران ـ کولتار ـ ملاح
taradiddle,گپ ـ جھوٹي بات ـ بے پر کي بات
tarantass,چوپھيه روسي گاڑي ـ بھگي
tarantella,ايک تيز ناچ ـ چک پھيري ناچ
tarantism,ناچ کا جنون ـ ناچ روگ
tarantula,ايک زهريلي بڑي مکھئي جس کے کاٹنے سے ناچنے کا جنون پيدا هوتا هے
taratantara,ترم کي آواز ـ تارا تن تارا
tarboosh,اونچي ترکي ٹوپي
tardigrade,سست رفتار ـ آهسته رو ـ سست خرام
tardily,سستي سے ـ رکتے هوئے
tardiness,سستي ـ کاهلي
tardy,سست ـ کاهل ـ دير کرنے والا
tare,موٹھ ۔ موٹا اناچ ۔ موٹھ کا پودا ۔ کسی ظرف یا گاڑی کا اصل وزن ۔
target,نشانه ـ چاند ـ هدف
targum,توريت کا ترجمه يا اس کي تفسير
targumist,توريت کا مفسر مترجم يا عالم
tariff,مال کے محصولات کي فهرست ـ فرد محاصل
tariffreform,نظام محاصل کي اصلاح
tariffwall,بيروني تجارت کي روک کے ليے محاصل ديوار
tarlatan,باريک ململ
tarmacadam,تارکول ملي هوئي روڑي
tarn,ايک پهاڑي جھيل ـ پوکھر
tarnal,کم بخت ـ منحوس ـ پرلے درجے کا
tarnish,آلوده کرنا ـ ميلا کرنا ـ دھندلا کرنا ـ داغ لگانا
tarnishable,ميلا هو جانے والا ـ کدورت پذير
taroc,ايک قديم تاش
tarpan,تاتاري جنگلي گھوڑا جو اب ناهيد هے ـ قبچاقي گھوڑا
tarpaulin,ترپال ـ موم جامه
tarpeian,تاربي چٹان جس پر سے مجرموں کو گرا کر هلاک کيا جاتا تھا
tarpon,امريکه کي ايک بڑ ي مچھلي
tarragon,پودا جس کي پتياں اچار ميں ڈالي جاتي هيں
tarrock,بط ـ مرغابي ـ پن ڈبکي
tarry,ٹھرنا ـ اٹکنا ـ توقف کرنا ـ دير لگانا ـ رهنا
tarsal,ٹخنے کي هڈيوں کا
tarsia,اطالوي چوبي کام ايک وضع
tarsier,ايک قسم کي بڑي آنکھوں والا لنگور
tarsus,پاؤں کا ٹخنه ـ پير اور ٹانگ کا جوڑ
tart,کھٹا ـ تيز ـ ترش ـ تند ـ تيز مزاج
tartan,چوخانه اوني کپڑا ـ گھاگرے والا سپاهي
tartar,تاتاري ـ ترک ـ تند مزاج آدمي
tartarean,دوزخي ـ جهنمي
tartarian,تاتاري
tartaric,تلچھٹ کي طرح کا
tartarization,تلچھٹ بن جانا ـ درد بن کر جم جانا
tartarize,شراب کي تلچھٹ ملانا
tartarus,جهنم ـ درزخ ـ پاتال ـ جهنم کا نچلا حصه
tartlet,چھوٹا سموسه ـ لقمي
tartly,جھڑک کر ـ سختي سے
tartness,تلخي ـ گرش روئي ـ تيز مزاجي
tartuf,ناٹک کا ريا کار زاهد ـ بگلا بھگت
tarzan,ٹارزن ۔
tasimeter,دباؤ کي تبديلي معلوم کرنے کا آله  ـ موسمي تبديلي معلوم کرنے کا آله
task,مقرر کام ـ معينه کام ـ ذمه کا کام ـ ٹھيکے کا کام ـ مدرسه کا کام ـ کام دينا ـ دبا کے کام لينا
tasmanian,تسمانيه کا رهنے والا
tasmaniandevil,کالي بلا ـ بلي کي قسم کا ايک گوشت خور جانور جو درخت پر رهتا هے ـ تسمانيه کا بلڑ
tass,شراب پينے کا پياله
tassel,پھندنا ۔ جھالر ۔ لٹکن ۔
tastable,لذيذ ـ خوش ذائقه
taste,ذائقه معلوم کرنا ـ چکھنا ـ تھوڑا سا کھانا ـ مزه محسوس کرنا
tasteful,خوش ذائقه ـ مزيدار
tastefully,نفاست سے
tastefulness,نفاست ـ لطافت
tasteless,بے لطف ـ بے مزه
tastelessly,بد ذوقي سے
tastelessness,بے مزگي
taster,ذائقوں کا ماهر ـ چکھ کر بتانے والا
tasty,خوش ذائقه
tat,جھالر گوتھنا ـ ٹاٹ ـ کپڑا
tata,بچوں کي بول چال في امان اﷲ ـ خدا حافظ
tategallery,لندن کا ايک مشهور تصوير خانه
tatter,ٹکڑا ـ چيتھڑا ـ خسته حال
tattered,پاره پاره ـ پھٹا هوا ـ پھٹا پرانا
tatting,جھالر يا ليس بنانے کا کام
tattle,گپ ـ بکواس ـ گپ مارنا ـ بے تکي باتيں کرنا
tattler,ايک مشهور انگريزي رساله ـ زٹلي ـ گهي ـ بکواس کرنے والا
tattoo,انگلیوں سے کسی چیز پر طلبہ سا بجانا ۔ جس کو گود کر نقش کرنا ۔ گودنے کانشان ۔
tattooer,جسم کا گود کر نقش بنانے والا
tatty,ٹٹي ـ خس کي ٹٹي
taught,سکھايا هوا
taunt,طعنه دينا ـ ملامت کرنا ـ طعنه ـ بلند ـ اونچا
taunter,ملامت کرنے والا
taurine,بيل کي طرح ـ سانڈ جيسا ـ برج ثور کا
taurus,برج ثور
taut,بالکل درست ـ ٹھيک ٹھيک ـ تنا هوا
tauten,تننا ـ کسنا
tauter,تاننے والا ـکسنے والا
tautly,ٹھيک طور پر ـ کسي کر
tautness,درست هونا ـ کھچا هوا هونا
tautoligist,ايک ھي بات کو بار بار بيان کرنے والا
tautological,مکرر ـ تکرار معني کا
tautologize,تکرار معني کرنا ـ ايک ھي بات کو مکرر بيان کرنا
tautology,ايک هي بات کو مختلف الفاظ ميں بياں کرنے کا فن ـ تکرار
tavern,شراب خانه ـ کلال خانه
taverner,کلال ـ مے فروش
tavernhunter,شرابي
taw,چمڑا کمانا ـ دباعت کرنا ـ سفيد چمڑا بنانا ـ گوليوں کا کھيل
tawdrily,بھڑک دار اور بھدے طريقے سے
tawdriness,بے ڈھنگا پن ۔ پھوہڑ پن ۔
tawdry,بھڑکيلا اور بھدا ـ بے ڈھنگا
tawer,سفيد چمڑا تيار کرنے والا
tawniness,سانولا هونا ـ گندم گو هونا
tawny,رنگ ـ گندمي رنگ کا ـ سانولا
tax,محصول لگانا ـ لگان مقرر کرنا ـ بوجھ ڈالنا
taxability,محصول لگانے کے قابل هونا
taxable,اهل محصول
taxably,قابل محصول هونے کي حد تک
taxation,محاصل ـ تشخيص محاصل
taxer,محصول لگانے والا
taxi,کرايه کي گاڑي
taxibleness,محصول لگانے کے قابل هونا
taxidermist,جانوروں کي کھالوں کو بھڑنے والا
taxidermy,جانوروں کی کھال میں بھس بھرنے کا فن ۔
taximeter,چلا هوا فاصله بتانے والا ٹيکسي کا آله
taxis,هاتھ کے دباؤ سے جوڑ بٹھانا ـ هڈي بٹھانا
taxistand,ٹيکسياں کھڑي کرنے کي جگه
taxless,جس پر کوئي ٹيکس نه هو
taxology,علم تقسيم حيوانات
taxonomy,حيوانيات کے جنس اور انواع ميں تقسيم کے اصول
taxpayer,محصول دينے والا
taxpaying,ٹيکس ادا کرنا
tea,چائے کا پودا ـ چائے کي پتي ـ چائے پلانا ـ جوشانده ـ عرق
teacaddy,چائے کا ڈبه
teacake,کيک جو چاهے کے ساتھ کھايا جائے
teach,سکھانا ـ لکھانا پڑھانا ـ تعليم دينا ـ هدايت کرنا
teachability,قابل تعليم هونا
teachable,سکھانے کے قابل
teachableness,تربيت پذيري
teacher,سکھانے والا ـ بڑھانے والا ـ تعليم دينے والا
teachership,مدرسي ـ معلمي کا پيشه
teachest,چائے بھيجنے کي پيٹي يا صندوق
teaching,تعليم ـ تربيت ـ درس و تدريس
teacup,جائے کي پيالي
teacupful,چائے کي بھري پيالي
teahouse,چائے کي دوکان يا هوٹل
teak,ساگوان ـ ساکھو ـ ساگوان کا درخت ـ تعميري لکري
teakwood,ساگوان کي لکڑي ـ تعميري لکڑي
teal,پن ڈبکي ـ چھوٹي بط ـ مرغابي
team,دو يا کئي جانور جو ساتھ پيدا هوئے ـ جھول ـ ٹکڑي ـ گھوڑوں کي جوڑي ـ کھيل کي جماعت بنانا
teamaker,جائے بنانے والا
teamer,کھيل کي جماعت بنانے والا
teaming,ايک جماعت کو کام پر لگانا
teamster,جماعت سے کام لينے والا
teamwork,منظم کام ـ اتحاد عمل ـ متفقه کوشش
teapot,چائے کا برتن ۔
teapoy,چھوٹي ميز ـ تپاتي
tear,چيرنا ـ پھاڑنا ـ چاک کرنا ـ ٹکڑے ٹکڑے کرنا ـ اختلاف پيدا کرنا ـ جھپٹنا ـ دوڑنا ـ آونسو ـ اشک ـ آنسو کي بوند ـ قطره
tearable,چيرنے کے قابل ـ پھاڑنے کے قابل
teardown,آنسه بهانا
teardrop,آنسو کا قطره
tearful,پر اشک ـ اشکبار ـ نم ناک
tearfulness,پرنم هونا ـ اشک آلودگي ـ اشکباري
teargas,اشک اور گيس
tearing,پھاڑتے هوئے ـ سخت ـ شديد ـ چير ـ چاک
tearless,خشک آنکھيں
tease,دق کرنا ـ تنگ کرنا ـ ستانا ـ چھيڑ خاني کرنا ـ تومنا ـ صاف کرنا
teasel,پودے جس کے سروں پر گوکھو کے سے گچھے هوتے هيں ـ کپڑے پر  رواں اٹھانے کا آله
teaser,ستانے والا ـ دل لگي کرنے والا
teashop,چائے کي دوکان يا هوٹل
teasingly,دق کرنے کي غرض سے ـ چھيڑتے هوئے
teaspoon,جائے کا چمچه
teaspoonful,چمچه بھر کر
teat,چوچي ـ سرپستان ـ تھن ـ بھٹني
teatime,چائے پينے کا وقت
teatlike,تھن کي طرح کا ـ سرپستان کي طرح
teazel,ولائتي گوکھرو سے رواں اٹھانا
teazle,کپڑوں پر رواں اٹھانے کا آله
technic,کسي فن يا هنر کے متعلق
technical,کسي خاص فن يا علم کے متعلق جو قانون کي نظر ميں جرم هو
technicality,علمي يا فني حيثيت
technically,اصطلاحي طور پر ـ فني طور پر
technicalskill,فني اهليت
technicalterms,فني اصطلاحيں
technician,ماہر فن ۔
technicist,فن کی جزنیات سے واقف ۔ فن دان ۔
technique,طريق کار ـ طرز کار ـ فني عمل
technocracy,ماهران فن کي حکومت
technological,علوم صنعت کے متعلق
technologist,صنعت و حريف کي تاريخ کا ماهر
technology,صنعت و حرفت کي ترقي کا مطالعه
techtorial,غلاف کا کام دينے والي ـ غلافي
tectonic,تعمير کے متعلق
ted,گھاس کو پھيلا کر خشک کرنا
teddy,ريچھ کي شکل کا کھلونا
tedeum,اطالوي زبان کا ترانه ـ حمد ـ شکرانه
tedious,بھاري ـ گراں ـ اکتانے والا
tediously,تکليف ده طور پر
tediousness,ناگوار هونا
tedium,اجيرن هونا ـ کوفت ـ الکسي ـ ناگواري
tee,ٹي کي شکل کي کوئي چيز ـ چھتري کي شکل کا مکس جو بدھ مندروں پر بنايا جاتا هے
teem,معمور هونا ـ بھرا ھوا هونا ـ حامله هونا ـ بهتات هونا
teemer,خالي کرنے والا ـ خارج کرنے والا
teen,رنج ۔ مصیبت ۔ نقصان ۔
teeth,دانت
teethe,دانت نکلنا
teething,دانت نکلتا هوا ـ دانت نکلنا
teetotal,منشيات کا مخالف ـ پورا ـ مکمل
teetotaler,نشه آور چيزوں سے پرهيز کرنے والا
teetotalism,نشے کا اجتناب
teetotum,ايک کھيل جس ميں حروف کي قيمتيں مقرر هوتي هيں
teg,دوسرے سال کي بھيڑ ـ پوٹلا
tegular,کھپرے يا چھت کي تاس کا
tegument,چھال ـ خول
tehee,حقارت کي هنسي ـ نيچي آواز کي هنسي
teinoscope,اشیاء کے عرض و طول کو گھٹانے بڑھانے والی دوربین ۔
teknonymy,بيٹے کے نام سے ـ پاک کے نام مشهور هونا ـ مثلا ابو القاسم í ابوالشاهد
telamon,آدمی کی شکل کا ستون ۔
telautogram,وه پيام جو تلغراف عکسي سے آيا هو ـ عکسي تار
telautograph,تحرير کو هو بهو منتقل کرنے والا تار ـ عکسي تار
telecast,نشر کرنا
telecaster,نشر کرنے والا
teledu,جاوا کا بدبودار بجو
telegram,تار کي خبر
telegraph,تار کے ذريعے خبر بھيجنا
telegrapher,تار کے ذريعے خبر بھيجنے والا
telegraphese,حد سے زياده مختصر ـ عبارت
telegraphic,برق کي زبان ميں
telegraphically,تار کے ذريعے سے
telegraphist,تار برق پر کام کرنے والا ـ تار بابو
telegraphy,تار برقی کا فن ۔
telemechanics,لاسلکي کے ذريعے مشينوں کو چلانے کا فن ـ لاسلکي ميکانک
teleology,يه نظريه که کائنات کے تغيرات کا ايک خاص مقصد سے اور اسباب ظاهري پر ايک اور نظام اسباب هے
telepathic,اشراق ۔ تعلق ذہن ۔
telepathist,روحاني پيام رسائي کا ماهر
telepathize,ذهن کو متاثر کرنا ـ اشراق سے اثر ڈالنا
telepathy,اشراق ـ تعلق ذهني
telephone,آواز کو دار تک پهنچانے کا آله ـ ٹيليفوں سے گفتگو کرنا
telephonic,ٹيليفوني
telephonist,وه شخص جو ٹيليفون مشين پر کام کرتا هے
telephony,ٹيلي فون سے کام لينے کا طريقه
telephotography,دور عکسي تصوير کشي
telescope,دور بین ۔
telescopic,دوربيني
telescopically,دور بين کے ذريعے
telescopist,دوربين کے استعمال کا ماهر
telescopy,دوربين کي ساخت اور اس کے اصولوں کا علم
teleseme,بجلي سے اشاره دينے کا آله جو هوٹلوں ميں رکھا جاتا هے
televise,لاسلکي کے ذريعے منتقل کرنا
television,لاسلکی کے ذریعے دور کی اشیاء کا مشاہدہ ۔ ٹیلیوژن ۔
televizor,لاسلکی کے ذریعے منتقل کرنے والی مشین ۔
telex,ٹیلیکس مشین ۔
tell,کهنا ـ بولنا ـ بيان کرنا ـ سنانا ـ اظهار کرنا ـ مشهور کرنا ـ بتلانا ـ حکم دينا ـ فيصله کر سکنا ـ رائے شماري کرنا ـ مامور کرنا
tellable,قابل بیان ۔
teller,بيان کرنے والا ـ بولنے والا ـ تبصره کرنے والا
tellership,رائے شماري کا عهده
telling,کار گر ـ مؤثر
tellingly,مؤثر طور پر
telltale,چغلي خور ـ غماز ـ دوسروں کي برائي کرنے والا
tellurian,زمين کا باشنده
tellurium,ايک چمکدار عنصر
telotype,تار چھاپ مشین ۔
telpher,بجلي کے ذريعے حمل و نقل کا آله ـ بجلي کي گاڑي
temerity,ناعاقبت انديشي ـ جانبازي ـ بے باکي
tempean,تھسلي کي وادي پينيس کا جو ايسے قدرتي حسن کے ليے مشهور تھي
temper,ملانا ـ امتزاج کرنا ـ اميزش کرنا ـ اعتدال پر لانا
temperable,اعتدال پر لانے کے قابل ـ نرم کرنے کے قابل
temperament,مزاج ـ طبيعت ـ سر شت ـ خصلت ـ خمير ـ خو
temperamental,مزاج کے متعلق
temperance,اعتدال ـ ضبظ نفس
temperancehotel,طعام خانه جهاں شراب نه بکتي هو
temperate,اعتدال پسندانه ـ معتدل
temperately,پرهيز گاري سے
temperateness,اعتدال ـ ضبط
temperative,معتدل کرنے والا ـ نرم کرنے کے قابل
temperature,مزاج ـ درجه حرارت ـ معمولي حرارت
tempest,آندهي ـ جھکڑ ـ طوفاني هوا ـ هنگامه ـ هلڑ
tempestuous,طوفاني ـ تند ـ تيز ـ هنگامه خيز
tempestuously,طوفان خيزي کے ساتھ
tempestuousness,آشفتگي ـ بے چيني
templar,زائرين بيت المقدس کي حفاظت کرنے والے سورما ـ قانون کا طالب علم
template,لوئے يا مٹي کا سانچه جس ميں چيزيں ڈھالي جاتي هيں
temple,کنپٹي ـ مندر ـ معبد ـ گرجا
templet,نمونه کا تخته يا سانچه جس کو سامنے رکھ کر پتھر تراشتے هيں
tempo,رفتار ـ چال
temporal,دنياوي ـ عرصه حيات کا ـ کنپتي کے متعلق
temporality,دنيويت ـ عارضي هونا ـ چند روزه هونا
temporally,عارضي طور پر
temporalpower,دنيوي اقتدار
temporarily,عارضي طور پر
temporariness,وقتي هونا ـ عارضي هونا
temporary,چند روزه ـ عارضي
temporization,زمانه کا ساتھ دينا ـ ابن الوقتي
temporize,زمانه کا سااتھ دينا ـ زمانه سازي کرنا
temporizer,زمانه ساز ـ زمانه کا ساتھ دينے والا
temproallords,دنياوي سردار ـ ملکي امرائ
tempt,آزمانا ـ ترغيب دينا ـ امتحان لينا ـ اکسانا
temptable,جسے اکسايا جا سکے
temptation,اشتعال ـ ترغيب ـ تحريص ـ بهکاوا ـ لالچ
tempter,ورغلانے والا ـ محرک
temptingly,رغبت دلائے هوئے ـ لالچ کے طور پر ـ ترغيب دلا کر
temptress,محبت کا دام ميں پھنسانے والي ـ بهکانے والي ـ وه عورت جو برے کام پر اکساتي هو
temse,چھلني ـ چھاننا
ten,دس
tenability,مضبوطي ـ مضبوطي ـ استحکام
tenable,قابل مدافعت
tenableness,معقوليت
tenace,تاش ايک بڑا اور ايک تيسرا پته مثلا بادشاه غلام يا اکا
tenacious,محکم ـ پکا ـ استوار ـ مضبوطي سے پکڑ رکھنے والا
tenaciously,چمٹ کر ـ سختي سے
tenaciousness,سختي ـ مضبوطي ـ چسپيدگي
tenacity,استحکام
tenancy,کرايه داري
tenant,لگان دار ـ کرايه دار
tenantable,کرايے يا پٹه پر دينے کے قابل
tenantless,جس کا کوئي کرايه دار يا پٹه دار نه هو
tenantry,لگان دار لوگ ـ کرايه دار
tendency,رغبت ۔ میلان ۔ خواہش ۔ رجحان ۔
tender,خبر گيري کرنا ـ محافظ ـ دينا ـ پيش کرنا ـ کسي کام يا مال کے ليے بولي دينا ـ تحريري درخواست کرنا ـ چکوتي کي رقم
tenderable,پيش کرنے کے قابل
tenderer,پيش کرنے والا ـ بولي دينے والا
tenderhearted,نرم دل
tenderheartedly,نرم دلي سے
tenderloin,امريکه ميں وه مقام جهاں عيش کا سامان هو ـ گائے کے پٹھے کا گوشت ـ ران کا نچلا حصه
tenderly,نرمي سے
tenderness,درد ـ رقت ـ نرم دلي
tendinous,نس کے متعلق ـ عضلاتي
tendon,نس ـ پٹھا ـ عضله
tendril,پودے کا سوتي ريشه
tenebrae,مقدس هفته کي آخري تين راتيں چن ميں شمعيں گل کرکے مناجتيں پڑھي جاتي هيں
tenebrous,تيره و تار ـ تاريک
tenement,آراضي جو قبضه ميں هو ـ جائداد مقبوضه
tenemental,مقبوضه ـ قابل اراضي
tenementary,جائداد جو کرايه يا لگان پر دي گئي هو
tenesmus,مروڑ ـ درد ـ اجابت ميں زور دينے سے تکليف ـ درد کے ساتھ اجابت
tenet,رائے ـ عقيده
tenner,دس پونڈ کا نوٹ
tennis,ايک مشهور کھيل ٹينس
tenniscourt,ٹینس کھیلنے کا میدان ۔
tenon,جوڑ کي چول ـ پٹي کي چول ـ سرا
tenoner,چول بٹھانے کا آله
tenor,قرينه ـ وضع ـ روشن ـ چال ڈھال
tenorist,اونچي سر ميں گانے والا
tenorvoice,اونچي آواز ـ بلند آواز
tenrec,ساپي کي قسم کا ايک کرم خور جانور
tense,فعل کا زمانه ـ ماضي ـ حال ـ مستقبل ـ کچھا هوا ـ تنا هوا ـ شديد ـ سخت ـ پرجوش ـ کھچاؤ کا
tensely,کشاکش کے ساتھ ـ شدت جوش سے
tensemoment,کھچاؤ يا تناؤ کا لمحه
tenseness,بے چيني ـ کشاکش
tensible,تنے والا ـ کھينچنے والا
tensile,کھچاؤ ـ تناؤ ـ تنے والا
tension,کھچاؤ ـ تناؤ ـ بے چيني
tensioned,تنا هوا
tensity,بے چيني
tensor,عضله جو کسي عضو کو تنا هوا رکھتا هے
tent,خيمه ـ ڈيرا ـ شاميانه ـ خيمه لگانا
tentacle,جانوروں کے آگے نکلے هوئے بال ـ بعض پھولوں کي پتياں
tentacled,آنکڑے جانور
tentative,آزمائشي ـ عارضي ـ وقتيه
tentatively,امتحان کے طور پر
tenter,کپڑا تاننے کا چوکھٹا ـ آنکڑي
tenth,دسواں
tentless,بے خيمه
tentmaker,خيمه بنانے والا
tenuity,باريکي ـ پتلا پن ـ رقت ـ لطافت
tenuous,باريک ـ هلکا پتلا
tenure,ميعاد ـ عهد ـ ملکيت ـ قبضه
tepefaction,نيم گرم هونا ـ شير گرم هونا
tepefy,نيم گرم هونا يا کرنا
tepid,شير گرم ـ نيم گرم
tepidity,نيم گرمي
tepidly,نيم گرم طور پر ـ اعتدال سے
tepidness,نيم گرمي
teraphim,ٹھاکر ـ ديوتا ـ مورتي
tercel,ترشاهين ـ شکرا ـ نرباز
tercentenary,تين سو ساله جشن ـ تين سو سال کا
terebene,ايک جراثيم کش دوا جو تارپين کے تعل اوت گندھک سے تيار کي جاتي هے
terebinth,تارپين کا درخت
terebra,کيڑوں کے سوراخ کرنے والے عضو
terebrate,چھيد کرنے والا ـ عضو رکھنے والا ـ برمے دار
teredo,ايک کيڑا جو کشتيوں ميں سوراخ کر ديتا هے
tergal,پيٹھ کا ـ پشت کا
tergiversate,حليه کرنا ـ بهانا کرنا ـ پھٹھ پھيرا ـ رنگ بدلنا ـ ايک بات پر قائم نه رهنا ـ عقيده بدلنا
tergiversation,ارتداد ـ انحراف
tergiversator,ايک بات پر قائم نه هونے والا ـ مرتد
term,حد ـ انتها ـ مدت معينه ـ وقت مقرره
termagancy,شوره پشني ـ شرارت ـ دنگا
termagant,لڑاکا ـ دنگا فساد کرنے والا ـ خالق شر
termagantly,شوره پشتي سے ـ مفسدانه طور پر
terminability,ختم کرنے کے قابل
terminable,ختم کرنے کے قابل
terminableness,مقرر ميعاد پر ختم هو جانا
terminal,آخر ـ آخري ـ ميقاتي ـ ميعادي
terminally,خاتمے يا حد پر ـ آخر ميں
terminalstation,ریل وغیرہ کا آخری اسٹیشن ۔
terminate,حد بندي کرنا ـ ختم کرنا ـ انتها کرنا ـ تمام کرنا
termination,حد بندي ـ اختتام
terminational,جو کلمے کے آخر ميں هو ـ آخري
terminative,خاتمے کا
terminator,تمام کرنے والا ـ ختم کرنے والا
terminatory,خاتمه کا
terminism,يه عقيده که فضل رب کا ايک مقرر وقت هے اور توبه وقت پر هوني چائيے ـ فلسفه اسميت
terminist,عقيده فضل کا قائل
terminological,فني ـ علمي ـ اصطلاحي
terminologist,اصطلاح کا ماهر
terminus,حد ۔ انتہا ۔ منزل ۔ ریل کا آخری اسٹیشن ۔
termitarium,ديمک کا گھر
termite,ديمک
termly,پر ميقات پر ـ ميقاتي
termor,دوامي پٹه دار ـ لگاندار
tern,تين جوڑ ـ تين تين کا
ternal,ثلاثي ـ تين کا
ternary,تهرا ـ تگنا
ternate,تين تين کا
terne,گھٹيا قسم کا ٹين جس پر سيسه چڑھايا گيا هو
terpsichorean,رقص کي ديوي کا
terra,مٹی ۔ زمین ۔
terrace,چبوتره ـ کرسي ـ بلند مقام ـ بالا خانه
terraced,کھلي مسطح چھت
terracotta,ريت اور مٹي کا گارا جو مجسموں کے ليے بنايا جاتا هے
terrain,قطعہ زمین ۔
terramara,هڈيوں کي کھاد ـ ما قبل تاريخ کے زمانه کي هڈيوں کي کھاد
terraneous,خشکي ميں پيدا هونے والي روئيدگي ـ خشکي کي گھاس اور جھاڑياں
terrapin,ميٹھے پاني کا کھچوا جسکا گوشت لذيذ هوتا هے
terraqueous,آب و گل کا ـ پاني اور مٹي کا
terrene,زمين کا ـ سفلي ـ خاکي
terreplein,توپ خانه کا چبوتره ـ دھس کا اونچا
terrestrial,زمين کا بٍاشنده ـ خاکي ـ ارضي
terrestrially,دنياوي طور پر
terret,زين کا حلقه جس ميں لگام اٹکاتے هيں
terrible,هولناک ـ وحشت ناک ـ شديد
terribleness,هولناکي
terribly,وحشت انگيزي سے
terricolous,زميني ـ ارضي ـ زمين پر يا اندر رهنے والا
terrier,ايک نسل کا کتا ـ کھيوٹ ـ خسره ـ پٹواري کا کھاته
terrific,قيامت کا ـ بلا کا
terrifically,هولناک طريقے سے
terrified,ڈرايا هوا
terrifier,ڈرانے والا
terrify,ڈرانا ـ خوفزده کرنا ـ دھشت پيدا کرنا
terrigenous,ارضي ـ زائيده ارض ـ جو زمين سے پيدا هو
terrine,مٹي کا برتن جس ميں دھي وغيره رکھ کر بيچتے هيں
territorial,ملکي ـ قلمرو کا ـ ضلع يا صوبے کا
territorialism,ملکي حکومت کے ديني اقتدار کا نظريه ـ علاقائي حکقمت کا اصول
territory,ملک ـ کشور ـ ديار ـ علاقه
terror,هو ـ ڈر ـ خوف ـ دھشت
terrorism,دھشت انگيزي سے مرعوب کرنے کا طريقه
terrorist,دھشت انگيزي سے مرعوب کرنے والا ـ خوني انقلاب کا حامي ـ تخويف پسند
terroristic,دھشت يا خوف دلانے والا
terrorization,کشت و خون ـ خوفزده کرنا
terrorize,دھشت پھيلا کر مرعوب کرنا
terry,ادني قسم  کا کيڑا
terse,صاف ـ جامع
tersely,اختصار اور جامعيت سے ـ صفائي سے
terseness,اختصار
tertian,باري کا ـ تيسرے دن کا
tertiary,تيسرے درجے کا
tertious,ايک هي نام کا تيسرا
tessellate,چوخانه ـ چوپڑ کا ـ سطرنج کي طرح کا
tessellation,چوپڑ کا فرش ـ پچي کاري
tessera,شيشے کا يا پتھر کا مربع ٹکڑا
test,پرکھ ـ امتحان ـ کسوٹي ـ معيار ـ تميز ـ آزمانا ـ جانچنا ـ دھات کو صاف کرنا ـ امتحان کرنا
testable,پرکھنے کے قابل
testaceous,صدفدار ـ سخت خول کا ـ صدفي ـ صدف ماهي کے متعلق
testacy,قانوني وصيت نامه
testament,وصيت نامه
testamentary,وصيت کے متعلق
testamur,سند ـ سند کاميابي
testate,وصيت کيا گيا ـ جو وصيت کر گيا هو
testation,وصيت
testator,وصيت کننده
testatrix,وصيت کرنے والي عورت ـ موصيه
tester,مسهري ـ چھپر کھٹ ـ مسهري کا نمگيرا ـ چھ پنس کا سکه
testicle,فوطه ـ خصيه ـ خايه
testicular,فوطے کا
testiculate,دو فوطے پودے ـ خصيه نما ـ فوطه دار
testifier,تصديق کرنے والا ـ ايمان سے کهنے والا
testify,ايمان سے کهنا ـ تصديق کرنا ـ گوائي دينا
testily,تنک مزاجي سے
testimonial,صداقت نامه ـ سند ـ صله خدمت
testimonialize,تصديق کرنا ـ صداقت نامه دينا
testimony,شهادت ـگوائي ـ تصديق ـ اعتراف
testiness,تنک مزاج
testudinal,کچھوے کي پيٹھ کا ـ کچھوے کا
testudinarious,کچھوے کے خول رنگ کا جس پر سرخ زرد اور سياه چتياں هوں
testudinate,کچھوے کے خول کی طرح ڈھلوان ۔
testudo,رومن سپاهي محاصره ميں سايه دار چھتري استعمال کرتے هيں ـ ايک قسم کا کچھوا
testy,تنک مزاج ـ چڑچڑا ـ زود رنج
tetanic,تشنج پيدا کرنے والا
tetanization,کزاز پيدا کرنا
tetanized,تشنج پيدا کيا هوا
tetanizes,تشنج پيدا کرنا
tetanus,کزاز ـ اکڑ باني
tetchiness,زود رنجی ۔ چڑچڑا پن ۔
tetchy,تنک مزاج ـ زود رنج
teteatete,راز و نياز کي باتيں ـ خلوت کي ملاقات
tether,لمبي رسي جس سے جانور کو باندھ ديتے هيں اور چرنے کيلئے چھوڑ ديتے هيں
tetrach,قديم روم کے چوتھائي سلطنت کا حاکم يا عامل ـ فوجدار
tetrad,چار ـ چوگڈا ـ چوکڑي ـ چار چيزوں کا
tetradactyl,چار انگليوں والا جانور
tetragram,چو حرفي لفظ يا کتيه
tetrahedron,چومکھا مجسمه
tetter,جلدي مرض ـ داد ـ کھجلي ـ کھاج
teuton,کسي جرمني زبان کا بولنے والا
teutonic,قدیم جرمن زبان ۔
teutonicism,تيوٹني زبان کا محاوره ـ جرمني قوم کي خصوصيات
teutonization,ٹيقٹن تهذيب کا رنگ چڑھانا
teutonize,ٹيوٹني بننا يا بنانا
texas,امريکه کا شهر ٹيکساس
text,اصل عبارت ۔ متن ۔
textbook,نصاب کي درسي کتاب
textile,کپڑا ـ پارچه ـ بنا هوا کپڑا
textual,اصل کتاب کا ـ متن کتاب کے متعلق
textualism,الفاظ کے معني کي پابندي ـ الفاظ پرستي
textualist,جسے کتاب خوب ياد هو ـ جو کتاب کا عالم هو
textually,اصل کتاب کے لحاظ سے
texture,تار و پود ـ بناوٹ ـ ترکيب
textureless,بے ترتيب ـ بے شکل ـ بے ساخت
thailand,تھائي لينڈ  ـ ايک ملک کا نام
thalamus,مکان کا اندرني حصه ـ حجله عروسي ـ پھول کا خانه ـ مسند گل
thalers,جرمني کا قديم چاندي کا سکه
thalia,مزاحيه ناٹک اور ديهاتي شاعري کي ديوي
thallium,اهل کمياب نرم سفيد عنصر جو شيشه سازي ميں کام آتا هے
than,سے ـ  از ـ که ـ بمقابله
thanage,قديم چودھري کا لقب يا منصب ـ چودھراهٹ
thanatoid,مردے کا سا ـ موت کا سا
thane,تنظيمي لقب ـ مصاحب شاه
thank,شکريه اداکرنا ـ ممنون هونا ـ شکر گذاري
thanker,شکريه ادا کرنے والا
thankful,شکر گذار
thankfully,شکريه کے ساتھ
thankfulness,شکر گزاري
thankless,احسان فراموش
thankoffering,قرباني ـ نياز ـ شکر گزاري
thanks,آپ کا شکريه
thanksgiving,اقرار نعمت ـ شکر گزاري ـ ادائے شکر
thanksto,وجه سے ـ بدولت
thankworthy,شکريه کے قابل
thankyou,آپ کا شکريه
that,وه ـ يه ـ اس وجه سے ـ جو که
thatch,گھاس پھونس ڈالنا ـ چھپر ڈالنا
thatcher,گھاس پھونس ڈالنے والا ـ چھپر ڈالنے والا
thaumatrope,ايک قسم کي دوربين جس ميں شيشے پر تصويريں نتي هوتي هيں اور شيشه گھمانے سے تصويريں حرکت کرتي هوئي نظر آتي هيں ـ سير بين
thaumaturge,نظر بندي کرنے والا ـ بازي گر
thaumaturgy,نظربندي ـ جادو ـ سحر ـ شعبده بازي
thaw,پگھلنا ـ گلنا ـ جمي هوئي چيز کا پگلنا
thawless,جو کبھي نه پگھلے
the,حرف تخصيص جيسے عربي ميں ال
theandric,ذات مسيح ميں الوپيت اور بشريت کا عقيده
theanthropic,مظهرالوپيت
thearchy,ديوتاؤں کا راج ـ حکومت الهي
theatre,تماشا گاه ـ تمثيل گھر ـ تھيٹر
theatric,تماشے گاه کے بارے ميں
theatrical,تماشا گاه کے متعلق
theatricalize,تھيٹر بن جانا يا هو جانا ـ تھيٹر کا رنگ پيدا کرنا
theatrically,تصنع سے ـ ڈرامائي انداز ميں
thebaid,نظم جس کا موضوع بے سات تھيبس کے مقابلے ميں
theban,تھيبس کا باشنده ـ شهر تھيبس کا
thee,تو ـ تو کرکے بلانا
theft,چوري ـ دادي ـ ورقه
theic,کثرت سے چائے پينے والا
theievishly,بے ايماني سے ـ چوري سے
their,ان لوگوں کا ـ ان کا ـ اپنا ـ اپنے ـ اپني
theism,يه عقيده که خدا هر جگه موجود هے ـ توحيد ـ چائے نوشي کي کثرت
theist,وجود حق کا قائل ـ توحيد پرست
theistic,وجود باري تعالي کے متعلق
them,وه
thematic,ماده الفاظ اور شکل کے متعلق ـ اصلي مادے کا
theme,موضوع ـ تقرير يا تحرير کا موضوع ـ مشقي مضمون نگاري ـ اصل ـ مصدر
themis,قانون اور انصاف کي ديوي
themselves,وه آپ ـ وه خود ـ آپ هي
then,اس وقت ـ تب ـ اس زمانے ميں ـ ايسي صورت ميں لهذا ـ تب تو ـ خير ـ پھر تو ـ پھر کبھي
thenar,هاتھ کي هتھيلي ـ تلو ـ کف ـ دست
thence,وهاں سے ـ اس جگه سے ـ اس وقت سے ـ اس واسطے ـ پس ازيں
thenceforth,اس وقت سے ـ اس مقام سے
thenceforward,اس کے بعد سے
thenderer,گرجنے والا ـ کڑکنے والا ـ سياره مشتري
theocracy,مذھبي حکومت ـ حکومت الهيه
theocratic,دينوي ـ اﷲ کي
theodolite,افقي اور عمودي زاويوں کي پيمائش کا آله
theogonist,ديوتاؤں کا نسب نامه نظم کرنے والا
theogony,ديوتاؤں کا نسب نامه يا شجره
theomachy,ديوتاؤں کي جنگ
theorem,کليه ـ اصول
theorematist,کليات قائم کرنے والا
theoretic,نظريات ـ علمي ـ قياسي
theoretical,نظري ـ قياسي ـ خالص علمي
theoretically,اصولي طور پر
theoretician,نظريات قائم کرنے والا
theorist,اصول مقرر کرنے والا
theorization,نظرياتي مباحث
theorize,نظريه پيش کرنا
theorizer,نظريهپيش کرنے والا
theory,نظريه ـ قياس ـ رائے ـ اصول ـ بحث
theosoph,تصوف کا عقيده رکھنے والا
theosophic,تصوف کا
theosophical,صوفيانه
theosophically,صوفيانه طور پر
theosophist,تصوف کا عقيده رکھنے والا
theosophize,وجدان سے معرفت حاصل کرنا
theosophy,وجداني معرفت ـ علم حضوري ـ حاضرات ـ تصوف
therapeutic,دافع امراض ـ امراض کي روک تھام کا علاج
therapeutical,معالجاتي ـ علاج کے متعلق
therapeutist,علاج کا ماهر
therapist,علاج کرنے والا
there,اس جگه ـ ادھر ـ وهاں ـ اس موقع پر ـ اس مقام پر ـ وه ـ ديکھا ـ ديکھو ـ جانے دو
thereabout,قريب قريب ـ آس پاس
thereafter,اس کے بعد
thereamong,اس کے درمیان ۔
thereat,اس پر ـ اس کے ليے
thereby,اس وجه سے
therefor,اس کے ليے
therefore,اس لئے ـ اس وجه سے
therefrom,اس کے ذريعے
therein,اس لحاظ سے
thereof,اس کے متعلق
thereon,اس پر
thereupon,چناچه ـ اس وجه سے
theriac,ايک زهر مار دوا ـ ترياق
therianthropic,انساني حيواني ـ گيس کي اکائي
therm,گيس کي اکائي
thermal,حرارت کا ـ گرم حمام کے متعلق
thermally,حرارت کے اعتبار سے
thermalsprings,گرم پاني کے چشمے
thermantidote,گرم ہوا کو ٹھنڈا کرنے کا آلہ ۔ کمرے کی ہوا ٹھنڈی کرنے کا سامان ۔
thermic,حرارت کا
thermion,برق پاره جو گرمي سے پيدا هو ـ خلائ کے برق پارے
thermite,المونيم کا سفوف اور لوئے کے زنگ کا مرکب
thermogram,خود کار حرارت نما ـ خود کار تپش پيما کا بتايا هوا نقشه حرارت
thermometer,حرارت پيما
thermos,دوهرے شيشے کي بوتل جس ميں گرم ٹھنڈي چيز اپني اصل حالت ميں رهتي هے
theroid,ضعيف العقل ـ ايسا انسان جس ميں جانوروں کي خصوصيات هوں
therology,علم حيوان کي وه شاخ جس ميں دودھ پلانے والے جانوروں کا ذکر هو
thesaurus,مخزن العلوم ـ قاموس
these,يه ـ انهوں نے ـ جامع لغات
thesis,دعوي ـ مقدمه ـ مقاله ـ مضمون ـ کالج کي درسي مشق
theurgist,غيب دان ـ عامل
theurgy,معجزہ ۔ عملیات کا فن ۔
thews,رسم ـ رواج ـ نسلي خصوصيات ـ اخلاقي خوبي
thewy,اخلاقي جرات والا ـ قوي
they,وه ـ وه لوگ
thick,گاڑھا ـ کثيف ـ غليظ ـ گدلا ـ ميلا ـ مکدر ـ ابر آلود ـ دھندلا ـ گنجان ـ گھنا ـ موٹا ـ احمق ـ دل دار
thicken,افسانه کا پيچهده هونا ـ ابر آلود هونا
thickening,گاڑھي يا موٹي کي هوئي چيز
thicket,گنجان جھاڑياں ـ جنگل جھاڑي
thickhead,احمق ـ بيوقوف
thickish,کسي قدر گاڑھا ـ ذرا سا
thickness,کثافت ـ گاڑھا پن ـ فريبي ـ کدورت
thickskinned,بے غيرت ـ بے حس
thief,چور ـ سارق
thieve,چرانا ـ چوري کرنا ـ چور هونا
thievery,چوٹا پن ـ چرانے کي عادت
thievish,بے ايماني ـ چوري
thievishly,بے ايماني سے ـ چوري سے
thievishness,اچکا پن ـ چوري
thigh,ران ـ جانگھ
thighbone,ران کي هڈي
thill,گاڑي کا بم ـ جوا
thiller,گھوڑا جو گاڑي ميں جوتا جائے
thillhorse,گھوڑا جو گاڑي ميں جوتا جائے
thimble,انگشتانه ـ چھلا
thimbleful,ذرا سي
thimblerigger,عيار ـ فريبي
thin,باريک ـ پتلا ـ کاغذي
thine,تيرا ـ تيري ـ تيرے
thing,چيز ـ شے ـ کار ـ فعل ـ واقعه ـ معامله ـ حالت ـ جائيداد
thinhouse,جهاں تماشائي کم هوں
think,خيال کرنا ـ سوچنا ـ سمجھنا ـ قياس کرنا ـ اراده کرنا
thinkable,قابل غور
thinker,مفکر ـ فلسفي
thinking,غور و فکر ـ سوچ و بچار
thinly,ناقص طور پر ـ هلکے پن سے
thinness,پتلا پن ۔
thinnish,هلکا سا ـ پتلا سا
third,تيسرا ـ سوئم ـ تهاتي
thirdly,تيسرے نمبر پر
thirst,تشنگي ـ پياس لگنا ـ طلب هونا ـ بے تاب هونا
thirster,طلب کرنے والا ـ بے تاب هونے والا
thirstily,بيتابي سے ـ پياس سے
thirstless,بے آرزو ـ بے طلب
thirsty,تشنه ـ پياسا ـ خشک ـ خوائش مند
thirteen,تيره
thirteenth,تيرھواں
thirtieth,تيسواں
thirty,تيس
this,يه ـ اس
thistle,ايک خار دار پودا ـ اونٹ کٹارا ـ گوکھرو
thistly,خار دار ـ گوکھرو کا سا
thither,اس طرف ـ ادھر ـ وهاں ـ اس جگه ميں
thitherward,اس طرف ـ اس جگه
thole,برداشت کرنا ـ سهنا ـ گوارا کرنا
tholus,گنبد
thomism,تھامس اکوناس کا عقيده جو تقدير اور رحمت اليه کا قائل تھا مگر حضرت مريم کي معصوميت کا منکر تھا
thomist,تھامس کے مذھب کا پيره ـ تھامسي
thong,تسمه ـ چمڑے کا کوڑا
thor,جنگ کا ديوتا
thorax,سينه ـ چھاتي ـ صدر
thorite,ايک سياه دھات جو ملک ناروے ميں ملتي هے
thorium,ايک شعاع پذير دھات
thorn,کانٹا ـ خار ـ جھاڑي
thornback,برطانيه کا پتلي ٹانگوں کا کيکڑا ـ خار پشت مچھلي
thornbush,جھاڑي
thorny,خار دار
thorough,پورا ـ مکمل ـ پکا ـ سراسر ـ پرلے درجے کا
thoroughfaced,پکا ـ سدهايا هوا
thoroughfare,راسته ـ راه
thoroughly,پوري طرح سے
thoroughness,مکمل هونا ـ کوئي چيز باقي نه رهنا
those,وه ـ وه لوگ
thou,تو ـ کسي کو تو کهنا ـ تو کرکے بلانا
though,اگرچه ـ حالانکه
thought,خيال ـ خيال کا عمل ـ عقل
thoughtful,پر فکر ـ خيالات ميں ڈوبا هوا ـ متفکر ـ صاحب فکر
thoughtfulness,غور و فکر ـ فکر مندي
thoughtless,بے فکر ـ بے خيال ـ بے پرواه
thoughtlessness,يے فکري ـ بے مروتي
thoughtreader,دوسروں کے خيالات معلوم کرنے والا
thoughtwave,دفعتا کسي اچھوتے خيال آجانا ـ موچ خيال
thousand,هزار
thousandth,هزاروں
thraldom,تابعداري ـ غلامي
thrall,غلام ـ حلقه بگوش ـ مطيع ـ چاکر ـ حلقه بگوش کرنا ـ غلام بنانا
thralldom,حلقه بگوشي ـ تابعداري ـ غلامي
thrash,غلے کے پودے کو گاهنا ـ معامله کي چھان بين کرنا
thrasher,ایک امریکی پرندہ ۔ ایک قسم کی شارک مچھلی ۔ غلہ الگ کرنے کی مشین ۔
thrashing,مار پيٹ ـ کٹائي ـ پٹائي
thrasonical,مغرور ـ ڈينگيا ـ شيخي باز
thread,سوئي ميں دھاگا ڈالنا ـ دھاگے ميں پرو کر لڑي بنانا ـ دھاگا
threadandthrum,برے بھلے ـ اچھے برے سب
threadbare,پامال ـ فرسوده ـ تار تار
threadiness,دھاگے کي طرح هونا
thready,دھاگے کي طرح کا ـ ريشه دار
threat,دھمکي ـ تخويف انديشه
threaten,دھمکي دينا ـ آنکھيں دکھانا ـ ڈرانا ـ تهديد کرنا
threatener,دھمي دينے والا ـ ڈرانے والا
threateningly,خوفناک طريقے سے
threatful,دھمکي آميز
three,تين ـ تين کا عدد
threefold,تين گنا
threeply,تين تهوں کا ـ تين پرتوں کا تخته
threescore,تين کوڑي
threetimesthree,نو مرتبه  تالياںبجانا
thremmatology,نباتيات يا جانوروں کي افزائش کا فن ـ پالتو جانوروں کي افزائش نسل
threnodes,ماتمي گيت ـ مرثيه
threnodist,مرثيه خواں ـ سوز خواں
threnody,ماتمي گيت
threshold,دہلیز ۔ چوکھٹ ۔ آغاز ۔ ابتداء ۔ سنگ آستان ۔
thrice,تين بار ـ سه چند
thridace,کاهو کے پتوں کا گاڑھا عرق
thrift,نفع ـ کفايت شعاري ـ ايک قسم کا پودا
thriftily,کفايت شعاري سے
thriftiness,کفايت شعاري
thriftless,فضول خرچ ـ آڑاؤ
thriftlessness,اسراف ـ فضول خرچي
thrifty,خوشحالي ـ کفايت شعار ـ کم خرچ
thrill,اثر کرنا ـ دل ميں اتر جانا ـ بيجان پيدا کرنا
thriller,اثر کرنے والا ـ دل ميں اتر جانے والا ـ جوش ميں لانے والا
thrilling,جوشيلا ـ هيجان خيز
thrillingly,هيجان خيز طريقے سے
thrillingness,هيجان خيزي
thrive,بڑھنا ـ پھولنا ـ ترقي کرنا ـ فروغ پانا
thriver,ترقي کرنے والا ـ بڑھانے والا
thrivingly,پھولتے پھلتے ـ خوشحالي
thrivingness,شادابي ـ خوشحالي ـ ترقي ـ فروغ
thro,آر پار ـ ايک سرے سے دوسرے سرے تک
throat,حلق ـ گلا
throaty,موٹے گلے والا ـ بڑي حلق والا
throb,دھڑکنا ۔ پھڑکنا ۔ جذبات کی لہر دوڑ جانا ۔ دھڑکن ۔
throe,درد ـ کرب ميں هونا
thrombosis,شريان ميں خون کا جم جانا
throne,تخت ـ راج گدي ـ مسند ـ حکومت
throng,بھيڑ ـ هجوم ـ مجمع
throstle,ايک خوش الحان پرنده ـ کاتنے کي کل
throttle,گلا ـ حلق ـ حنجر ـ گلا گھونٹنا ـ بھاپ نکالنے کي ٹوٹي سے بھاپ کے اخراج کو کم اور زياده کرنا
throttler,گلا گھونٹنے والا
through,آر پار ـ ايک سرے سے دوسرے سرے تک
throughout,از سر تاپا ـ سراسر ـ تمام ـ بالکل
throw,پھينکنا ـ چلانا ـ چھوڑنا ـ گرانا ـ ڈال دينا
throwachest,سينه تان کر کھڑے هونا ـ سينه ٹاننا
throwaparty,دعوت دينا ـ جلسه کرنا
throwaway,ضائع کرنا ـکھو بھيٹھنا
throwback,الٹنا ـ پلٹا کر جواب دينا
throwby,رد کرنا
thrower,پھينکنے والا  ـ گرانے والا
throwlight,واضع کرنا ـ روشني ڈالنا
thrown,پھينکا هوا
throwoneakiss,هاتھ چوم کر کسي کي طرف اشاره کرنا
throwopen,داخله کي اجازت دينا
throwout,نامنظور کرنا ـ اشارے سے کهنا
throwover,قطع تعلق کر لينا ـ ساتھ چھوڑ دينا
throwoverboard,چھوڑ دينا ـ ترک کر دينا
throwster,ريشم کا تاگا بٹنے والا ـ جواري
thrum,پلو ـ جھالر ـ تھان کا آخري حصه
thrummy,چھدرا ـ پلو دار ـ جھالر دار
thrush,بچوں کے حلق کا ايک مرض ـ قلاع ـ گھوڑے کے سم کا مرض
thrust,دھکيلنا ـ چلانا ـ ڈالنا ـ پيلنا ـ بھونکنا ـ آر پار کرنا
thrustaside,نکال پھينکنا ـ رد کرنا
thruster,دھکيلنے والا ـ آر پار کرنے والا ـ چلانے والا
thrustor,بھونکنے والا ـ چلانے والا
thud,بھد سے گرنا ـ گرنے کي آواز
thug,ٹھگ ـ بدمعاش ـ رهزن ـ دھوکے سے مار ڈالنے والا
thuggee,بدمعاش ـ ٹھگوں کا پيشه
thuggish,بد معاشوں کي طرح
thule,برطانيه کے شمال کے کسي دور افتاده جزيره کا نام جو دنيا کا آخري شمالي سرا سمجھا جاتا تھا
thumb,انگوٹھا ـ بر انگشت ـ اناڑي پن سے بجانا
thumblatch,انگوٹھے سے دبا کر کھلنے اور بند هونے والي چٹخني
thumbmark,نشان انگشت
thumbnail,انگوتھے کا ناخن ۔
thumbprint,انگوتھے کا نشان ۔
thumbsup,بول چال ـ واه رے واه ـ اهاهاها
thump,گھونسه مارنا ـ دھپا مارنا ـ ڈندے سے مارنا
thumper,گھونسه مرنے والا
thumping,سخت ـ بهت بڑا
thunder,بادل کي گرج  ـ رعد ـ کڑک ـ گھڑگھڑاهٹ ـ تعريف کا شور ـ هنگامه ـ لعن طعن ـ بادل کا گرجنا ـ دھمکانه
thunderbolt,بجلي کي کڑک ـ غيبي گوله
thunderclap,هنگامه خيز واقعه
thundercloud,گرجنے والا بادل
thunderer,گرجنے والا ـ کڑکنے والا ـ سياره مشتري
thundering,کڑکتا هوا
thunderingly,گرجتے هوئے ـ کڑکتے هوئے
thunderous,هنگامه خيز
thunderously,هنگامه خيزي
thunderstorm,گرج کڑک کا طوفان ۔
thunderstruck,حيرت زده
thurible,عوددان ـ اگراٹا
thursday,جمعرات
thus,اس طرح ـ پس ـ اس قدر
thusness,اس طرح سے هونا
thwaite,بنجر زمين جس کو زير کاشت لايا گيا هو
thwart,آڑا ـ ترچھا ـ ترچھے خط ميں
thwartingly,سد راه بن کر ـ مزاحم هو کر
thy,تو کي اضافي صورتيں ـ تيرا
thyme,ايک خوشبو دار پتيوں کا پودا
thymol,تائمي پودے کا ست ـ ايک جراثيم کش دوا
thymus,ايک غدود جو گردن کي جڑ ميں هوتا هے
thymy,جراثيم کش
thyroid,ڈھال کي شکل کا
thyrsus,شراب کے ديوتا کا عصا ـ عصائے بيکس
thyself,تو خود ـ تو هي
tiara,طره ـ ايک جڑاؤ کا زيور
tiarad,کلا پوش ـ تاجدار ـ پنڈيلي کا
tibia,مرغ کي ٹانگ کے نيچے کا حصه ـ پنڈلي کي هڈي
tibial,پنڈلي کا
tic,عضلات کا سکڑنا ـ ايک قسم کا شديد اعصابي درد
tical,سیام کا ایک پرانا تقرئی سکہ ۔ برما اور چین کا ایک وزن ۔
ticca,ٹھيکے کا ـ کرايه کا
tick,گھڑي کا ٹک ٹک کرنا ـ گوچڑي ـ چچڑي ـ توشک کا کيڑا ـ ادھار دينا يا لينا ـ قرض
ticker,ٹک ٹک کرنے والا ـ تار چھاپنے کا آله
ticket,پروانه ـ ٹکٹ ـ پرزه ـ برطرفي ـ مناسب چيز
tickle,گدگدانا ـ سهلانا ـ گدگدي هونا ـ خوش کرنا ـ لذت حاصل کرنا
tickler,گدگدانے والا ـ معمه ـ پيچيده مسئله
ticklish,جس سے گدگدي اٹھتي هو ـ نازک ـ دشوار
ticklishly,پيچيدگي اور نزاکت سے
ticklishness,نزاکت ـ گدگديوں کا زياده هونا
ticpolanga,لنکا اور هندوستان کا ايک زهريلا سانپ
tidal,مدو جزر کا ـ جوار بھاٹے کے متعلق
tidalair,هوا جو سانس سے اندر جاتي اور باهر آتي هے
tidally,مد و جز کے اثر سے
tidalriver,دريا جس ميں سمندر کے مد و جزر کا اثر هوتا هے
tiddley,بول چال شراب پيتے هوئے ـ نشے ميں
tiddlywinks,کيرم کي قسم کا ايک کھيل
tide,بها لے جانا ـ مدو جزر کے ساتھ بهنا ـ غالب آنا ـ وقت ـ موسم
tidily,صفائي سے
tidiness,سليقه مندي ـ صفائي
tidings,خوش خبري ـ مثده ـ نويد ـ خبر
tidy,صاف ستھرا ـ آراسته کيا هوا ـ معقول
tie,باندھنا ـ جکڑنا ـ پابند کرنا ـ گره لگانا ـ مجبور کرنا ـ کھيل کا مقابله
tier,قطار ـ صف ـ پرت ـ درجه
tierce,دوسروں کے درميان کا فاصله
tiercel,نو شاهين ـ شکرا
tiff,چسکي ـ گھونٹ ـ دوپهر کا کھانا ـ بدمزگي
tiffany,ايک باريک ريشم کي سي جالي ـ اکتاري ململ
tiffin,دوپهر کا کھانا کھانا
tig,شير کي طرح کا ـ سنگدل
tige,ستون کا پايه ـ درخت کا تنا
tiger,شير ـ چيتا ـ ظالم ـ سنگدل
tigercat,چيتے کا سا بلا
tigereye,ايک چمکدار قيمتي پتھر
tigerish,شير کي طرح
tigerism,قابوچي پن ـ بے رحمي ـ سنگدلي
tigerwood,برطانوي گينا کي ميز کرسي بنانے کي لکڑي
tight,کسا هوا ـ جکڑا هوا ـ مضبوط ـ تنگ
tighten,چست کرنا ـ تنگ کرنا ـ تاننا ـ کسنا
tightener,چست کرنے والا ـ کسنے والا
tightly,مضبوطي سے ـ تنگي سے
tike,کتا ـ کمينه
tilbary,دو آدميوں کي هلکي گاڑي
tile,چکني مٹي کا کھيرا ـ تارس ـ نرما ـ ٹاٹل
tiler,کھپرے بنانے يا چھاپنے والا
tilery,کھپرے بنانے کا کارخانه
tili,چٹانوں سے دبي هوئي سخت مٹي
tiling,تارس جمانا ـ ٹاتل جمانا
till,زمين جو تنا ـ قلبه راني کرنا ـ تک ـ تا تلک
tillable,قابل کاشت
tillage,کھیتی کی زمین ۔
tiller,کسان ـ کاشتکار
tilly,کسي بات پر نفرت کا اظهار ـ لا حول ولا قوت ـ تف ـ دھت
tilt,جھکانا ـ تيڑھا کرنا ـ نيزے کا وار کرنا ـ هتھوڑے سے پيٹنا
tiltable,جھکانے کے قابل ـ خم کرنے کے قابل
tilter,نيزه باز ـ جھکانے والا
tilth,کاشت ـ زراعت
tiltyard,کھیتی کی زمین ۔
timber,عمارت کي لکڑي ـ فرنيچر وغيره بنانے کي لکڑي
timbering,تختے ـ کڑياں
timbrel,پکھاوج ـ مردنگ ـ ڈھولک
time,وقت ـ زمانه ـ ايام ـ رت ـ عهد ـ موقع ـ محل ـ دور ـ مرتبه
timehonoured,قديم اور مقدس رسم وغيره
timekeeper,متعين کرنے والا ـ وقت کا خيال رکھنے والا
timeless,بے وقت ـ بے عهد ـ بے مرتبه
timely,بروقت ـ برمحل ـ برقعه
timeness,بر محل هونا ـ بر وقت هونا
timeout,بارها
timepiece,گھڑي
timer,وقت کا اندازه رکھنے والا
timesaver,وقت بچانے والا
timesharing,وقت کے ساتھ هونا
timetable,نظام الوقات
timework,وقت پر کام کرنا
timeworker,وقت پر کام کرنے والا
timeworn,پرانا
timid,ڈرپوک ـ بزدل ـ بودا
timidity,بے حد پن ـ بزدلي
timidly,بزدلي سے
timidness,بزدلي
timing,وقت کا شمار ۔ وقت کا تعین ۔
timocracy,ايسي حکومت جس ميں اقتدار مالدار لوگوں کے هاتھ ميں هو
timorous,ڈرپوک ـ بزدل
timorousness,بودا پن ـ بزدلي
timothy,ايک گھاس جو مقوي هوتي هے اور چارے کے کام آتي هے
tin,ٹين ـ رانگا ـ قلعي ـ پتلي چادر ـ قلعي کرنا
tincal,ٹنکار ـ کچا سهاگا
tinctorial,جس سے رنگ بنے ـ رنگريزي کے متعلق ـ رنگ کا
tincture,رنگ ـ هلکا رنگ ـ صيغه
tindal,هندوستاني ملاحوں کا جمعدار
tinder,آگ پکڑنے والي چيز
tinderbox,شتابہ دان ۔
tindery,آتش گير
tine,نوک ـ شاخ ـ باره سينگھے کے سينگ
ting,گھنٹي کي آواز ـ گھنٹي بجانا
tinge,هلکا سا رنگ دينا ـ چاشني دينا
tingle,جھنجھنانا ـ بے چين هونا ـ بے تاب هونا
tingler,بے چين هونے والا ـ بيتاب هونے والا
tingod,جس کي بے جا عزت و حرمت کي جائے
tinhat,فوجي فولادي ٹوپي
tinker,دھات کے ٹوٹے برتن جوڑنے والا
tinkle,ٹن ٹن بجانا ـ جھنکارنا
tinsel,جھل مل ـ پني ـ جھوٹا مسئله ـ جھوٹي چيزوں سے سجانا
tint,هلکا رنگ ـ هلکا روپ ـ هلکا رنگ دينا
tinter,رنگ کرنے والا ـ رنگ ساز
tintinnabulatio,گھنٹی کی ٹن ٹن ۔
tintinnabulum,گھنٹی ۔ گھنٹی کی ٹن ٹن ۔
tintless,بے رنگ ـ بے روپ
tintometer,رنگ پرکھنے کا آلہ ۔ مقیاس اللون ۔
tinty,بے ميل رنگوں کا
tiny,چھوٹا سا ـ ننھا سا
tip,سرا ـ نوک ـ جھک جانا ـ ٹيڑھا هونا ـ دھلک جانا ـ جھکا دينا
tipcat,گلي ڈنڈا
tipless,بے نوک
tipover,الٹ دينا
tipper,جھکانے والا ـ اشاره دينے والا
tippet,کپڑے کي لمبي پٹي ـ زنانه گلو بند
tipple,بکثرت شراب پيتے رهنا ـ مزے لے لے کر پينا
tippler,بکثرت پينے والا
tipsiness,مدهوشي
tipster,گھر دوڑ خفيه معلومات حاصل کرکے بتانے والا ـ ٹپ دينے والا
tipsy,مست ـ متوالا ـ کسي قدر مدهوشي
tiptoe,پنجوں کے بل
tiptop,نهايت عمده طور پر ـ دربه کمال ـ بالکل ٹھيک
tirade,لمبي تقرير ـ طول طويل شکوه ـ طنزيه نظم
tirailleur,جھڑوالو ـ قادر انداز
tire,کلاه ـ تاچ ـمکٹ ـ تھکانا ـ تھک جانا ـ اکتا دينا ـ سير کر دينا
tireless,بے حد محنتي ـ انتھک
tiresome,تھکا دينے والا ـ اکتا دينے والا
tiresomeness,اکتاهت ـ تھکان هونا
tiretyre,پهيے کا ھال ـ موٹر کے پهيے کا ربڑ ٹائر
tirflorous,تين پھولوں کا
tiro,مبتدي ـ نوآموز
tirocinium,اميدواري کا زمانه
tissue,کوئي بني هوئيچيز ـ بافت ـ زريفت ـ کمخوابò
tissuepaper,ريشمي کاغذ
tit,ٹٹو ـ چھوٹا گھوڑا ـ چھوٹي لڑکي يا لڑکا ـ کمسن عورت ـ ايک قسم کا پرنده
titan,ديو پيکر مخلوق ـ ذهني قوت رکھنے والا شخص
titanic,بيحد طاقتور ـ زبردست ـ ديو پيکر
titanium,ايک بھورے رنگ کا ماده
titbit,چٹپٹي ـ تر نواله ـ مزيدار چيز
tithe,دسواں حصه ـ دسواں حصه وصول کرنے کے قابل
tither,دسواں حصه وصول کرنے والا
tithing,دسويں حصے کي وصولي
titian,ايک زردي مائل سرخ رنگ
titillate,سهلانا ـ گدگدانا ـ خوشگوار بے چيني کي کيفيت پيدا کرنا
titillation,خوشگوار حس ـ خوشگوار بے چيني ـ گدگدي
titillative,گدگدانے والا
title,عنوان ـ سرخي ـ نام ـ لقب ـ خطاب ـ عهده
titled,خطاب يافته
titling,کتاب کي پشت پر سنهرے حروف ميں نام لکھنا
titmouse,ايک قسم کي چھوٹي چڑيا
titrate,کسي مرکب کي طاقت معلوم کرنا
titrator,کسي مرکب کي طاقت معلوم کرنے والا
titter,منه دبا کر هنسنا ـ دبي هوئي هنسي ـ ٹھي ٹھي کرنا
titterer,دبي هنسي هنسنے والا
tittle,ذره ـ شمه ـ نقطه
tittlebat,ايک خار پشت مچھلي
tittletattle,ياوه گوئي ـ بکواس
tittup,اچھلنا ـ کودنا ـ طرارے بھرنا ـ چھلانگ ـ کود ـ پھاند
tittupy,ڈگمگانے والا ـ شوخ ـ چلبلا
titular,خطاب کے متعلق ـ خطاب پر مبني
to,طرف ـ جانب ـ کو ـ پر ـ مقابلے ميں ـ مع ـ ساتھ
toad,ايک قسم کا بھدا مينڈک ـ قابل نفرت شخص
toadeater,خوشامدي ـ چير قناتيه
toadish,مينڈک کي طرح
toadstone,ايک معدني پتھر
toadstool,چھتري ـ کھمني ـ کٹار
toady,چاپلوس ـ خوشامدي
toadyish,خوشامدانه
toadyism,چاپلوسي ـ ذليل خوشامد
toast,روٹي کا سينکا هوا ٹکڑا ـ شراب ميں پڑا هوا توس کا ٹکڑا ـ هاتھ پير سينکنا
toaster,توس سينکنے والا
toasting,جام صحت پيا جانا ـ توس سينکنا
toastmaster,وه شخص جو جام صحت تجويز کرتا هے
toastmistress,وه عورت جو جام صحت تجويز کرتي هے
toastrack,توس سينکنے کي ٹٹي
tobacco,تمباکو ـ پانپ ـ سگريٹ کا تمباکو
tobacconist,تمباکو فروش
tzigany,هنگري کي جپسي قوم کا
tobaccopouch,تمباکو رکھنے کا بٹوه يا تھيلي
tobaccostopper,تمباکو کو پائپ ميں دبانے کي پھرکي
tobagganing,برف ميں سفر کرنا ـبرف گاڑي ميں پھسلنا
toboggan,برف پر چلنے کي پھسلوان گاڑي
tobogganist,برف گاڑي ميں چلنے والا
toccata,ايک نغمه جو پيانو پر مشق کے ليے بنايا گيا تھا ـ مشقي نغمه
toco,بول چال سزا ـ تکليف
tocsin,خطرے کي گھنٹي
tod,لومڑی ۔ عشق پیچان کی جھاڑی ۔ مکار آدمی ۔ اون تولیے کا چودہ سیر کا ایک وزن ۔
today,آج کا دن ۔
toddle,بچوں کي چال ـ چهل قدمي
toddler,چھوٹے بچوں کي طرح چلنے والا
toddy,تاڑي
tody,غرب الهند کي ايک کرم خور چڑيا
toe,پنجہ ۔ انگشت ۔ جانوروں کا ناخن ۔
toenail,انگشت کا ناخن ۔
toetheline,اپني پارٹي کا ساتھ دينا
toff,اونچے طبقے کا آدمي
toffee,ايک قسم کي سخت مٹھائي
tog,کپڑے پهنانا
toga,چوغه ـ قديم روم کا شرفائ کا لباس
together,ايک مقام پر ـ اکٹھے ـ مل کر
togetherwith,اس کے ساتھ مل کر ـ ساتھ هي ساتھ
toggery,پوشاک ـ کپڑے
toil,سخت محنت کرنا ـ جان مارنا ـ لهو پسينه ايک کرنا ـ بڑي مشکل سے قسم اٹھا کر چلنا
toilcover,سنگار ميز کا ميز پوش
toiler,سخت محنت کرنے والا
toilet,صفائي اور سنگار کا سامان ـ کپڑے بدلنا ـ بال بنانا ـ هاتھ منه دھونا
toiletpaper,جائے ضرور کے ليے کاغذ
toiletset,کنگار برش آئینہ وغیرہ ۔ سنگار کا سامان ۔
toilful,سخت ۔ مشکل ۔ کٹھن ۔
toilsome,پر مشقت
toilsomeness,کٹھن هونا ـ صعوبت
toke,سوکھي روٹي
token,نشان ـ علامت ـ آثار ـ يادگار ـ نشاني ـ تحفه
tokenmoney,زر علامتي جو اصل قيمت سے زياده پر چلتا هے
tokenpayment,سياسي غير ملکي قرضے ميں معمولي رقم کي ادائيگي جس سے قرض تسليم کرنا مراد هو
tokenvote,پارليمنٹ رقم کا علامتي ووٹ جس سے مراد يه هوتي هے که رقم منظور هے
tokyo,ٹوکيو ـ جاپان کا شهر
told,بتايا هوا
toledo,تلوار جو اسپين کے شهر توليدو ميں بني هو
tolerable,کام چلاؤ ـ قابل برداشت
tolerably,اچھي خاصي طرح سے
tolerance,برداشت ـ تحمل ـ رواداري
tolerant,بے تعصب ـ متحمل مزاج ـ صابر
tolerate,برداشت کرنا ـ گوارا کرنا ـ ضرر نه هونا
toleration,برداشت ـ تحمل ـ بردباري
tolerationist,عقائد کي آزادي کا حامي
tolerator,برداشت کرنے والا ـ صبر کرنے والا
toll,کسي جگه جانے کا محصول ـ چنگي ـ کڑوڑ گيري ـ گھنٹه بجانا ـ رک رک کر اشارے کے ليے گھنٹه بجانا ـ ماتمي گجر بجانا
toller,ناکه دار ـ محصول وصول کرنے والا
tollgatherer,ناکه دار
tollol,اچھا خاصه
tolly,بول چال مدرسے کي گھنٹي
tolu,جنوبي امريکه کے ايک درخت کا گوند جو عطريات اور دواؤں ميں استعمال هوتا هے
tom,تھامس کا مخفف ـ بلا
toman,ايران کا قديم طلائي سکه جو دس هزار دينار کے برابر تھا
tomato,ٹماٹر
tomb,گور ـ قبر ـ مزار ـ مقبره
tombac,تانبے اور جست کا مرکب جس سے سستے زيور بنتے هيں
tombola,کسي تفريحي اجتماع کي قرعه اندازي
tomboy,شوخ چنچل لڑکي
tombstone,لوح قبر ـ سنگ مزار
tome,ضخيم کتاب کي جلد
tomfool,لغو باتيں کرنا ـ بيوقوف
tomfoolery,لغو حرکتيں کرنا ـ بکواسي ـ حماقت کي باتيں
tommy,ايک پيني کي روٹي ـ کھانا جو مزدوري کے بدلے ديا جائے
tommyatkins,برطانوي سپاهي
tomorrow,کل ۔ آنے والا ۔ آج کے بعد کا دن ۔
ton,اٹھائیس من کا ایک وزن ۔ ٹن ۔
tonal,سروں کي بابت ـ لهجے کے متعلق
tondo,گول تصويرديواريا پردے پر ـ چھت کي ابھري هوئي تصوير يا نقش
tone,آواز ـ صدا ـ لب و لهجه ـ صحيح آواز سے بولنا ـ صحيح سر ميں گانا ـ آواز ميں گمگ پيد کرنا
tonedown,تصوير کا رنگ هلکا کرنا ـ دھيما کرنا
toneless,بے سر ـ بے آواز
toner,صحيح آواز سے بولنے والا
toneup,قوت بڑھنا ـ معيار بلند کرنا ـتيز کر دينا
tong,چین کی ایک خفیہ انجمن ۔
tongas,گھوڑے گاڑي
tongs,چمٹا ـ دست پناه ـ سني ـ چمٹي
tongue,زبان ـ جيب ـ گويائي ـ گفتار ـ انداز ـ گفتگو ـ راس ـ بوٹ کا کھلا چمڑا ـ ترازو کي سوئي
tongueless,بے زبان ۔
tonic,چاقت ـ بخش ـ مقوي ـ مقوي دوا ـ طاقت بخش هونا
tonicity,مقوي هونا ـ طاقت بخش هونا ـ جسماني صحت
tonight,آج رات کو ـ آج رات
tonite,شورے اور گندھگ کے تيزاب سے بنايا هوا بم جو زور سے پھٹا هے
tonk,گيند کو يا کسي شخص کو زور سے مارنا ـ ٹھونکنا
tonnage,ٹنوں کے حساب پر برآمد اور درآمد پر محصول
tonneau,بعض موٹر کاروں کا پچھلا حصه جس ميں نشين هوتي هيں
tonner,ٹنوں کي گنجائش کا جهاز
tonsil,گلے کے غدود
tonsillitis,گلے کے غدود کا ورم
tonsorial,حجام کے متعلق ـ حجامت کا
tonsure,مونڈن کي رسم ـ پادري بننا يا بنايا جانا ـ سر مونڈنے کي رسم ادا کرنا
tontine,مشترکه قرض کا منصوبه ـ راھبوں کے سر منڈنے کي رسم ـ پادري بننا يا بنايا جانا
too,زياده ـ بھت ـ حد سے زياده ـ بھي
took,لينا
tool,آله ـ هتھيار ـ مسطح کرنا ـ لوها گرم کرکے نقش بنانا ـ کسي آله سے کام کرنا
toolbox,اوزار خانه ـ هتھيار رکھنے کا بکس
tooler,سنگ تراش کي چھيني ـ رندا
tooling,کتاب کي جلد پر نقش بنانے کا کام ـ پتھر کو چکنا کرنے کا کام
toon,تن کا درخت جس کي لکڑي فرنيچر وغيره بنانے کام آتي هے
toot,تڑم ـ بگل ـ ناقوس پھونکنا
tooter,ناقوس پھونکنے والا
tooth,دانت ـ دندان ـ دنکي ـ دانتا
toothache,دانت کا درد
toothandnail,تن من سے ـ دل و جان سے
toothbrush,دانتوں کا برش
toothful,شراب کي چسکي
toothing,مصنوعي دانتوں کا چوکا ـ دندانے ـکھانچا
toothless,بے دانتوں کا
toothpaste,دانت صاف کرنے کا مساله
toothpick,کريدني ـ خلال
toothsome,مزيدار ـ خوش ذائقه
toothsomeness,مزه ـ لذت
tootle,بانسري وغيره آهسته بجانا
tootler,بانسري وغيره آهسته بجانے والا
top,چوٹ ـ پھننگ ـ سب سے اونچا سرا ـ غائت درجه ـ مسطح زمين ـ درخت کي چوٹي
topaz,ايک قيمتي پتھر ـ پکھراج ـ زمرد
topdog,حاکم ـ زبردست ـ غالب
topdress,سطح پر کھاد پھيلانا
tope,کثرت سے شراب پينا ـ درختوں کا جھنڈ ـ بدھ مت کا مندر ـ گنبد نما توده ـ چھوٹي شارک مچھلي
toper,سبقت لے جانے والا
tophat,اونچي ٹوپي
topheavy,محکمه جس ميں افسر ميںبھت زياده تنخواه کے هوں
tophet,وادي حنام جهاں آگ روشن رهتي هے ـ دوزخ
topiary,خوش تراشی ۔ جھاڑیوں کو تراش کر خوبصورت بنانے کا فن ۔
topic,مضمون ـ مبحث ـکسي بحث کا موضوع
topical,مسائل کے متعلق
topmost,بالاتر ـ سب سے اونچا
topographer,جغرافیہ دان ۔
topographic,جغرافيائي مطالعه کرنا
topography,جغرافيائي مطالعه ـ نقشه سازي
topper,چوٹي پر پهنچنے والا ـ اونچي ٹوپي
topping,بڑے مزے کا ـ بهت خوب
topple,ڈگمگا کر گر جانا يا گرا دينا ـ گر جانا
topsyturvy,الٹ پلٹ ـ زير و زبر ـ درهم برهم ـ الٹ پلٹ کر دينا
topsyturvydom,الٹ پلٹ ـ طوفاني بدتميزي
tor,پهاڑي کي چوٹي
torch,مشعل ـ فليته
torchbearer,راه نما ـ فروغ دينے والا ـ مشعل بردار
torchon,تصوير بنانے کا کاغذ
tore,آنسو
toreador,سانڈوں سے لڑنے والا هسپانوي سوار
torgoch,سرخ پيٹ والي ايک مچھلي
torment,عذاب دينا ـ تکليف پهنچانا
tormenter,اذيت رساں ـ تکليف پهنچانے والا
tormentingly,سخت تکليف سے
tormentor,اذيت رساں ـ تکليف پهنچانے والا
tormina,سول کا درد ـ درد قولينج
tornadic,طوفاني
tornado,طوفان ـ جھکڑ ـ آندھي
toronto,کينڈا کا ايک شهر
torpedo,ايک مچھلي جو برقي رو چھوڑ کر شکار کو مار ليتي هے ـ تارپيڈو مارنا
torpid,سن ـ بيحس و حرکت ـ سست
torpidity,سستي ـ کاهلي
torpify,معطل کر دينا ـ بے حس کر دينا
torpor,کاهلي ـ سستي ـ بے حسي کي حالت
torps,جهاز کا افسر جو تاپيڈو کي نگراني کرتا هے
torquate,طوق دار ـ کنٹھ دار
torque,بل دار مالا ـ مڑوڑي دار هار
torrent,دھارا ـ تيز ـ تيز بهنے والي ندي ـ سيل ـ سيلاب
torrential,سيلاب کا سا
torrid,حار ـ بهت گرم
torridity,سخت گرم هونا ـ گرمي
torridness,سخت گرم هونا ـ گرمي
torridzone,گرم کھنڈ ـ منطقه حاره
torrify,آگ سے جلانا ـ خشک کرنا
torsel,شهتير کے نيچے ديوار دينے کا داسا
torsion,باٹ ۔ مڑوڑی ۔ بٹائی کی تان ۔
torsional,بل يا مڑوڑ دار
torsive,بٹا هوا ـ بل دار
torso,مجسمے کا دھڑ
tort,نقصان ـ ضرر
tortile,بل کھايا هوا ـ بٹا هوا ـ مڑوڑي دار
tortilla,مکئي کي روٹي
tortious,ضرر رساں ـ نقصان رساں
tortoise,کچھوا
tortuosity,فريب آميزي
tortuous,پيچيده ـ پھيرکا ـ فريب آميز
tortuously,کائياں پن سے
tortuousness,کائياں پن سے ـ الجھاؤ
torturable,اذيت دينے کے قابل
torture,عذاب دينا ـ اذيت پهنچانا ـ شديد تکليف پهنچانا
torturer,اذيت دينے والا
torturous,پر تعذيف ـ اذيت آميز
torus,ستوں کي بيٹھک ـ ستوں کا نچلا حصه
tory,انگلستان کی قدامت پسند جماعت کا رکن ۔
toryism,ٹوري پارٹي کے اصول ـ قدامت پسندي
tosh,فضول باتيں ـ مهمل گفتگو
tosher,جامعاتي بول چال بيروني طالب علم جس کا تعلق کسي کليه سے نه هو
toss,پھينکنا ـ اچھالنا ـ جھٹکا دينا ـ لهريں اٹھنا
tosser,پھينکنے والا ـ اچھالنے والا
tossfor,جوا کھيلنا
tossoff,چڑھا جانا ـ جلدي سے پي جانا
tosspot,شرابي
tossup,کسي بات کے فيصلے کيليے سکه اچھالنا
tot,ميزان نکالنا ـ چھوٹا بچه ـ ايک گھونٹ شراب
totable,ميزان نکالنے کے قابل
total,تمام ـ کل ـ سب ـ مجموعي ـ ميزان نکالنا
totality,پورا گرين ـ پوري تعداد
totalization,ميزان لگانا ـ کل جمع معلوم هونا
totalize,ميزان معلوم کرنا ـ ميزان لگانا
totalizer,ايک مشين جو ٹکٹوں کي تعداد بتاتي هيں
totally,مجموعي طور پر
tote,رسد وغيره لے جانا ـ امريکه ميں پھنچانا
toter,رسد وغيره لے جانے والا
tother,دو ميں سے دوسرا ـ دوسرا
totter,بربادي کے قريب هونا ـ ڈگمگانا ـ لڑکھڑانا ـ گرنے کے قريب هونا
totterer,لڑکھڑانے والا
tottering,زوال پذير ـ لڑکھڑاتے هوئے
tottery,مائل به زوال ـ گرتا هوا ـ لرزتا هوا
touch,چھونا ـ هاتھ لگانا ـ مس کرنا ـ سروکار رکھنا ـ ذکر کرنا ـ تھوڑا سا بيان کرنا ـ کسي چيز کي طرف اشاره کرنا
touchable,چھونے کے قابل
toucher,چھونے والا ـ ذکر کرنے والا
touching,رقت انگيز ـ پر درد
touchingly,رقت انگيز طريقے سے
touchingness,رقت انگيزي
tough,مضبوط ـ سخت ـ کڑا ـ جفا کش ـ ضدي ـ اڑيل
toughen,سخت هونا ـ کڑا هونا
toughener,سخت هونے والا
toughish,قدرے سخت ـ کسي قدر دشوار
toughness,کڑا پن ۔
toupee,مصنوعي بالوں کي ٹوپي ـ زلف ـ کاکل
tour,دوره ـ کشت ـ سياحتي سفر ـ گشت کرنا ـ چھاؤني ميں رهنے کي مدت ـ دوره کرنا
tourbillion,ايک قسم کي آتشبازي ـ گھن چکر ـ هوائي ـ چرخي
tourer,دوره کرنے والا ـ کشت کرنے والا
tourist,سياح ـ سياحت کرنے والا
tourmalin,ايک سپاهي مائل خوبصورت دھات جو برقيت پذير هوتي هے
tournament,فن سپه گري کے مقابلے ـ موجوده زمانے ميں کسي کھيل کے مقابلے
tournay,چھپا هوا پھول دار کپڑا جس سے رضائي اور گدے بناتے هيں
tourney,فن سپه گري کي نمائش
tourniquet,لهو روک ـ بندش جو خون کے روکنے کے ليے کي جائے
tousle,بکھير دينا ـ الجھا دينا
tousy,بکھرا هوا ـ الجھا هوا
tout,گاهک کي تلاش کرنا ـ گاهک پيدا کرنا ـ دلال
touter,دلال ـ گاهک پيدا کرنے والا
tow,موٹا سن ـ سن کي رسي ـ جهاز يا کشتي کو رسي باندھ کر کھينچنا ـ گھسيٹ کر لے جانا
toward,مفيد ـ صلاحيت والا ـ تربيت پذير
towards,کسي طرف ـ کي جانب ـ درباره ـ يه غيض ـ عنقريب
towel,توليه ـ رومال ـ انگوچھا
towelhorserack,توليه لٹکانے کا چوکھٹا يا کھونٹي
toweling,توليے سے بدن پونچھنا
tower,برج ـ مينار ـ لاٹ ـ کوٹ ـ حصار
towering,سربه فلک ـ اونچا
towerofstrenght,حامي ـ پشت پناه
towery,بلند ـ برج دار ـ مينار کي طرح
town,آبادي جس کے گرد فصيل هو ـ قصبه ـ بستي ـ آبادي
townee,آکسفورڈ کيمبرج شهر والا جو يونيورسٹي کا رکن نه هو
townhall,شهري کچهري ـ شهر کي جلسه گاه ـ شهر کا مرکزي مقام
townless,بے آبادي
townlet,چھوٹي آبادي
township,ايک حلقه انتخاب
towy,سن کے موٹے ريشوں کا بنا هوا ـ پٹ سن کا
toxaemia,خون ميں زهر ـ خون کي سميت
toxic,خون کے زهر کي وجه سے ـ زهر کا
toxicant,زهريلا ـ زهر آلوده
toxicology,علم سميات
toxin,جراثيمي زهر
toxophilite,فن تیر اندازی سیکھنے والا ۔ تیر اندازی کا شوقین ۔
toy,کھلونا ـ کٹھ پتلي ـ تماشا ـ کھيل
toyingly,تفريحي طور پر ـ پيار سے ـ بيپروائي سے
toywith,کسي شے سے کھيلنا ـ بے پروائي سے کام کرنا
trabeation,محراب کي جگه کڑيوں سے کام لينا ـ شهتيروں کي ترتيب
tracasseries,چھوٹي چھوٹي الجھنيں
trace,چلنا ـ گزرنا ـ کھوج لگانا ـ خاکه اتارنا ـ اندازه کر لينا
traceability,قابل سراغ هونا ـ پته لگائے جانے کے قابل
traceable,سراغ کے قابل
traceableness,قابل سراغ هونا
traceless,بے سراغ ۔ بے نشان ۔
tracer,کھوج لگانے والا ـ اندازه کرنے والا ـ خاکه اتارنے والا
traceried,جس پر کٹاؤ کا کام هو
tracery,دروازے کے اوپر کے نقش و نگار
trachea,نالي ـ ظرف ـ هو کي نالي
tracheate,نالي دار ـ هوا کي نالي والے
tracheotomy,هو کي نالي پر عمل جراحي
trachitis,هوا کي نالي کا ورم
trachoma,آنکھ کي ايک بيماري جس ميں پپوٹے کے اندر دانے نکلتے هيں
trachomatus,حشر کا مريض ـ پپوٹوں کے دانوں کا
trachyte,ہلکے رنگ کی آتش فشائی چٹان ۔
tracing,نقشه کي نقل ـ نقشه ـ خاکه
tracingcloth,عکس اتارنے کا مومي کپڑا
tracingpaper,عکس اتارنے کا کاغذ
track,ليکھ ـ راسته ـ پيروں کے نشان ـ پگڈنڈي ـ روش ـ طريقه
trackage,ريل کي پٹري کا سلسله
trackdown,کھوج لگا کر پکڑ لينا
tracker,ارگن بجانے کا ڈنڈا ـ کشتي کھينچنے والا ـ کھوجي
trackless,بے نشان ـ بے سراغ
tract,قطعه ـ خطه ـ ملک ـ رساله ـ کتابچه
tractability,تربيت پذيري ـ اثر پذيري
tractable,تربيت پذيري
tractableness,اثر پذيري ـ تربيت پذيري
tractably,فرمانبرداري سے ـ اطاعت سے
tractate,کتابچه ـ رساله
traction,چلايا جانا ـ گاڑيوں کو کھينچا جانا
tractional,کھنچے جانے کا
tractionwheel,انجن وغيره چلانے کا پهيه
tractive,کھينچے جانے کا
tractor,مؤثر هل ـ کھينچنے والا انجن ـ ٹريکٹر
tradable,تجارت کے قابل
trade,تجارت ـ سوداگري ـ بيوپاري ـ لين دين ـ کاروبار ـ حرفه ـ پيشه ـ تجارت کرنا ـ سودا کرنا ـ مال کا تبادله کرنا
tradeable,قابل تجارت ـ کاروبار کرنے کے قابل
trademark,رجسٹری شدہ نشان ۔
tradename,رجسٹري شده نام
tradeon,کسي شخص کي نيک نيتي سے ناجائز فائده اٹھانا
trader,بيوپاري ـ تاجر ـ سوداگري
tradesman,دوکاندار
tradesmen,دوکاندار جمع
tradespeople,تجارت پيشه لوگ
tradewinds,وه هوائيں جو بحر اوقيانوس اور بحر الکاهل ميں چلتي هيں ـ تجارتي هوائيں
tradition,نقل ـ رسم رواج ـ عقيده ـ روايت
traditional,رواياتي ـ قديم
traditionalism,قديم رسوم کا احترام ـ روايت پرستي
traditionalist,اهل حديث ـ روايت پسند
traditionary,قديم
traditionless,بے عقيده ـ بے رسم ـ بے روايت
traduce,بدنام کرنا ـ تهمت لگانا ـ الزام لگانا
traducement,بهتان طرازي ـ بدگوئي
traducer,بدنام کرنے والا ـ عيب گو
traducian,يه عقيده رکھنے والا که جسم کي طرح روح بھي توالد و تناسل سے منتقل هوتي هے
traducible,جس پر تهمت لگائي جا سکے
traffic,مال کي خريد و فروخت ـ مسافروں کي تعداد ـ سودا گري ـ حمل و نقل
trafficable,قابل حمل و نقل ـ قابل تجارت
traffick,لين دين کرنا
trafficker,لين دين کرنے والا ـ سوداگر
tragedian,الميه ڈرامه نويس ـ الميه ادا کار
tragedy,الميه نظم يا نثر ـ الميه ناٹک
tragedyqueen,الميه ناٹک کي اداکاره
tragic,المناک ـ حزينه ـ الميه
tragicalness,المناک هونا ـ رنج و ملال ـ سوز و گداز
tragicomedy,ملال اور ظريف آميز نقل ـ الميه مزاحيه ناٹک
tragicomic,الميه مزاحيه
tragicomically,رنج اور مسرت کے سموئے هوئے انداز ميں
trail,دم ـ دنباله ـ سلسله ـ پگ ڈنڈي ـ پيچھا کرنا ـ کھوج لگانا
trailer,پيچھے آنے والا ـ چڑھنے والي بيل
train,سدھانا ـ هلانا ـ ترتيب دينا ـ کام سکھانا ـ بيل چڑھانا ـ کھينچ کر لے جانا ـ ريل گاڑي ميں سفر کرنا ـ ريل گاڑي
trainable,تربيت پذير ـ سدھانے کے قابل
trainee,تربيت پانے والا
trainer,سدھانے والا ـ تربيت دينے والا ـ سکھانے والا
training,تعليم ـ تربيت ـ مشق
trainingship,جهاز جس پر لڑکوں کو جهاز راني کي تربيت دي جاتي هے
trainless,بے نوکر چاکر ـ بے دم
trainmaster,تربيت دينے والا ماسٹر
trait,خصوصيت ـ خدوخال ـ خاصه ـ امتيازي وصف
traitor,باغي ـ غدار ـ نمک حرام ـ بے وفا
traitorous,غدارانه ـ دغا باز ـ بيوفا
traitress,غدار عورت
trallopish,پھوهڑ ـ آزادانه ـ آواره
tram,ٹرام گاڑي ـ ٹرام کي پتري
trammel,مچھلي پکڑنے کا دو بڑے بھندوں کا جال ـ روک ـ اٹکاؤ ـ قيود
tramontane,الپس پهاڑ کے پرے کا ـ الپس کے هرے علاقه کا باشنده
tramp,بھاري قدم سے چلنا ـ پيدل چلنا ـ مشکل سے چلنا
tramper,بھاري قدم سے چلنے والا ـ پيدل چلنے والا
trample,پامال کرنا ـ روندنا ـ پيروں سے کچلنا ـ ذلت کا برتاؤ کرنا
trampler,پامال کرنے والا
trance,بے خودي ـ وجد ـ حال ـ پر اطمينان ـ حالت نوم
tranquil,ساکن ۔ آسودہ ۔ پرسکون ۔ پر اطمینان ۔
tranquility,خاموشي ـ آسائش ـ طمانت
tranquilize,طمانيت بخشنا ـ سکون پيدا کرنا
tranquilizer,سکون  پيدا کرنے والا
tranquillity,خاموشی ۔ سکون ۔
tranquillize,طمانيت بخشنا
tranquillizer,سکون پيدا کرنے والا
transact,کام چلانا ـ کاروبار کرنا ـ معامله کرنا ـ گفت و شنيد کرنا ـ انجام دينا ـ کام کرنا
transaction,سر انجام ديه ـ کاروائي ـ راضي نامه
transalpine,کوه الپس کے پرے رهنے والا
transatlantic,بحر اوقيانوس کے پار  کا
transcaucasian,کوه قاف سے پرے
transcend,چڑھنا ـ بلند هونا ـ حد سے گزرنا
transcendence,فوقيت ـ برتري ـ ماورا هونا
transcendent,افضل ـ بالاتر ـ اعلے
transcendental,حواس سے پرے ـ ماروائے عقل
transcribe,نقل کرنا ـ کتاب کي نقل اتارنا
transcriber,نقل کرنے والا
transcript,نقل
transcription,کسي کتاب کي نقل ـ نقل
transept,گرجے کا آڑا حصه
transfer,لے جانا ـ منتقل کرنا ـ تبديلي کرنا ـ تبادله کرنا ـ داخل خارج کرنا
transferable,تبادلے کے قابل
transferee,جس کے نام ملکيت منتقل کي جائے
transferor,ملکيت منتقل کرنے والا
transferrer,تبادله کرنے والا
transfiguration,تبديل پينت ـ تبديلي شکل
transfigure,تبديل پينت کرنا ـ صورت بدلنا ـ بالکل بدل دينا
transfix,آر پار کرنا ـ چھيد دينا
transfixion,جذبات سے مفلوج هونا ـ چھيد دينا
transform,قلب پينت کرنا ـ صورت بدلنا
transformable,تبديلي پينت کے قابل
transformation,تبديلي صورت يا پينت
transformative,انقلاب پذير
transformer,ايک برقي رو کو دوسري مختلف قوت کي رو ميں تبديل کرنے والا آله
transformist,يه عقيده رکھنے والا که ايک نوع حيواني دوسري نوع سے نکلتي اور بتدريج شکل بدلتي هے ـ تغير نوعي کا قائل
transfrontier,سرحد کے پار
transfuse,ايک برتن سے دوسرے برتن ميں انڈيلنا ـ خون ايک شريان سے دوسري ميں منتقل کرنا
transfuser,منتقل کرنے والا
transfusionist,خون دوسرے شخص ميں منتقل کرنے والا
transfusive,نقل خون کے بارے ميں
transgress,تجاوز کرنا ـ خلاف ورزي کرنا ـ حد سے گزرنا
transgression,حد سے گزر جانا
transgressor,حد سے گزر جانے والا
transience,ناپائيداري ـ وقتيه هونا ـ عارضي هونا
transiency,عارضي هونا
transient,سريع الزوال ـ جلد گزرنے والا ـ دم بھر کا
transilient,ايک سرے سے دوسرے سرے تک جانے والا
transit,عبور ـ گزر ـ تبديلي
transition,عبور ـ غذر ـ تبديلي ـ تغير
transitional,عارضي ـ عبوري
transitive,متعدي ـ فعل متعدي
transitively,فعل متعدي کے طور پر
transitiveness,متعدی پن ۔
transitoriness,عارضي هونا ـ ناپائداري
transitory,چند روزه ـ فاني ـ عارضي
translatable,قابل ترجمه
translate,ترجمه کرنا ـ تعبير کرنا ـ سمجھانا
translation,تبديلي ـ ترجمه ـ تعبير
translational,حرکت مستقيم کا ـ ترجمه کا
translator,ترجمه کرنے والا ـ مترجم
transliterate,ايک زبان کے الفاظ دوسري زبان کے حروف ميں لکھنا
transliteration,دوسري زبان ميں نقل الفاظ
transliterator,دوسري زبان ميں الفاظ نقل کرنے والا
translucence,شفاف هونا
translucency,شفاف هونا
translucent,صاف شفاف
translucid,نيم شفاف
transmarine,سمند کے بعد کا
transmigrant,ايک ملک سے دوسرے ملک ميں جا بسنے والا ـ غير ملک کا
transmigrate,دوسرے ملک ميں جا بسنا ـ دوسرے قابل ميں چلے جانا
transmigration,تناسخ ۔ آوا گون ۔
transmigrator,دوسرے ملک ميں جا بسنے والا
transmigratory,تناسخ پذير ـ جون بدلنے والي
transmissible,منتقل هونے والا
transmission,ارسال ـ ترسيل
transmit,ارسال کرنا ـ روانه کرنا ـ منتقل کرنا ـ پهنچانا ـ اندر سے گزرنے دينا ـ واسطه هونا
transmittable,ارسال کرنے قابل ـ روانه کرنے کے قابل
transmitter,لاسلکي کا آله ـ منتقل کرنے والا
transmittible,وه جو منتقل هو سکے
transmogrify,قلب ماپنيت کرنا
transmutability,بدل جانے کي قابليت
transmutable,جس کي قلب ماپيت هو سکے ـ جو بدل جانے کے قابل هو
transmutation,قلب ماپينت ـ انقلاب
transmute,کسي شے کو کچھ اور بنا دينا ـ قلب ماپينت کر دينا
transmuter,قلب ماپينت کرنے والا
transnormal,معمولي يا طبعي سے بڑھ کر
transoceanic,سمندر پار کا
transom,دروازے کي کھڑکي کے اوپر کي سرول ـ افقي پٹي
transparence,صفائي ـ شفاف هونا
transparency,شفاف هونا ـ مثبت تصوير کا شيشه
transparent,جس ميں روشني نظر آئے ـ صاف شفاف ـ کھلي هوئي ـ واضح ـ مجلا
transparently,شفاف طور رپ
transparentness,کھلا هوا هونا ـ شفاف هونا
transpierce,چھيدنا ـ آر پار کرنا ـ بيدھنا
transpirable,جو بھاپ بن کر خارج هو سکے
transpiration,بخارات کا اخراج
transpire,صادر هونا ـ واقع هونا ـ معلوم هونا
transplant,ايک جگه سے درخت اکھاڑ کر دوسري جگه لگا دينا ـ ايک جگه سے لے جا کر لوگوں کو دوسري جگه بسانا
transplantable,دوسري جگه لگانے کے قابل ـ انتقال پذير
transplantation,عضو بندي ـ پودے کو ايک جگه اکھاڑ کر دوسري جگه لگانا
transplanter,ايک جگه سے لے جا کر لگانے والا ـ منتقل کرنے والا
transport,مال يا مسافروں کو ايک جگه سے دوسري جگه لے جانا
transportabilit,نقل و حمل کے قابل هونا
transportable,انتقال کے قابل
transportation,دوسري جگه بھيجا جانا ـ انتقام پذير
transporter,مال اور مسافروں کو ايک جگه سے دوسري جگه لے جانے والا
transposal,محل يا ترتيب کي تبديلي
transpose,دو يا زائد چيزوں کو ايک دوسري جگه پر رکھنا ـ ادل بدل کرنا ـ الٹ پلٹ کرنا ـ الفاظ کي ترتيب بدلنا
transposer,محل يا ترتيب بدلنے والا
transposition,جگه کي تبديلي ـ انقلاب
transpositional,تبديلي محل يا محل ترتيب کا
transship,ايک جهاز سے دوسرے جهاز ميں منتقل کرنا
transshipment,ايک جهاز سے دوسرے جهاز ميں منتقلي
transudation,نکاس ـ نفوذ
transude,لغو ذکر کرنا ـ مسامات سے پسينه نکلنا
transversal,خطوط کے سلسله کو قطع کرتا هوا ـ قاطع
transverse,خط قاطع ـ قطع کرتا هوا ـ آڑا ـ ترچھا
transversely,قطع کرتے هوئے
tranter,حمال ـ هرکاره ـ خوانچه والا
trap,گڑھا ـ پھندا ـ دام ـ جال ـ پنجرا ـ بند گڑھا ـ سياه رنگ کي استواني چٹان ـ گھوڑے کو سجانا ـ وردي پهننا ـ ذاتي اسباب
trapdoor,دروازه جو چھت يا فرش ميں لگا هو ـ چور دروازه
trapes,گھسٹتے هوئے چلنا ـ پائنچے کھسيٹتے چلنا ـ مارا مارا پھرنا ـ سست پھوپڑ عورت
trapeze,جمناسٹک کا جھولا ـ ورزشي جھولا
trapezoid,ايک مستطل جس کے ضلعے متوازي نه هوں
trapper,جانور پکڑنے والا
trappiness,دغا بازي ـ پرفريب هونا ـ دھوکا بازي
trapping,گھوڑے کا آرائشي ساز و سامان ـ کسي عهدے کي خاص وردي
trappist,راهبوں کا ايک فرقه جو رياضتيں کرتا اور خاموش رهتا هے
trappy,دھوکے کي ـ فريب کي ـ پھنسانے والي
trash,نکمي چيز ـ ردي چيز ـ البلا ـ مهمل کتاب ـ بکواسي
trashery,فضول باتيں
trashhouse,گنے کا پھوک رکھنے کي جگه
trashice,برف کا چورا
trashiness,لغويت
trashy,نکمي ـ لغو
trauma,زخم ـ چوٹ
traumatic,چوٹ کے متعلق
travail,محنت ـ مشقت ـ جانفشاني ـ درد زه ـ شديد زحمت اٹھانا ـ مشقت کرنا
travel,سفر کرنا ـ سير و سياحت کرنا ـ ايجينٹ کي حيثيت سے سفر کرنا
travelable,سفر کرنے کے قابل
traveler,سفر کرنے والا
traveller,راه گير ـ مسافر ـ راھي ـ سياح
travellerstale,سياحوں کا سا من گھڑت قصه
travelogue,سیاحت پر تقریر یا فلم کی نمائش ۔ سیاحت کا بیان ۔
travelworn,سفر سے تھکا هوا ـ سفر مانده
traverse,افقي ـ عرضي ـ اڑا ـ بيڑا ـ دمدمه ـ حليه ـ حواله
traverser,چلنے والا ـ آڑا چلنے والا
travesty,شکل بدل دينا ـ توڑ موڑ دينا
trawl,پاني کي تهه سے جال کھينچ کر مچھلياں پکڑنا
trawler,جال کو کھينچنے والي کشتي
trawling,مها جال کھينچنا
tray,کشتي ـ سيني ـ طباق
treacherous,دغا باز ـ ناقابل اعتبار
treacherously,دغا سے ـ دھوکے سے
treacherousness,فريب ـ دغا بازي
treachery,بے وفائي ـ دغا بازي
treacle,شيرا ـ راب ـ گڑ ـ گڑ کا ميل
tread,پاؤں رکھنا ـ کچلنا ـ روندنا ـ پاؤں سے مسلنا
treader,کچلنے والا ـ  روندنے والا
treadle,پاؤں سے چلنے والی مشین ۔
treadler,پاؤں سے چلانے والا
treadlightly,پھونک پھونک کر قسم رکھنا
treason,اپنے ملک يا حکومت کي بد خوابي غداري
treasonable,غداري کا
treasonableness,غدارانه فعل
treasonous,باغيانه ـ بے وفائي کا ـ غداري کا
treassonable,غداري کا ـ بغاوت کا
treasurable,دولت ذخيره کرنے کے قابل ـ قابل قدر
treasure,خزانه ـ گنج ـ مال ـ دولت کا ذخيره ـ قدر کرنا ـ عزيز رکھنا
treasurer,خزانچی ۔ خازن ۔
treasurership,خزانچي کا عهده
treasuretrove,دفينه جو زمين سے برآمد هو اور جس کے مالک کا پته نه هو
treasury,خزانه ـ خزانه کي جگه ـ سرشته مال
treasurybench,باب حکومت ـ حکومتي صف
treasurybill,سرکاري هنڈي جو عارضي ضروريات کے ليے خزانے کي طرف سے جاري کي جاتي هے
treat,پيش آنا ـ معالجه کرنا ـ سلوک کرنا ـ سمجھنا ـ خيال کرنا ـ ضيافت کرنا ـ دعوت کرنا ـ لطف کي چيز
treatable,پيش آنے کے قابل ـ علاج کے قابل ـ خيال کرنے کے قابل
treater,پيش آنے والا ـ علاج کرنے والا
treating,رائے دهندوں کي ناجائز تواضع
treatise,صحيفه
treatment,برتاؤ ـ سلوک ـ معالجه
treaty,معاهده ـ عهدوپيمان ـ قول صلح نامه
treatyport,بندگاه جس کو بين الاقوامي معاهده کے تحت کھلا رکھنا پڑتا هے
treble,سه چند ـ تگنا ـ تين کا ـ تگنا کرنا
trechancy,سختي ـ حدت ـ زور
trechantly,پر زور طريقے پر
tree,درخت ـ شجر
treeless,بے اشجار ـ درختوں سے خالي
trefoil,تپتا پودا جس ميں پھليا لگتي هيں
trek,بيل گاڑي ميں سفر کرنا ـ نقل وطن کرنا
trekker,بيل گاڑي ميں سفر کرنے والا ـ نقل وطن کرنے والا
trellis,جالی ۔ جھنجری ۔ جعفری ۔ باغ کے اندر جالی کا چھوٹا سا مکان ۔
tremble,کانپنا ـ لرزنا ـ تھرانا ـ لڑکھڑانا ـ رعشه هلنا ـ کپکپي
trembler,کانپنے والا ـ لڑکھرانے والا
tremendous,هيبت ناک ـ مهيب ـ تند ـ تيز
tremendously,نهايت ـ بهت ـ خوفناک حد تک
tremendousness,خوفناک هونا
tremolando,لرزتي هوئي آواز ـ لرزتي هوئي آواز ميں
tremolant,ايک جو پرزه جو آرگن ميں لرزتي آواز پيدا کرتا هے ـ لرزتي هوئي
tremolo,آرگن باجے کا يک پرزه
tremor,تھر تھراهٹ ـ لرزه کپکپي ـ رعشه ـ زمين کا هلنا ـ خوشي يا غم کي لهر جو جسم ميں دوڑ جائے
tremulous,کانپتا هوا
tremulously,کانپتے هوئے
tremulousness,ارتعاش ـ کپکپي
trench,خندق کھودنا ـ کھائي بنانا ـ نالي کھودنا ـ کھودنا
trenchancy,سختي ـ حدت ـ زور
trenchant,تيز کاٹنے والا ـ پرزور ـ سخت تنقيد
trenchantly,پر زور طريقے پر ـ سختي سے
trenchcompanion,طفيلي رفيق يا دوست ـ کھانے پينے کے بار
trencher,لکڑي کا کٹھلا ـ لوهے ک ٹکڑا ـ خندق کھودنے والا ـ تخته
trenchercap,چو کور ٹوپي جو کالجوں ميں پينتے هيں
trenchervaliant,دستر خوان کا شير
trend,کوئی خاص رخ ہونا ۔ میلان رخ ۔ رجحان ۔
trepan,دھوکا ـ دھوکا دينا
trepang,ايک قسم کا گھونگھا جو چين ميں کھايا جاتا هے
trephine,ايک جديد آله جراحي ـ سوراخ کرنا ـ عمل جراحي کرنا
trepidation,خوف ـ گھبراهٹ ـ بيجان ـ فالج کا رعشه
trespass,مداخلت بے جا کرنا ـدخل دينا ـ مخل هونا
trespasser,مداخلت بے جا کرنے والا
tress,زلف ـ کاکل ـ گيسو
tressy,زلفوں والا
trestle,قينچي دار گھوڑي جس پر تخته رکھا جائے ـ پل کي قينچي دار پايوں کا سلسله ـ مستول کي افقي کڑياں
trets,کردار ۔ بٹہ ۔ تحریر ۔ روگن ۔
trews,سکاٹلینڈ کی پہاڑیوں کا دھاری دار پتلون ۔
trey,تاش کي تکي
tri,تين ـ تهرا
triable,قابل آزمائش ۔ لائق امتحان ۔
triad,تکڑي ـ تين کي ٹکڑي
triage,کافي کے بيجوں کا چورا
trial,آزمائش ـ امتحان ـ تجربه ـ مقابله ـ مصيبت
trialmarriage,آزمائشي شادي جس ميں عورت اور مرد بغير نکاح مياں بيوي کي طرح رهتے هيں
trialogue,تين شخصوں کے درميان گفتگو
triangle,تثليث ـ سه زاوياتي شکل
triangular,مثلثي ـ سه گوشه
triangularity,مثلثيت
triangularly,مثلث کي صورت ميں
triangulate,پيمائش کے ليے مثلثوں ميں تقسيم کرنا
triangulating,مثلثي تقسيم
triangulation,مثلثي تقسيم
triangulator,پيمائش کيلئے مثلثوں ميں تقسيم کرنے والا
triarchy,تين اشخاص کي حکومت
tribadism,خلاف وضع فطري فعل جو دو عورتيں کرتي هيں ـ چپٹي کھيلنا
tribal,قبيلے داري ـ قبيلے کا
tribalism,قبائلي تنظيم
tribe,قبيله ـ جماعت ـ گروه ـ فرقه
tribesman,قبيلے کا آدمي
tribeswoman,قبيلے کي عورت
triblet,چھلے اور انگوٹھیاں گھڑنے کی سلاخ یا بیلن ۔
tribometer,دلک پيما ـ رگڑ ناپنے کا آله
tribulation,مصيبت ـ تکليف ـ ايذا
tribunal,مسند عدالت ـ مقرر کي هوئي عدالت ـ خصوصي عدالت
tribune,جمهور کا نمائنده جو عوام کے حقوق کي حفاظت کرتا تھا ـ فوجي افسر
tribuneship,وکيل جمھور کا عهده اور کارکردگي
tributariness,ماتحت ـ باجگزاري
tributary,خراج دينے والا ـ امدادي فوج
tribute,خراج ـ نذر ـ هديه
tricar,تين پهيوں کي موٹر گاڑي
trice,بادبان وغيره چڑھانا ـ کھينچنا ـ پل ـ آن ـ دور
tricennial,تيس ساله
triceps,تين سر کا عضله ـ بازوں کا عضله
trichiasis,پپوٹوں ميں بال آجانا ـ پيشاب سے باريک ريشے خارج هونا ـ پپوٹے الٹ جانا
trichina,بال کي مانند جرثومه جو سور اور چوهے ميں هوتا هے اور بد احتياطي کي وجه سے انسان کے جسم ميں داخل هو کر مهلک مرض پيداکرديتا هے
trichinopoli,ٹرچناپلي کا بنا هوا سگار
trichome,روئيں جو پودے پر اگتے هيں
trichosis,بالوں کي بيماري
trichotomy,ثلاثي تقسيم ـ کسي چيز کي تقسيم تين حصوں ميں
trick,مکر ـ چال ـ فريب ـ گھات ـ کرتب ـ بري حرکت
trickcyclist,بائيسکل کے کرتب دھانے والا
tricker,دھوکا دينے والا
trickiness,چالبازي ـ دغا بازي
trickle,قطره قطره هو کر گرنا ـ رسنا ـ بات پھوٹنا ـ راز ظاهر هو جانا
tricklet,تپکا ـ پتلي دھار
tricksy,چنچل ـ شوخ ـ انوکھي
tricktrack,چوسر کي طرح کا کھيل
tricky,پيچدار ـ دھوکے باز ـ مشکل ـ نازک
tricline,باریک سوتی پاپلین ۔
tricolor,ترنگا
tricot,ايک قسم کا هاتھ کا بنا هوا اوني کپڑا
tricycle,تين پهيوں کي بائيسکل
trident,ترسول ـ تنو کا برچھا
tridentine,رومن کيتھولک مذهب کي ايک شاخ
triennial,سه ساله ـ جو تين سال کے بعد واقع هو
triennially,هر تين سال کے بعد
trier,آزمانے والا ـ تجربه کرنے والا ـ جيوري کے الزامات کي تحقيقات کرنے والا
trierarch,قديم يونان کا جنگي جهازوں کا سالار
trierarchy,جنگي جهازوں کا بيڑا جو امير بحر کي نگراني ميں تيار کيا جاتا هے
trifarious,سه قطاري
trifle,ادني شے ـ بے حقيقت شے ـ معمولي سي رقم
trifler,اوچھا آدمي ـ لغو گو
triflering,هيچدار چھلا ـ گورکھ دھندا
triflewith,کھيلنا ـ کھيل سمجھنا
trifling,ادني سي ـ ذرا سي
triflingly,اوچھے پن سے
triflorous,تين پھولوں کا
trifoliate,تين پتوں کا
trifurcate,تين شاخوں کا
trifurcation,تين شاخه
trig,صاف ستھرا ـ سجا هوا ـ آراسته کرنا ـ سجانا
trigamist,تين بيويوں والا ـ تين شوهر والي
trigamous,تين بيويوں کا خاوند ـ تين خاوندوں کي بيوي
trigamy,بيک وقت تين شادياں کرنے والا
trigeminal,تين گنا ـ تگنا ـ تين شاخوں والا
trigger,بندوق کا گھوڑا ـ لب لبي
trignous,تگنا ـ سه پهلو
trigon,تين برجوں کا مجموعه
trigonal,تکونا
trigonometer,مثلث پيما ـ مثلث کي پيمائش کا آله
trigonometry,علم رياضي کي ايک شاخ
trigraph,تين حرفوں کي مخلوط آواز
trihedron,سه سطحي مجمسه
trill,آواز ميں کھنک پيدا کرنا ـ گلے بازي کے ساتھ گانا
triller,آواز ميں کھنک پيدا کرنے والا
trilling,تين بلوري ولموں کا مجموعه ـ تنواں لڑکوں ميں ايک
trillion,کھرب ـ پدم
trim,درست ـ صاف ـ ستھرا ـ بنا ٹھنا ـ سجيلا ـ کيل کانٹے سے ليس سجانا ـ سنوارنا
trimeter,بحر مثلث
trimetrical,ايسي بحر جس کے مصرعوں ميں چھ رکن هوں ـ شش رکني
trimly,نفاست سے
trimmer,آراسته کرنے والا ـ جماعتيں بدلنے والا ـ ابن الوقت
trimming,کانٹ چھانٹ ـ کھانے پينے کي چيزيں ـ کپڑے پر فيته يا ليس لگانا
trimness,آراستگي ـ ٹيپ ٹاپ ـ درستي ـ صفائي
trine,تهرا ـ تين اجزائ کا
tringle,پردا لٹکانے کا ڈنڈا ـ مسهري کا ڈنڈا
trinitarian,تثليث کا عقيده رکھنے والا
trinity,عيسائيوں کا عقيده تثليث ـ باپ بيٹے اور روح القدس کے ايک هونے کا عقيده
trinket,انگوٹھي ـ چھلا ـ بنده ـ تنکا
trinketry,تنکا ـ چھلا ـ ٹوم ـ چھوٹا موٹا ـ زيور
trio,تين ـ تين گانے والوں کي چوکي
trional,ايک خواب آور مسکن دوا
trip,تيزي اور چھوٹے قدموں سے چلنا ـ تھرکنا ـ ٹھوکر کھانا ـ سير و سياحت کرنا ـ کسي کي غلطي پکڑنا
tripartite,تين حصوں ميں
tripartition,تين حصوں ميں تقسيم
tripe,آنت ـ اوجھڑي ـ انتڑي ـ بے سود چيز
tripealliance,اتحاد ثلاثه ـ تين رياستوں کا اتحاد
tripeman,اوجھڑي ـ سردان بيچنے والا
tripery,اوجھڑی ۔ سردان کی دوکان ۔
triplane,تين منزلوں والا طياره
triple,تهرا ـ تگنا ـ سه چند ـ تگنا هو جانا
triplet,سه مصرعي نظام ـ تين چيزوں کا مجموعه ـ مثلث
triplex,تهري تال ـ گانا جو تين حصوں ميں منقسم هو ـ تين تهوں والا موٹر کار کا شيشه
triplicate,تهرا ـ تين نقليں ـ تين ميں سے ايک
triplication,تهرا
triplicity,تگنا هونا ـ تهرا هونا
tripod,تپاتي ـ تين پايوں کي ميز ـ ڈيفلي کے مندر کي قربان گاه
tripodal,تين پايوں کا
tripoly,ايک طرغ کي ريت ملي هوئي مٹي جو سب سے پهلے طرابلس سے لائي گئي
tripos,جامعہ کیمبرج کا امتیاری سند کا امتحان ۔
tripper,سیر و سیاحت کا شوقین ۔
tripping,تھرکنا ـ تھمک چال
trippingly,گرتے پڑتے ـ تھرکتے هوئے
tripudiate,خوشي سے ناچنا
triquetra,ايک زيور جس ميں تين کمانيں گندھي هوئي هوتي هيں
triquetrous,تين نوکوں کا ـ تين شاخوں کا
trisect,تين برابر کے حصوں ميں تقسيم کرنا
trisection,عمل تقسيم ـ تثليث
trismus,اکڑباني ـ عضلات کي اکڑن ـ تشنج ـ جبڑوں کا جم جانا
trisyllable,تين بولوں کا لفظ
trite,ديرينه ـ پرانا ـ فرسوده
tritely,فرسوده طريقے سے
triteness,فرسودگي
tritheism,تين کا ماننے والا ـ تثليت پرست
tritheist,تين کا ماننے والا
triton,يوناني ديومالا ميں ايک چھوٹا سمندري ديوتا
triturable,جو باريک پيسا جا سکے
triturate,پيس کر سفوف بنا دينا
trituration,سفوف بن جانا
triturator,پيسنے والا ـ پيسنے کي چکي
triumph,جشن فتح ـ جيت ـ فتح ـ کاميابي
triumphal,فتح کا
triumphant,پر افتحار ـ فتحيات
triumphantly,فتح مندي سے
triumvir,قدیم روم کی مجلس ثلاثہ کا رکن ۔
triumvirate,روما کي حکمران مجلس ثلاثه
triune,تين بھي ايک هي هونا
trivet,آتش دان ميں لگي هوئي لوهے کي تپاتي
trivial,معمولي ـ ادني ـ خفيف ـ سطحي
triviality,ادني چيز ـ بے حقيقت گفتگو
trivialize,بے لطف کر دينا ـ نکما بنا دينا
trivially,سبکي سے ـ معمولي طريقے سے
trivialness,ادنی یا خفیف ہونا ۔ ہلکا پن ۔
troat,نر پرن کي مستي کي آواز
trocar,پاني نکالنے کا اوزار
trochaic,دو رکني بحر
trochal,حيوانيات پهيے کي طرح کا
troche,حب ـ قرص
trochee,شعر کا ايک وزن جس ميں پهلا رکن لمبا اور دوسرا چھوٹا هوتا هے
trochilus,ايک چھوٹا پرنده جو مگر مچھ کي منه کے ريشے صاف کرتا هے
trochoid,اپنے محور پر گردش کرنے والا
troglodyt,گوشه نشين ـ غار ميں رهنے والا
troika,ايک روسي گاري جس ميں تين گھوڑے پهلو به پهلو جوتے جاتے هيں
trojan,ٹرانے کا باشنده
troll,ناروے اور سويڈن کي ديومالا کا ايک جن ـ گھمانا ـ چکر دينا ـ پھيرنا ـ باري کا گيت
troller,گھمانے والا ـ چکر دينے والا
trolley,ٹھيلا ـ ٹھيلا گاڑي
trollop,آواره عورت
tromba,طنبوره ـ ترم کي سي آواز دينے والا باجا
trombone,ترم يا شهنائي کي قسم کا باجا
trombonist,ترم بجانے والا
trommel,دھات چھاننے کي چھلني ـ چکر چھلني
tromometer,زلزلے کے خفيف جھٹکوں کي پيمائش کا آله ـ زلزله پيما
trompe,پن دھونکني
troop,غول ـ جھنڈ ـ ٹولي ـ فوج ـ لشکر ـ رساله
trooper,گھڑ چڑھا سپاهي ـ خانگي فوج کا سوار
troopship,سپاهيوں کو لے جانے والا جهاز
trope,مجاز ـ استعاره
trophy,هتيار جو فاتح مغلوب سے چھين کر جمع کرتے هيں ـ فتح کي نشاني
tropic,خط سرطان اور خط جدي کا درمياني حصه
tropical,منطقه حاره کا ـ گرم ملکوں کا ـ گرم
tropically,گرمي کے ساتھ
tropicopolitan,گرم ملکوں کا ـ گرم آب و هوا کا
tropology,مجاز ـ استعاره ـ علم بيان ـ صنائع و بدائع
troposphere,سات ميل کا کره هوائي
troppo,بھي ـ زياده
trot,دلکي چلنا ـ بھاگنا ـ دوڑنا ـ دلکي چلانا
troth,دیانت ۔ راستی ۔ وفا ۔ ایمان ۔
trotout,قدم چلنا
trotter,دلکي چلنے والا ـ قدم چلنے والا گھوڑا ـ انسان کے پير ـ جانوروں کے پاهے
trottoir,سرک کي ايک طرف پيدل چلنے کا راسته
troubadour,قرون وسطي کے غزل گو شاعر
trouble,هلانا ـ گھنگھولنا ـ تلاطم پيدا کرنا ـ پريشان کرنا ـ تکليف اٹھانا ـ مصيبت ـ پريشاني ـ شکايت
troubledwaters,مشکلات ـ پريشانياں ـ مصائب
troublemaker,پريشاني پيدا کرنے والا
troubler,پريشاني کرنے والا ـ ايذا دينے والا
troublesome,تکليف ده
troublesomely,پرزحمت
troublesomeness,تکليف ده هونا ـ پر زحمت هونا
troublous,پر آشوب ـ هنگامه کا ـ درهم برهم
trough,ڈونگی ۔ پانی کی کنڈی ۔ لگن ۔
trounce,مارنا پيٹنا ـ پريشان کرنا ـ کندي کرنا
trouncer,پريشان کرنے والا ـ کندي کرنے والا
trouncing,مار پيٹ ـ کندي
trountly,بدشوقي سے ـ سستي اور کاهلي سے
troupe,اداکاروں کي ٹولي
trouser,پاجامه ـ پتلون ـ عورتوں کا جھالر دار پاجامه
trousering,پتلون کا کپڑا ـ پاجامه کا کپڑا
trousseau,لباس عروسي ـ دلهن کا جوڑا
trout,ميٹھے پاني کي ايک لذيذ مچھلي
trouty,جس ميں مچھلي کي کثرت هو
trouvere,قرون وسطي کے فرانسيسي رزميه شاعر
trove,خزانه ـ گنج ـ مال ـ دولت
trover,جائداد منقوله ـ جائيداد کي بازيابي کا دعوي
trow,خيال کرنا ـ اعتبار کرنا ـ بھروسه کرنا
trowel,کرني ـ کھرپي
troy,چاندي سونا تولنے کے پاٹ
truancy,کام چوري ـ آواره گردي
truant,کام چھوڑ کر بھاگ جانے والا ـ بھگوڑا
truantly,بد شوقي سے ـ سستي اور کاهلي سے
truce,عارغي صلح ـ جنگ بندي ـ وقفه ـ مهلت
trucial,التوائے جنگ کے بارے ميں ـ عارضي صلح کے متعلق
truck,معامله کرنا ـ سودا کرنا ـ مال کا تبادله کرنا ـ مال لے جانے کي گاڑي ـ ٹرک
truckage,ٹرک ميں مال لے جانا
trucker,معامله کرنے والا ـ سودا کرنے والا ـ ٹرک ميں مال لے جانے والا
truckle,دب جانا ـ عاجزي کرنا ـ تابعداري کرنا
truckler,دب جانے والا ـ تابعداري کرنے والا ـ تابعدار
truculence,درشتي ـ تند خوئي
truculency,تند خوئي
truculent,بدمزاج ـ تند خو
truculently,تند خوئي سے
trudge,بھاري قدم رکھنا ـ گھسٹنا
trudgen,باري باري سے دونوں هاتھ مارنا ـ تيراکي کا ايک طريقه ـ کھڑکي مار کر تيرنا
trudger,بھاري قدم رکھنے والا
true,سچا ـ صادق ـ وفادار ـ ٹھيک ـ صحيح ـ اصل ـ کھرا
trueblue,اپنے اصول کا پابند
trueborn,نجيب ـ شريف
truehearted,راسته باز ـ صاف دل
truelove,دلي دوست ـ وفادار محبوب
trueloveknot,محبت کی پکی گرہ ۔ سچی محبت کا پیمان ۔
trueness,سچائي
truffle,ايک کھمبي جس کي گرهين کھانے ميں ملائي جاتي هيں
trug,ميوه کي ٹوکري
truism,بديهي امر ـ مسلمه حقيقت ـ سچائي ـ حق ـ قول صادق
trull,فاحشه ـ بازاري عورت
truly,ايمانداري سے ـ نمک حلالي سے ـ حقيقي طور پر ـ ٹھيک ٹھيک ـ سچ سچ ـ خط کے آخر ميں اپ کا مخلص
trump,ترم کي آواز ـ ترپ ـ اچھا آدمي ـ نهايت بهادر
trumpcard,نهايت عمده ترکيب ـ ترپ کا پته
trumpery,گھٹيا بھڑک دار چيز ـ سطحي
trumpet,ترم ـ بگل ـ شهنائي
trumpetcall,دعوت عمل ـ ترم کي آواز
trumpeter,بگل بجانے والا
trumpup,گھڑ لينا ـ جھوٹ موٹ بنا لينا
truncate,قلم کرنا ـ تراشنا ـ چھانٹنا ـ اور پر کي شاخيں تراشنا
truncation,کاٹ چھانٹ
truncheon,عصا ـ ڈنڈا ـ جريب ـ سونٹا
trundle,گول چيز ـ چکر ـ رولر
trundler,گيند پھنکنے والا
trunk,تنا ـ دھڑ ـ ريل کي اصلي پٹري
trunnion,توپ گاڑي کا درمياني شهتير
truss,کسنا ـ جکڑنا ـ گٹھا باندھنا ـ مشکيں کسنا
trusser,کسنے والا ـ جکڑنے والا
trust,اعتبار ـ بھروسه ـ اعتماد
trustable,قابل اعتماد
trustee,متولي ـ امين ـ امانت دار
trusteeship,متولي کا منصب
truster,اعتماد کرنے والا
trustful,بھروسه کرنے والا ـ اعتماد کرنے والا
trustfulness,بھروسه ـ اعتماد
trustily,قابل اعتماد طريقے سے
trustiness,قابل اعتماد هونا ـ معتبري ديانت داري
trustingly,اعتماد کرتے هوئے
trustworthiness,قابل اعتبار هونا
trustworthy,لائق اعتماد ـ قابل اعتبار
trusty,قابل اعتبار ـ ايماندار
truth,سچ ـ سچائي ـ صحت
truthful,حق گو ـ راست گو ـ راست باز
truthfulness,راستي ـ سچائي
truthless,ناراست ـ جھوٹا ـ بيوفا
truthlessness,بے وفائي ـ جھوٹا پن ـ ناراستي
try,آزمانا ـ کوشش کرنا ـ آزمائشي کرنا ـ امتحان کرنا
trying,دشوار ـ تکليف ده
tryingly,آزماتے هوئے
tryst,ملاقات کرنا
tryster,ملاقات کرنے والا
tsar,شهنشاه روس
tsardom,زار روس
tsetse,افريقه کي ايک زهريلي مکھي
tub,ناند ـ کونڈا ـ کٹھرا ـ کپڑے دھونے يا نهانے کا ٹب
tuba,ارگن باجا کا پرده
tubby,ٹب کي شکل کا ـ بھدي آواز کا
tube,نالي ـ نال ـ نلکي ـ ٹيوب
tuber,ورم ـ گلٹي ـ گومڑا ـ آلو پياز
tubercle,گلٹي ـ پھنسي ـ دانه ـ دق کا دانه
tubercled,دق کي گلٹيوں والا ـ دق کے دانوں والا
tubercular,دق کا سا
tuberculate,جس ميں دق کي پھنسياں هوں
tuberculation,دق کے دانوں کا نکلنا
tuberculine,ايک دوا جو دق کے جراثيم سے تيار کي جاتي هے
tuberculization,دق کا اثر پهنچنا يا پهنچانا جانا
tuberculize,دق کے جراثيم داخل هونا
tuberculosed,دق ميں مبتلا ـ مدقوق
tuberculoses,دق ميں مبتلا
tuberculosis,دق ـ سل
tuberculous,دق ميں مبتلا
tuberose,بصله دار پودا ـ گلٹي دار
tuberous,گره دار
tubewell,نل کنواں
tubing,نلوں کا سلسله ـ نلکي
tubular,نلکي کا بنا هوا ـ نل کي شکل کا
tubulose,نل کا سا ـ نلي کي شکل کا
tuck,کپڑے ميں پليٹيں ڈالنا ـ سکيڑنا ـ سميٹنا ـ چڑھانا ـ اٹھانا ـ کھانے کي مٹائي ـ کيک وغيره
tucker,اوڑھني ـ دوپٹه ـ پليٹيں ڈالنے والا درزي
tuckshop,میٹھائی وغیرہ کی دوکان ۔
tucum,برازي کا ايک درخت جس کے ريشے سے رسياں بنتي هيں
tudor,انگلستان کے شاهي خاندان تيوڈر کے عهد کا
tuesday,منگل
tuft,گچھا ـ لچھا ـ بالوں کي لٹ
tufthunter,رئيسوں کي صحبت کا شائق
tufty,گچھے دار
tug,کھينچنا ـ گھسيٹنا ـ جھٹکا دے کر کھينچنا ـ سخت کوشش
tugger,کھينچنے والا
tugoflaw,رسا کش
tuism,يه نظريه که انسان کے تصورات ميں اس کے آئينده نفس سے خطاب هوتا هے
tuition,نگراني ـ حفاظت ـ درس ـ تعليم
tuitional,تعليمي ـ نگراني کا ـ معلمي کا
tuitionary,اثاليقي کا
tulchan,بھس بھري هوئع بچھڑے کي کھال جو گائے کے پاس رکھي جاتي هے تاکه وه دودھ دے
tulip,گل لاله ـ شقائق ـ بندوق کا دهانه
tulipomania,گل لاله اگانے کا شوق جو جنون کي حد تک پهنچ جائے
tumble,لوٹ پوٹ ـ لڑھکنا ـ گر پڑنا ـ مرجوں کا اچھلنا ـ بيمار کا تڑپنا ـ بار بار پهلو بدلنا ـ قلا بازي کھانا
tumblecar,ايک گھوڑے کي گاڑي
tumbledown,لڑھکنا
tumblein,بستر ميں سونا
tumbleover,اوندھا گرنا ـ گر پڑنا
tumbler,قلا بازي کھانے والا ـ قلا باز کبوتر ـ قفل اور بندوق کے گھوڑے کي چاپ
tumbleto,خيال آنا ـ سمجھنا
tumbleup,بڑبڑا اٹھنا ـ بستر سے اٹھنا
tumbrel,دو پهيے کي فوجي گاڑي
tumefacient,سوجنے والا ـ متورم ـ سوجا هوا
tumefaction,آماس ۔ ورم ۔ سوجن ۔
tumefy,سوجنا ـ پھولنا ـ ورم آنا ـ غرور سے پھول جانا
tumescence,ہلکی سی سوجن ۔
tumescent,قدرے متورم
tumid,لفاظي والي عبارت ـ سوجا هوا ـ ابھرا هوا
tumidity,ورم ۔ سوجن ۔
tumidness,لفاظي
tummy,بچوں کي زبان ـ پيٹ
tumour,گومڑا ـ سخت ابھارا ـ گلٹي
tumtumtum,ستار ـ پچ تارے يا اکتارے کي آواز ـ تم تم تنا تم تم
tumult,هنگامه ـ شورش ـ بلوه ـ دنگا ـ شور و غوغا ـ بے چيني
tumultuary,شورش پسندانه ـ شورش پسند
tumultuous,پر شور ـ فتنه انگيز
tumultuousness,هنگامه خيزي
tumulus,اونچي قبر جس کے نيچے کوئي عمارت بني هوئي هو
tun,شراب کا بڑا پيپا ـ شراب کا حوض
tunable,سر ملانے کے قابل
tund,سونٹے مارنا ـ ڈنڈے مارنا
tundish,شراب کي قيف
tundra,قطب شمالي کا ميدان جس ميں کاٹي اگتي هے
tune,سر ـ لے تان ـ نغمه ـ هم آهنگي
tuneable,سريلا
tuneful,سريلا
tunefulness,سریلا پن ۔
tuneless,بے سرا ـ بے آهنگ
tuner,سر ملانے والا
tuneup,گانا بجانا شروع کرنا
tungsten,ايک کمياب دھات
tunic,کرتا ـ کرتي ـ نيم آستين ـ کھال ـ پوست
tunicate,غلافي ـ غلاف پوش
tunicle,پادري کا چھوٹا کرته ـ اسقف کا کرتا
tuning,سر ملانا ـ ساز درست کرنا
tuningcrook,سر ٹھيک کرنے کي کنجي
tuninghammer,پيانو کے پردے کسنے اور ڈھيلا کرنے کا آله
tunnel,زمين دوز راسته ـ سرنگ
tunneler,سرنگ کھودنے والا
tunny,سرمئي کي طرح ايک بڑي مچھلي
tuny,زور دار لے کے ساتھ ـ لے کي بلندي کے ساتھ
tup,مينڈھا ـ دخاني هتوڑے کا سرا
tuque,الزامي جواب تم بھي ته ايسے هي هو
tuquo,الزامي جواب تم بھي تو ايسے هي هو
turban,سر بند ـ پگڑي ـ دستار ـ عمامه
turbaned,صافه باندهے هوئے ـ پگڑي ميں عمامه پوش
turbid,میلا ۔ گدلا ۔ مکدر ۔ پریشان ۔
turbidly,گدلے پن سے ـ تکدر سے
turbinate,لٹو کا سا ـ لٹو کي شکل کا
turbination,لٹو کي طرح گھومنا ـ چکر کھانا
turbine,چکر کھانے والی مشین ۔
turbit,ايک چتکبرا پالتو کبوتر
turbot,ايک بڑ
turbulence,سر کشي ـ شورش ـ هنگامه
turbulent,پر شور ـ پر آشوب ـ مواج
turco,فرانسيسي فوج کا الجزائري سپاهي
turcophil,ترک دوست
turcophobe,ترکوں سے ڈرنے والا
turd,پاخانے کا لينڈا
turdine,چپے کي قسم کا ـ چپے کي وسم کا ايک پرنده
tureen,شوربه کي گهري قاب ـ شوربه کي قاب
turf,گھاس کي زمين ـ گھاس کي قطعه ـ دوب تخته
turfite,گھڑ دوڑ کا
turfman,گھڑ دوڑکا شوقین ۔
turfy,گھاس کا طرح کا
turgenscence,ورم ۔ آماس ۔ سوجن ۔
turgescence,ورم ۔ سوجن ۔
turgescent,پھولا هوا ـ مبالغه آميز
turgid,سوجا هوا ـ پھولا هوا ـ شوکت الفاظ کا
turgidity,آماس ۔ سوجن ۔
turk,ترک ـ ترکي کا باشنده
turkey,ايک قسم کا مرغ ـ فيل مرغ
turkeystone,فيروزه ـ ايک ناياب پتھر
turkish,ترک کا ـ ترکي کا
turkishbath,گرم بھاپ کا غسل
turkism,ترکي هونا ـ اسلاميت
turkoman,ترکمان ۔ ترکمانی قبیلہ کا رکن ۔
turmeric,هلدي ـ زرد چوپ
turmoil,هل چل ـ کھلبلي ـ هنگامه ـ پريشاني
turn,پھرانا ـ گھمانا ـ چکر دينا ـ رخ بدلنا ـ موڑنا ـ پھيرنا
turnable,پھرانے کے قابل ـ موڑنے کے قابل
turnabout,چوراها ـ موڑ
turnary,خراد کا کارخانه
turncoat,غدار
turncock,وه شخص جو پاني کا نل کھولتا اور بند کرتا هے
turndown,تجويز رد کرنا
turner,خراد پر کام کرنے والا ـ لوٹن کبوتر
turning,چکر ـ گردش ـ موڑ
turningpoint,نقطه عروج ـ نقطه تغير ـ نقطه انقلاب
turnip,شلجم
turnipy,شلجم کي طرح
turnkey,پاني چھوڑنے کا چوکيدار ـ کليد بردار
turnoff,بند کرنا
turnpike,روک چرخ ـ روک پھاٹک
turnturk,صدي هو جانا ـ مسلمان هو جانا
turpentine,تاڑپين کا تيل ـ تاڑپين کا تيل ملنا يا لگانا
turpitude,بدطينتي ـ خباثت ـ کمينگي ـ بد نفسي ـ بدي
turpnetive,تاڑپين کا
turquoise,فيروزه
turrented,مينار دار ـ برج دار
turret,کنگره ـ برج
turtle,کچھوے کا شکار
turtledove,کهلک ـ جنگي فاخته
turtler,کچھوے کا شکاري
turtling,کچھوے کا شکار
tuscan,ٹسکنی کا باشندہ ۔ ٹسکنی زبان ۔
tush,چھي ـ هش
tusk,هاتھي ـ سور کا دانت
tusker,لمبے دانتوں والا هاتھي يا جنگلي سور
tusky,لمبے نوکيلے دانت والا
tusser,موٹا ريشم کا کپڑا ـ ٹسر
tussle,لڑائي ـ گتھم گتھا
tussock,گھاس کا گھچا ـ بالوں کي لٹ
tussocky,گچھے دار
tut,کانوں ميں مزدوري کرنا
tutelage,حفاظت ـ سرپرستي ـ نگراني
tutenage,جست کي مخلوط دھات
tutor,اثاليق ـ گھر پر پڑھانے والا معلم ـ دلي ـ سرپرست ـ تعليم دينا
tutorage,ولايت ـ نگراني
tutorship,اثاليق کا منصب اور کام
tutsan,ايک بوٹي جو زخموں کے اندمال کے ليے مفيد هے
tutti,سب ملکر
tuttuttut,چھي ـ هٹ ـ پشت ـ چھي چھي چھي
tuwhit,الو کي آواز ـ الو کي طرح بولنا
tuxedo,کھانے کا چھوٹا کوٹ ـ جيکٹ
tuyere,بھٹي کي هوا کا مخرج
twaddle,لاحاصل باتيں کرنا ـ مهمل گفتگو
twaddler,بکواس کرنے والا
twain,دو ـ دو شخص يا چيزيں
twang,شکست تار کي آواز ـ جھنکار
twangle,جھنکارنا ـ جھن جھن کرنا
twangler,جھنکارے والا
tweak,جھٹکا دے کر کھينچنا ـ مرروڑنا ـ چال ـ گر
tweed,کھردار ـ اوني کپڑا
tweedee,وه سارنگے جن ميں برائے نام فرق هو
tweedle,سارنگي کي سي آواز
tweedom,وه جو ايک هي طرح بجائيں
tweeny,وه خادمه جو دوسري خادماؤں کي زبردست هو
tweet,چھوٹي چڑيا کي آواز ـ چوں چوں کرنا ـ چهچهانا
tweezer,نک چونٹي ـ مچا
twelfth,بارهواں
twelve,باره
twelvemonth,باره مهينے
twentieth,بيسواں
twenty,بيس
twentyfold,بيس گناه
twice,دو بار ـ دو دفعه
twiddle,بے سود کام کرنا ـ انگلي پر گھمانا ـ تفريحا گھمانا
twiddler,بے سود کام کرنے والا
twig,ڈالي ـ شاخ ـ اکھوا ـ شريان کي شاخ ـ مشاهده کرنا ـ کسي بات کا مفهوم سمجھنا
twigged,بيوتي کيا هوا ـ شاخيلا ـ شاخدار
twiggy,بهت سي شاخوں کا
twigless,بے سود کام
twilight,شام کا جھٹ پٹا ـ دھندلکا
twilightsleep,چگي کا نيا طريقه جس ميں زچه کو تکليف نهيں هوتي
twill,سوتي کپڑا جس ميں بناوٹ کي لکيريں نماياں هوتي هيں
twin,توام ـ جڑواں ـ دو بچے ـ جوڑ دينا
twinborn,جڑواں پيدا هونا
twine,ستلی ۔ ڈوری ۔ بان ۔ ٹوٹن ۔
twiner,ايک بلدار پودا
twining,دو جڑواں بچوں ميں سے ايک
twinkle,چمکنا ـ دمکنا ـ ٹمٹمانا
twinkler,چمکنے والا
twinkling,جھلک ـ چمک
twinship,جڑواں هونا
twirl,گھمانا ـ چکر دينا ـ جلدي جلدي پھرانا ـ قسم کي کشش
twirler,گھمانے والا
twist,بل دينا ـ ملا کر بٹنا ـ گيند کا مڑنا ـ ڈوري ـ دھاگا ـ رسي
twistable,موڑنے کے قابل
twister,ران کا بالائي حصه ـ پٹھا ـ شهتير ـ موڑ توڑ کرنے والا
twit,طعنه دينا ـ ملامت کرنا
twitch,جھٹکا دے کر کھينچنا ـ چھين لينا ـ پکڑ کر کھينچنا ـ پھڑکانا ـ پھڑکنا
twitcher,چھين لينے والا
twitter,چوں چوں کرنا ـ آهسته آواز نکالنا
twittingly,طعنه زن هو کر ـ ملامت کرتے هوئے
two,دو کا عدد
twodecker,دع توپوں والا جنگي جهاز
twoedged,دو دھاري
twofaced,دغا بازي ـ دو رخا
twofold,دگنا
twoness,دو هونا ـ دونيت ـ دوتي
twosome,دو آميوں کا ناچ يا کھيل
tyburn,لندن شهر کا تاريخي مقام جهاں پھانسي کي سزا دي جاتي هے
tycoon,لقب جو غير ممالک والے جاپان کے سپه سالار کے ليے استعمال کرتے هيں
tylopod,اونٹ کي طرح کے گدي دار پير والے
tylosis,پپوٹوں کورم
tympan,ڈھول کي طرح کا کوئي باجا
tympanic,پردے کا
tympanites,نفخ شکم ـ پيت کا پھولنا
tympanitis,کان کے پردے کا ورم
tympanum,کان کا پردہ ۔ درمیانی کان ۔
typanist,ڈھول يا تاشه بجانے والا
type,مثال ـ نمونه ـ تمثيل ـ چھاپ ـ نقشه ـ تائپ کرنا
typeable,تائپ کرنے کے قابل
typewriter,لکھنے کی مشین ۔
typewritten,تائپ کيا هوا
typhiodfever,ميعادي بخار
typhoid,موتي جھيرا ـ ميعادي بخار
typhoidconditio,اضمحال ـ بے حد ضعف کي حالت
typhomania,هذيان جو ٹائفس کي علامت هو
typhonic,طوفاني
typhoon,طوفاني هوا ـ آندھي
typhous,ميعادي بخار کا سا
typhus,ايک قسم کا ميعادي بخار جس ميں سرخ دانے نکلتے هيں
typic,باري کا ـ ميعادي
typical,نمونه کا ـ مثالي ـ آنے والے واقعه کي خبر دينے والا ـ علامت يا نشان ظاهر کرنے والا
typification,مثال کے طور پر پيش کرنا
typify,نشانهونا ـ نمونه بنانا
typist,تائپ کرنے والا
typographer,طبع کرنے والا ـ فن طباعت کا ماهر
typographic,چھپائي کے متعلق
typography,چھپائي ـ فن طباعت
tyrannic,جابرانه ـ جابر ـ ظالم
tyrannicalness,جبر و استبداد
tyrannicide,ظالم کا قائل ـ ظالم کشي
tyrannize,تشدد کرنا ـ ظلم کرنا
tyrannizer,تشدد کرنے والا ـ ظلم کرنے والا
tyrannous,استبدادي ـ جابرانه
tyrant,مردم آزاد ـ ظالم
tyre,تھکانا ـ تھک جانا
tyro,نو آموز
tyrolienne,آسٹرليا کے کسانوں کا ناچ
tyrotoxicon,ايک قسم کا زهر جو پنير ميں پيدا هوتا هے
tyrrany,ظلم ـ جبر ـ تشدد
tzar,شهنشاه روس
tzardom,شهنشائيت
tzetze,افريقه کي ايک زهريلي مکھي
