u,انگريزي حروف تھجي کا اکيسواں حرف
ubiety,کسي معين مقام پر موجود هونا ـ تعين مقام
ubiquitarian,حضرت عيسي® کے هر جگه موجود هونے کا ماننے والا
ubiquitarianism,حضرت عيسي® کے هر جگه موجود هونے کا عقيده
ubiquitous,هر جگه موجود ـ حاضر و ناظر
ubiquitousness,هر جگه موجود هونا
ubiquity,هر جگه موجود هونے کي صفت
ubisupra,مذکوره بالا مقام
udal,کس کا کوئي بالا نه هو ـ ايک عرصے تک کسي علاقه پر قبضه رکھنے کے بعد وه شخص اس کا مالک هوجاتا هے ـ جاگيرانه ـ مالکانه
udder,تھن ـ پستان
udderless,بے تھن کا
udometer,مقياس المأ ـ دودھ اور پاني کي مقدار معلوم کرنے کي پيمانه
uganda,يوگينڈا
ugandan,يوگينڈا کے باشندے
ugh,اظهار نفرت کے موقع پر
uglify,بد شکل کرنا ـ شکل بگاڑ دينا
uglily,معيوب طريقے سے ـ بد نمائي سے
ugliness,بھونڈا پن ـ بد صورتي
ugly,بد صورت ـ بد شکل ـ مکروه
ugrian,فنبشي اور ميگياري قوم کا
uhlan,پروشيا کے نيزه بردار سوار
ukase,حکومت روس کا جابرانه فرمان
ukraine,يوکرين ايک مالک کا نام
ukrainian,يوکرين کے باشندے
ukulele,چوتاره باجا
ulcer,ناسور ـ کھلا زخم ـ اخلاقي ناسور
ulcerable,جس ميں ناسور پڑ سکتا هو
ulcerate,ناسور هو جانا ـ قرحه بن جانا ـ فاسد ماد ه پيدا کر دينا يا هوجانا
ulceration,قرحه بن جانا
ulcerative,ناسور ڈالنے والا
ulcered,ناسوري ـ قرحه دار
ulcerous,ناسوري ـ قرحه دار
ulcerousness,قرعه پڑا هوا هونا ـ ناسوري هونا
ulema,علما ـ علمائے دين
uliginous,دلدلي ـ گدلا ـ ميلا
ulitis,مسوڑھوں کي سرجن اور سوزش
ullage,کمي ـ وه مقدار جس سے پيپا بھر سکے ـ مقدار ميں کمي
ulna,هاتھ کي بڑي هڈي
ulnar,زندا سفل کا
ulosis,مسوڑے کا زخم ـ زخم بن جانا
ulotrichan,اون جيسے نرم بالوں والا ـ اس نسل کا انسان جس کے بال نرم اور گھونگھر والے هوتے هيں
ulster,لمبا کوٹ جس ميں بيچ ميں کمر کيلئے تسمه يا پيٹي لگي هو
ulterior,دور کا ـ زياده دور کا
ulteriorly,برے ارادے سے ـ آگے چل کر ـ در پرزه
ultima,لفظ کا آخري ـ بعيد
ultimate,آخري ـ انتهائي ـ بنيادي ـ اصلي
ultimatecause,آخري سيب ـ سيب بالائے اسباب
ultimately,آخري طور پر ـ آخر کار
ultimateness,اوليت
ultimatum,آخري شرط ـ آخري بات ـ آخري نتيجه
ultimo,ماه گزشته ـ پچھلا مهينه
ultimogeniture,سب سے چھوٹے لڑکے کي وراثت
ultra,بيش تر ـ حد سے زياده
ultraism,انتيها پسندي
ultraist,انتها پسند شخص
ultramarine,دريا پار ـ سمندر پا رکا
ultramontane,پهاڑوں کے پريکا ـ اطالوي
ultramotivity,اپنے آپ حرکت کرنيکي قوت
ultramundane,آخرت کا ـ آخروي
ultraviolet,بالائے بنفشي
ultravires,خارج از اختيار
ulutate,چينخنا ـ الو کي طرح بولنا
ulutation,چينخ و پکار  ـ فرياد
umbel,ايک چھتري دار پھول
umbellar,چھتر کا سا ـ چھتر دار
umbellate,چھتر نما
umbellete,چھتري
umbelliferous,چھتر کا سا
umbellub,چھوٹي سي چھتري
umber,ايک گهرے رنگ کي مٹي ـ ايک قسم کا کوئله
umbery,بھورا ـ سياهي مائل ـ امبري
umbilical,نانهالي ـ ناف کي شکل کا
umbilicalcord,بچه کي نال
umbilicate,ناف نما ـ ناف کي شکل کا
umbilication,ناف کي شکل کا گڑھا
umbilicular,ناف کا ـ نانهالي
umbilicus,ناف کي شکل کا گڑھا
umbiliferous,ناف دار
umbiliform,ناف نما ـ ناف کي طرح کا
umbles,هرن کي آنتيں دل گرده وغيره
umbo,ابھرا يوا درمياني حصه ـ ڈھال کے پھول
umbonate,گھنڈي دار ـ گانٹھ دار
umbonic,ابھرے هوئے پھول کا
umbonical,ابھرے هوئے پھول کا
umbra,سايه ـ گرهن ـ سورج کاداغ ـ طفيلي مهمان
umbrage,خفگي í سايه ـ تاريکي ـ چھاؤں
umbrageous,خفا ـ آزرده ـ تاريک ـ دھندلا ـ سايه دار
umbrella,چھتري چھاتا ـ چھتر ـ آفتاهي
umbrellad,چھتري دار
umbrellastand,چھتري کھڑي کرنيکي تپائي
umbrellatree,منگوليا کا ايک درخت جس کي پتياں چھتري کي سي هوتي هيں
umbrian,اٹلي کے شهر کا باشنده يا زبان
umbriferous,چھتر دار ـ سايه دار
umlaut,اماله جو حرف علت پر لگاتے هيں
umpirage,امپائري ـ ثالثي
umpire,ثالث ـ امپائر ـ ثالث کے فرائض انجام دينا
umpirship,ثالثي  ـ امپائري
umpteen,بول چال کئي ـ بھت سے ـ بے شمار
un,نفي کے معنوں ميں
unabashed,بے باک ـ بے حجاب ـ بے شرم
unabashedly,بے شرمي سے
unabated,بلا تخفيف
unabinding,غير مستقل ـ ناپائدار
unable,بے بس ـ لاچار
unabridged,بلا اختصار
unabsorbable,جو جذبه نه هو سکے ـ ناقابل انجذاب
unabsorbed,جذب نه هونا
unabsorbent,جو جذب نه  کر سکے í غير جاذب
unaccented,بلا روز دے هوئے
unaccentuated,جس پر زور نه ديا گيا هو
unacceptable,ناقابل قبول
unacceptance,نامنظور
unaccepted,نامنظور کرنا
unaccommodating,بے لحاظ ـ بے مروت
unaccompanied,اکيلا ـ تنها
unaccomplished,بے هنر ـ ناتمام
unaccountable,جس کي توضيع نه هو سکے
unaccounted,توضيع نه هونا
unaccredited,غير معتبر
unaccustomed,غير مانوس ـ خلاف معمول
unachievable,جس ملنا ناممکن ـ ناقابل حصول
unacknowledged,جس کا جواب نه آئے
unacquainted,نآشنا ـ نا معلوم
unacquirable,جو مل نه سکے
unadaptable,ناقابل مطابقت ـ جس کي صلاحيت نه هو
unadapted,صلاحيت نه هونا
unadjustable,غير تصفيه شده
unadjusted,ناقابل مطابقت
unadministered,بے انتظام ـ جو استعما ل ميں نه هو
unadmired,جس کو کوئي پسند نه کرے
unadmonished,جس کو شرزنش نه کي گئي هو
unadorned,غير آراسته
unadulterate,بے آميزش ـ بے ميل
unadvantageous,بے فائده
unadventurous,بے مهم جو ـ بے امنگ
unadvisable,ناقابل عاقبت انديشانه
unadvised,ناعاقبت انديشانه
unaffable,کج خلق ـ بے مروت
unaffected,بے تصنع ـ سيدھا سادا
unaffectedly,بے تصنعي سے
unafraid,بے خوف ـ نڈر
unaggressive,صلح پسندانه ـ بے ضرر ـ تشدد سے خالي
unaided,بے مدد گار ـ بے حمايت
unaimed,بے مقصد ـ بے فائده
unalarmed,بے خوف ـ خطرے کے احساس سے خالي
unalike,پسند نه کرنا
unallotted,غير سپرد شده
unallowable,جس کي اجازت نه دي جاسکے
unalloyed,کھرا ـ خالص ـ بيميل
unalterable,ناقابل تغير ـ اٹل ـ ناقابل تبديلي
unambiguous,غير مهم ـ واضع
unambitious,غير ترقي پسند ـ تمنا سے عاري
unamenable,جو اثر قبول نه کرے
unamendable,ناقابل اصلاح ـ نا قابل ترميم
unamiable,بے مروت ـ کج خلق
unamrican,امريکي خصوصيات اور روايات کے خلاف
unamusing,غير دلچسپ
unanimated,بے جوش ـ بے امنگ ـ بے ولوله
unanimous,متفق االرائے
unanimously,متفقه طور پر ـ يک زبان هو کر
unanswerable,ناقابل ترديد ـ لاجواب
unanswered,بے جواب
unanticipated,غير موقع ـ اچانک
unapocryphal,بلا اجازت ـ غير مستند
unappealable,جس کے خلاف مرافعه نه هو سکے ـ ناقال اپيل
unappeasable,جو فرو نه هو ـ جس کي تسکين نه هو سکے
unappeased,فرو نه هونا
unappetising,بے ذائقه ـ جس سے خوشبو پيدا نه هو
unappetizingly,بے ذائقه پن سے
unappointed,تعين نه کرنا ـ بھرتي نهيں کرنا
unappreciated,جس کو پسند نه کيا گيا هو
unappreciative,بے قدري ـ ناقدري کا
unapprehensive,بے خوف
unapprised,جس کي پهلے سے اطلاع نه هو ـ بے اطلاع
unapproachable,جس تک يا جهاں رسائي نه هو سکے ـ ناآشنا
unappropriated,غير خرچ شده
unapproved,ناپسنديدگي کا ـ ناپسند
unapproving,ناپسنديدگي کا
unarmed,بے هتھيار کے ـ غير مسلح
unarmoured,بے زره بکتر
unashamed,بے شرم ـ غير نادم
unasked,بغير دريافت کيا هوا ـ بے پوچھا گچھا
unaspiring,قناعت پسند
unassailable,جس پر حمله نه هوسکے
unassignable,ناقابل تفويض ـ جس کے حوالے نه کيا جاسکے
unassigned,بے مواونت
unassisted,بے معاونت
unassuming,ساده مزاج
unattackable,مستحکم
unattainable,غير ممکن الحصول
unattended,جس پر کوئي توجه نه هو ـ تنها
unattested,غير مصدقه
unattracted,جو حسين نه هو
unattractive,جس پر دلکشي نه هو
unauthentic,غير مصدقه
unauthorized,ناجائز ـ بے سند
unavailability,غير دستياب
unavailable,غير دستياب ـ دسترس سے باهر
unavailing,بے فائده
unavenged,جس کا انتقام نه ليا گياهو
unavoidable,اٹل ـ جس سے بچنا مشکل هو
unaware,لاعلم ـ بے خبر
unawareness,يکايک ـ بے خبري سے
unawares,يکا يک ـ ناگھاں
unbag,تھيلے سے نکالنا
unbalance,تواشن خراب کرنا ـ توازن ميں خلل ڈالنا
unbear,برداشت نه کرنا
unbearable,ناقابل برداشت
unbeatable,ناقابل شکست
unbeaten,غير مغلوب ـ ناقابل شکست
unbeautiful,غير دلکشي ـ بے حسن ـ بد صورت
unbecoming,ناسزا ـ ناموزوں
unbecomingly,نامناسبت سے
unbefitting,ناموزوں
unbefriended,بے يارو مددگار
unbelief,يقين نه کرنا
unbelievable,ناقابل يقين
unbeliever,يقين نه کرنے والا
unbelieving,جو نه مانے ـ جوايمان نه لائے
unbeloved,ناپسند
unbelt,پيٹي کھولنا
unbend,خم نکالنا ـ سيدھا کرنا ـ بے تکلف هو کر بيٹھنا
unbending,جو نه جھکے
unbiase,بے تعصب بے غرض
unbiased,بے تعصب
unbind,رهائي دينا ـ رها کرنا  ـ کھولنا
unbinding,نه جھکنے والا ـ اکڑ باز
unbleached,جو دھو کر صاف نه کيا گيا هو ـ ميلا
unblemished,بے نقص ـ بے داغ ـ بے عيب
unblest,کم بخت ـ بد نصيب ـ رحمت خداوندي سے محروم
unblushing,بے شرمي کا ـ بے شرم
unblushingly,بے حيائي سے
unbolt,دروازه کھولنا
unboot,جوتے اتارنا
unborn,نازائده ـ جو ابھي هيں پيدا هواا
unbosom,حال دل کا اطهار کرنا ـ اپنے خيالات کا اظهار کرنا
unbraiding,رشوت نه دينا
unbranded,بے ضبط ـ  بے روک ٹوک
unbreakable,جسے نا توڑا جا سکے
unbred,نا تربيت يا فته ـ اجڈ
unbribable,جسے رشوت نه دي جاسکے
unbridle,آزاد کر دينا ـ لگام نکال دينا
unbridled,بے ضبط ـ بے روک ٹوک ـ بے لگام
unbridledly,بے ضبطگي
unbrotherly,نا مهر باني سے ـ غير برادرانه
unbuckle,تسمه کھول دينا
unburden,بوجھ اتارنا
unburdoned,جس پر بوجھ نه هو ـ فکروں سے آزاد
unbusinesslike,غير تاجرانه ـ کاروباري اصول کے خلاف
unbutton,نوتام کھولنا
uncage,پنجرے سے نکالنا
uncalled,غير مدعو ـ بے بلايا هوا
uncalledfor,بلا ضرورت ـ بے تکا ـ گستاخانه
uncanny,غير طبعي ـ پر اسرار
uncarpeted,بے فرشي
unceasing,دائمي طور پر
unceasingly,مسلسل
unceremonious,غير رسمي
unceremoniously,غير رسمي طور پر
uncertain,غير يقيني
uncertainly,غير يقيني طور پر
uncertainty,غير يقيني هونا
unchain,زنجير کھول دينا
unchallengeable,ناقابل تغير
unchallenged,جس کو للکار نه گيا هو
unchangeable,جس ميں تبديلي نه يو سکے
unchanged,تبديلي نه هونا
uncharitable,سنگدل ـ تنگ دل
unchaste,جو پاک دامن نه هو ـ بے عصمت
unchastened,بے ضبط ـ جس کي نفس کي صفائي نه هوئي هو ـ بے تزکيه
unchievable,جسکا ملنا  ناممکن هو
unchivalrous,غير شجاعانه
uncial,بڑے حروف کي تحرير
uncivil,بے مروت ـ کج خلق
uncivilized,غير مهذب ـ اکھڑ
uncle,باپ يا ماں کا بھائي ـ ماموں ـ چچا ـ تايا
unclean,ميلا ـ گندا ـ ناپاک
unclesam,امريکي حکومت
uncleship,چچا يا ماموں کارشته
unclothe,کپڑے اتار دينا
uncock,بندوق کا گھوڑا گرنا
uncoil,کنڈي کھولنا ـ لچھي کھولنا
uncolored,ساده ـ بے رنگ
uncomely,نازيبا ـ بد صورت
uncomfortable,بے آرام
uncomfortably,بے چيني
uncommercial,غير تجارتي ـ خلاف اصول تجارت
uncommon,غير معمولي
uncommunicative,خاموش ـ کم گو
uncompanionable,غيرملنسار ـ ناقابل صحبت
uncomplaining,شکايت نه کرنے والا
uncomplaisant,کج خلق ـ بے مروت
uncompleted,نامکمل
uncomplicated,واضع ـ صاف
uncomplimentary,گستاخانه
uncompromising,مصالحت نه کرنے والا
unconcern,نے پروائي ـ اطمينان
unconcerned,بے پروا ـ بے تعلقي
unconcernedly,بے پروائي سے
uncondemened,جو ملزم نه ٹھرايا گيا هو
unconditional,قطعي ـ غير مشروط
unconfirmed,غير مصدقه
unconformable,تصديق نه هونے کے لائق
uncongenial,ناموافق ـ خلاف مزاج
unconnected,بے ربط ـ بے جوڑ
unconquerable,جو مغلوب نه هوسکے
unconscientious,بے احساس ـ بے اصول
unconscionable,غير انساني
unconscious,غافل ـ بے هوشي
unconsciously,غفلت سے
unconsciousness,بے هوشي ـ بے خبري
unconsumed,جواستعمال نه کيا گيا هو
uncontaminated,خالص ـ پاک
uncontemplated,غير متوقع ـ بلا غور و خوض
uncontradicted,جس کي ترديد نه کي گئي هو
uncontrollable,جس کو قابو ميں نه رکھا جا سکے ـ بے قابو ـ سر کش
uncontrolled,آزاد ـ بے قابو
uncontroversial,بے نزاع بلا اختلاف
unconventional,خلاف رواج
unconversant,بے خبر ـ بے اطلاع
unconverted,جو بدلا نه هو
unconvinced,جو قائل نه هوا هو
uncork,بوتل کي کارگ کھولنا
uncorrupted,جو بگڑا نه جائے
uncountable,بے شمار ـ ان گنت
uncounted,بے شمار
uncourtly,بے مروت ـ کج خلق
uncouth,بے هنگم ـ بھونڈا
uncouthly,بے هنگم طريقے سے
uncouthness,اجڈا پن ـ انوکھا پن
uncovennated,بے قول و قرار ـ غير موعود
uncover,سر پوش الگ کرنا ـ ظاهر کرنا ـ کھولنا
uncoveted,جس کي خواهش نه هو ـ غير مرغوب
uncreated,ناآفريده ـ جوهميشه سے هو
uncrown,بادشاه کو معزول کرنا
uncrowned,جس کي رسم تاج پوشي ادا نه کي گئي هو
unction,پاک روغن کي مالش ـ پاک روغن
unctuous,مصنوعي جوش يا رقت کا ـ چرب ـ چکنا
unctuousness,خوشامد ـ چکناهٹ  ـ جوش
uncultivable,ناقابل کاشت
uncultivated,غير تربيت يافته
uncultured,غير متمدن
uncurl,هپيچ کھولنا ـ بل نکالنا
uncurtailed,پورا پورا ـ جس کي کوئي کمي نه کي گئي هو
uncushioned,جس پر گدے نه هوں ـ بے گدوں کا
undamaged,سالم ـ صحيح نقصان سے محفوظ
undaunted,بلا خوف ـ  دلير
undauntedly,بے باکي سے
undeceive,اصل حقيقت ظاهر کرنا
undeceived,جس کو حقيقت معلوم هو گئي هو
undecidable,جسکا فيصله نه هوسکے
undecided,جو فيصله نه کرسکے
undecipherable,جو پڑھا نه جاسکے
undecorated,جسے نه سجايا هو
undefeated,دلير ـ نڈر ـ فاتح
undefiled,اچھوتا
undefinable,مسلمه ـ ناقابل انکار
undefined,جس کي تعريف نه کي گئي هو ـ مبهم
undeliverable,جو نه پهيچايا جاسکے
undelivered,جو پهنچايا نه گيا هو
undeniable,ناقابل انکار
undenied,ناقابل انکار
undenounced,کس پر کوئي الزام نه لگايا گيا هو
undependable,جس پر بھروسه نه کيا جاسکے ـ ناقابل اعتبار
undeplored,جس کو يادنه کيا جائے ـ جس کا ماتم نه کيا گيا هو
undepressed,جو بد دل نه هو ـ جو افسرده نه هو
under,نيچے
underact,اپنا پاٹ ناکافي طور پر ادا کرنا
underarm,کرکٹ ايسي گيند جو هاتھ نيچا رکھ کر پھينکي جائے
underbid,دوسرے سے کم دام کي بولي دينا
underbred,ناتربيت يافته ـ غير مهذب
undercharge,کسي چيز کي اصلي قيمت سے کم دام لينا
underclothes,جانگيا بنيائن وغيره ـ زير جامه
undercroft,زمين دوز کمره ـ چھپا هوا کمره
undercurrent,زمين کے نيچے يا سمندر کي گهرائي کا دھارا
undercut,گائے کي ران کا اوپر کا گوشت  ـ مکا جو نيچے سے اوپر کو مارا جائے
underdone,بغير پورا پکاهواـ بغيرسنکاهواـ کچي روٹي
underdoze,دوا کي ناکافي مقدار يا خوراک
underdrain,زمين دوز موزي
underdraw,نقشه يا تصوير ناقص يا نامکمل طور پر بنانا
underdress,بھت هلکا لباس پهننا
underestimate,کم اندازه لگانا ـ حقيقي خرچ کے کم تخمينه کرنا
underfeed,بھوکا رکھنا ـ ضرورت سے کم کھلانا
underfired,پوري طرح نه پکے هوئے کمهار کے برتن
undergo,سهنا ـ برداشت کرنا ـ اٹھانا ـ جھيلنا ـ قيد کرنا
undergraduate,جامعه کا وه طالب علم جس کو ابھي ڈگري نهيں ملي
underground,زمين دوز ـ زمين کے نيچے
undergrown,جس کي ماليدگي پورد طرح نه هوتي هو
underhand,خفيه ـ پوشيده ـ چھپوهوا
underlie,نيچے رهنا ـ سهنا ـ جھيلنا
underline,خط کشيده
underling,ماتحت  ـ زبر دست ـ چھوٹے درجے کا ملازم
underman,کسي کام پر ضرورت سے کم آدمي لگانا
undermentioned,مندرجه ذيل
undermine,سرنگ کھودنا ـ جڑ کاٹنا ـ تباه کرنا
undermost,سب سے نيچے کا
underneath,زير ـ نيچے ـ تلے ـ نيچے کا
underpaid,کام کے لحاظ سے کم اجرت پانے والے
underplay,تاش بھاري پتا رکھ کر هلکا پتا ڈالنا
underquote,دوسروں سے کم قيمت لگانا
underrate,اصل قيمت سے کم لگانا
underripe,ادھ پکا ـ گدرا
undersecretary,نائب معقد
undersell,اونے پونے بيچ ڈالنا
undershirt,بنيان ـ نيم آستينيں
undersigned,دستخطي
undersized,ٹھگنا ـ پسته قد
understand,سمجھنا ـ بوجھنا ـ مطلع کرنا ـ خير رکھنا ـ جاننا
understanding,مفاهمت ـ اتفاق رائے ـ فکر
understate,واقعه کو گھٹا کر بيان کرنا
understock,ضرورت سے کم مال رکھنا
understrapper,صيغه دار ـ معمولي ملازم
understudy,کار آموز ـ وه شخص جو يه به وقت ضرورت اداکار کا پارٹ کر سکے
undertake,اختيار کرنا ـ قبول کرنا ـ ذمه لينا ـ بيڑا اٹھانا
undertaker,تابوت تيار کرنے والا
undertaking,مهم ـ منصوبه ـ عزم
undertone,مدھم ـ هلکي آواز ـ دھيمي آواز
undervaluation,اصل قيمت سے کم دام لگانا
underwear,نيچے پهننے کے کپڑے
underwood,جھاڑي
underworld,عالم برزخ ـ عالم اسفل ـ پاتال
underwrite,بيمه کا خطره قبول کرنا ـ بيمه کي ذيلي  ذمه داري لينا
underwriter,بيمه کا کاروبار کرنے والا
undeserved,بلا استحقاق ـ ناحق
undeserving,نالائق ـ ناسزا
undesigned,بلا اراده
undesirable,نامر غوب  ـ ناورا ـ ناپسنديده
undesired,جس کي کوئي خواهش نه کرے
undetermined,مذبذب ـ غير متعين
undeterred,انجام سے بے پروا ـ نه رکنے والا
undeveloped,جس کو پوري طرح تيار نه کيا گيا هو
undies,اندر پهننے کے عورتوںکے کپڑے
undignified,هلکا ـ اوچھا
undiluted,غير تحليل شده
undine,ايک سمندري پري جس کو انسان سے شادي کرنے اور بچه پيدا کرنے کابعد روح انساني مل جاتي هے
undiplomatic,حکمت عملي اور موقع شناسي کے خلاف
undiscerning,موٹي عقل کا ـ بے بصيرت
undischarged,جو ادا نه هوا هو ـ جو ذمه داري سے بري نه هوا هو
undisciplinable,ناقابل تربيت يافته
undisciplined,نظم و ضبط سے عاري ـ ناتربيت يافته
undisclosed,جو ظاهر نه هوا هو
undiscoverable,ناقابل انکشاف
undiscovered,نامعلوم ـ ناديده
undiscriminatin,تميز سے محروم
undisguised,واضع ـ کھلا هوا
undismayed,جو هراساں نه هو ـ بے خوف
undisplayed,جس کي نمائش نه کي گئي هو
undisputable,مخالفت نه کرنے کے قابل
undisputed,جس ميں مخالفت نه هو
undissembled,صاف صاف ـ علانيه
undissolved,جو ختم نه هوا هو
undistributed,جو تقسيم نه هوا هو
undisturbed,مطمئن ساکن
undivided,غير تقسيم
undivulged,خفيه ـ سرپسته ـ جو ظاهر نه کيا گيا هو
undministered,بياانتظام ـ جو استعمال ميں نه هو
undo,بٹن يا بند کھول کرناـ  کئے هوئے کو مٹانا
undoing,تباهي ـ بربادي
undone,برباد ـ تباه
undoubted,يقيني ـ بلا شبه
undoze,لهريا ـ لهر دار
undress,کپڑے اتارنا ـ ننگا کرنا يا هونا
undressed,شب خواني ميں ـ گھڑ کے کپڑوں ميں
undrinkable,جو پينيکے قابل نه هو
undue,حد سے زياده ـ بے ضرورت
undulant,لهرانے والا ـ موجيں مارنے والا
undulate,لهريں لينا ـ لهرا کر چلنا
undulation,دل کي حرکت ـ لهر يا چال
undulationist,اس نظريه کو ماننے والا که روشني ايتھر کي لهروں کے ذريعے پھيلتي هے اور يه لهريں روشن جسم کے ذرات کي اندروني حرکت سے پيدا هوتي هي
undulatory,لهريا ـ لهر دار
undurable,جومضبوط نه هو ـ ناپائدار
undutiful,نافرض شناس ـ نافرمان
undying,لازوال ـ امر ـ لافاني
unearned,بے استحقاق ـ بے مشقت
unearth,کھود کر نکالنا
uneasy,مضطرب ـ بے چين
uneatable,جو کھانے کے قابل نه هو
uneaten,جوکھايا نه گيا هو
uneconomic,بے کفايت
uneconomical,بے اصول ـ غير کفايت شعارانه
uneducable,ناخواندگي کے قابل
uneducated,ناخوانده
unelected,جو منتخب نه هوا هو
unemotional,ضابط ـ جو جذباتي نه هو ـ جذبات سے عاري
unemphatic,جس ميں تاکيد يا زور نه هو
unemployable,کام نه ملنے کے قابل
unemployed,جس کو کام نه ملا هو
unemployment,بيکاري ـ بيروزگاري
unending,ختم نه هونے والا
unendowed,غير عطا شده ـ کسي صفت سے عاري
unendurable,ناقابل برداشت
unenforced,جس پر عمل درآمد نه هو
unenglish,انگريزي طرز معاشرت کے خلاف ـ غير انگريزي
unenjoyable,بے لطف
unenlightened,جو روشن خيال نه هو ـ تنگ نظر
unenterprising,جس کو بڑے کاموں کا حوصله نه هو
unentertaining,خشک ـ بے مزه ـ غير دلچسپ
unenthusiastic,جوش سے خالي
unenviable,جو قابل رشک نه هو ـ مشقت و محنت کا
unequal,چھوٹا بڑا ـ جو برابر نه هو
unequivocal,صاف ـ صريح
unercroft,زمين دوز کمر ه ـ چھپا هو ا کمره
unerhand,خفيه ـ پوشيده ـ چھپا هوا
unerring,ٹھيک ـ يقيني ـ بے خطا
unescapable,جس سے بچنا ممکن نه هو
unessential,غير لازمي ـ ضمني
unestablished,جو مستقل نه هو
uneven,کھردار ـ ناهموار
uneventful,غيرمعمولي واقعات سے خالي
unexampled,بے نظير ـ لاجواب
unexcelled,جس پر کوئي سبقت نه لے سکا ـ سب سے اعلي
unexceptionable,ناقابل اعتراض
unexpected,غير متوقع
unexpectedly,غير متوقع طور پر
unexperienced,نا تجربه کار
unexplored,نامعلوم ـ جس کو کوئي دريافت نه کيا گيا هو
unexpressed,غير مذکور ـ جس کو ظاهر نه کيا گيا هو
unfading,جو مٹ نه سکے ـ لازوال
unfailing,جو کبھي ختم نه هو
unfair,بے جا ـ ناواجب
unfaithful,نمک حرام ـ بے ايمان
unfaithfully,نمک حرامي
unfaithfulness,بے وفائي
unfamiliar,اجنبي ـ بيگانه ـ نامانوس ـ غير معمولي
unfashionable,عام رواج کے خلاف
unfasten,بند يا تسمه کھولنا
unfatherly,هدرانه شفقت کے خلاف
unfathomable,قابل فهم ـ انتهاه
unfavorable,خراب ـ نامهرباني
unfeather,پر نوچنا
unfeeling,نے رحم ـ سنگ دل ـ بے حس
unfeminine,عورتوں کے دستور کيخلاف
unfetter,رکاوٹيں دور کرنا ـ بيڑياں اتارنا
unfettered,آزادانه ـ آزاد
unfinished,ادھورا ـ ناتمام
unfit,ناقابل بنا دينا ـ ناکاره کرنا
unflagging,ڈھيلا يا سست نه هونے والاـ ان تھل
unflattering,غير خوشامدانه
unflinching,مصمم ـ پکا
unflinchingly,مصمم طور پر
unfold,آشکار کرنا ـ باڑا کھول دينا
unforeseen,غير متوقع
unforgettable,ناقابل فراموش
unforgivable,ناقابل معافي ـ ناقابل عفو
unforgiving,جو خطا بخش نه هو ـ معاف نه کرنے والا
unfortunate,بد نصيب
unfounded,سراسر غلط ـ بے بنياد
unfrequented,بے رونق
unfriendly,معاندانه ـ نامهر بان ـ بے مروت
unfruitful,لاحاصل ـ بانجھ ـ بنجر
unfulfilled,جو پورا نه هوا هو
unfurl,باديان يا پھريرا کھولنا
unfurnished,بے اسباب ـ بے ساز و سامان
ungainly,بھدا ـ بد شکل
ungallant,غير شجاعانه
ungarbled,صحيح ـ سچا ـ تعريفي
ungenerous,کم ظرف ـ تنگ نظر
ungenial,خشک ـ روکھا ـ ناموافق ـ غير صحت بخش
ungentle,بد تهذيب
ungentlemanly,غير شريفانه
ungild,خراب کر دينا ـ قلعي اتارنا ـ ملمع کرنا
ungodly,نا خدا ترس
ungovernable,سر کش ـ منه زور ـ بے لگام
ungraceful,بھونڈا ـ بھد اـ بد نما
ungracious,کج خلق ـ بيمهر
ungrudging,دل کھول کر ـ بخوشي
ungrudgingly,خوشي سے
ungual,ناخن دار ـ پنجه دار
unguarded,مخدوش ـ غير محتاط
unguardedly,بے سمجھے بوجھے ـ بد احتياطي سے
unguicular,سم کي شکل کا ـ پنجه نما
ungulate,سم والے جانور ـ سم دار
unhampered,بے روک ٹوک
unhandsome,بھونڈا ـ بد صورت ـ غير شريفانه
unhappy,بد قسمت
unharmed,صحيح و سالم
unharness,گھوڑے پر سے چار جامه اتار دينا
unhealthy,غير تندرست ـ بيمار
unheard,جو ناقابل قبول هو ـ ناشنيده
unheeded,جس پر توجه نه دي گئي هو
unheeding,توجه نه دينے والا
unhelpful,غير کا رآمد ـ مد د نه کرنے والا
unhesitating,بلا جھجھک ـ تيار ـ فوراً آماده
unhinge,دماغ ميں خلل پيدا کرناـ دروازے کو چول سے نکالنا
unhistoric,جو تاريخ سے ثابت نه هو ـ غير تاريخي
unholy,گناه گار ـ ناپاک
unhonored,بے عزت ـ بے عظمت
unhook,کھونٹي سے اتارنا ـ آنکڑے سے الگ کرنا
unhorse,گھوڑے الگ کر دينا ـ گھوڑے سے اترنا يا اتارنا
unhouse,مکان سے بيدخل کرنا ـ مکان چھين لينا
unhurt,بے ضرر ـ چوٹ سے محفوظ
unhusk,چھلکا يا بھوسه الگ کرنا
uni,سابقه بمعني ايک
unicameral,يک ايواني
unicorn,ايک افسانوي جانور جس کا جسم گھوڑيکا اور ايک لمبا سينگ هوتا يے
unicycle,ايک پهيه کي سائيکل
unidentifiable,جس کي شناخت نه کي جا سکے
unidentified,جس کي شناخت نه کي گئي هو
unification,سب مل کر ايک هوجانا ـ هم خيالي
uniflorus,يک گل ـ ايک پھول کا پودا
uniform,يکساں ـ هم شکل ـ برابر ـ يکساں رو
uniformity,ايک هي اصول کي پابندي ـ هم شکلي
uniformly,هموار طور پر
unify,متحد کرنا ـ ايک کرنا ـ يک رنگ اور هم خيال کردينا
unilateral,يک پهلو ـ يک رخي
unilateralleave,پتياں جو ڈنٹھل کے ايک طرف هوں
unillustrated,بے تصوير ـ بے توضيع
unimaginable,بعيد از قياس
unimaginative,بے تخيل
unimpeachable,ناقابل مواخذه ـ پاک دامن
unimportance,معمولي
unimportant,ادني ـ معمولي
unimposing,جو تعظيم و تکريم کا تقاضا نه کرے ـ بلا رعب
unimpressive,غير مؤثر ـ جو متاثر نه کر سکے
uninfluential,نهايت معمولي
uninformed,انجان ـ ناواقف ـ بے خبر
uninhabitable,ناقابل سکونت
uninitiated,ناواقف اسرارـ غير محرم
uninspired,غير الهامي ـ غير وجدائي
uninstructed,بے لکھا پڑھا ـ تعليم سے محروم
uninsured,جس کا بيمه نه کرايا گيا هو
unintelligent,جو ذهين نه هو ـ کند ذهن ـ غبي
unintelligible,جو ادراک سے بالاتر هو
unintentional,غير ارادي
uninteresting,بيمزه ـ غير دلچسپ ـ بے لطف
uninterestingly,غير دلچسپي سے
uninterpretable,جس کو تشريح نه هو سکے
uninterrupted,مسلسل ـ بلا توقف
uninvited,بے طلب
uninviting,بے کشش
uninvitingly,غير دلچسپي سے
union,اتحاد ـ جوڑ ـ ملاپ ـ موافقت ـ عقد ـ متحده جماعت
unionist,مزدوروں کي جماعت کا رکن
uniparous,پودا جس کا ايک تنا هو
uniped,جس کا صرف ايک پير هو ـ يک پايه
unique,بيمثال ـ يکتا
uniquely,بے مثال کے طور پر ـ يکتائي کي شان سے
uniqueness,نوالا پن ـ انوکھا پن
unirrigated,جس کي آب پاشي نه هوئي هو
unisexual,جو صرف ايک جنس والا هو
unit,اکائي ـ واحد ـ کئي چيزوں کا مجموعه
unitarian,تثليت کا مرکز ـ توحيد پرست ـ موحد
unitarianism,احديت ـ واحدانيت ـ توحيد پرستي
unitarianize,تثليت کو توحيد سے بدل دينا
unitary,اکائي کا ـ اتفاق کا ـ وحدانيت کا
unite,ايک کرنا ـ متحد کرنا ـ مل کر ايک ذات هو جا نا ـ هم خيال هونا
unitedly,متفقه طور پر
unitive,اتفاق پيد ا کرنے والي ـ متحد کرنے والي
unitize,کثرت ميں وحدت ديکھنا ـ کئي چيزوں کو ملا کر واحد قرار دينا
unitizm,يه عقيده کا کائنات ميں ايک هي قوت کارفرما هے اور مادے اور روح کي تفريق غلط هے
unity,توحيد ـ وحدانيت ـ واحد هونا
universal,عالمگير ـ آفاقي ـ کلياتي ـ کائناتي
universalism,نجات کل کا عقيده
universalist,وه جس کا عقيده يه هے کي آخرت ميں سب انسان نجات پاجائيں گے
universality,کليت ـ عموميت ـ آفاقيت
universalize,آفاقي قرار دينا ـ عمومي حيثيت دينا
universally,عالمگير ـ عام حيثيت سے
universe,جھان ـ عالم ـ دنيا ـ کائنات
university,جامعه ـ دارالعلوم ـ اعلي تعليم کا اداره
universologist,علم کائنات يا انسان کا ماهر
universology,عام عالم انساني ـ علم کائنات
univocal,ايک ممعني والا ـ ايک آواز والا
unjaundiced,بے تعصب ـ بے حسد
unjust,بے انصاف ـ بے جا ـ غير منصفانه
unjustifiable,جو بيجا اور نامنا سب هو
unjustly,ناانصافي سے
unjustness,ناانصافي
unkempt,الجھے هوئيبال جن ميں کنگھي نه کي گئي هوـ الجھي هوئي ـ پريشان
unkind,ظالم ـ بيدرد ـ ظالمانه
unkinder,ظلم کرنے والا
unkindly,بے دردي سے
unkindness,بے درد
unkink,سيدھا کرنا ـ بال نکالنا
unknot,گره کھولنا ـ گره نکالنا
unknowable,سمجھ سے بالاتر
unknowing,بيخبر ـ ناواقف
unknowingly,بيخبري سے
unknown,جس سے واقفيت نه هو ـ اجنبي ـ ناديده
unladylike,غير شريفانه ـ جو ايک شريف خاتون کے شايان شان نه هو
unlatch,پھرکي گھما کر دروازه کھولنا ـ بلي هٹانا
unlaw,غير قانوني
unlawful,ناجائز ـ خلاف قانون
unlawfully,غير قانوني طور پر
unlearn,پڑھا هوا بھلا دينا
unleash,کتے کي رسي يا زنجير کھول دينا
unless,اگر نه ـ جب تک نه ـ مگر ـ بغير
unlessanduntil,پر تکلف عبارت ميں لفاظي کے طور پر آتے هيں
unlettered,ادبي ذوق سے عياري ـ ان پڑھ
unlicked,غير تربيت يا فته ـ اجڈ
unlike,غير مشابه ـ غير اغلب
unlikely,غالبا ناممکن ـ غير اغلب
unlimited,بے اندازاه ـ وسيع
unlink,کڑي الگ کرنا ـ سلسله توڑنا
unload,بوجھ هلکا کرنا ـ مال اتارنا
unlock,دل کي بات کهه دينا ـ قفل کھولنا
unlovable,محبت نه کرنے کے قابل
unloving,محبت نه کرنے والا
unlucky,بے تکا ـ بد قسمت ـ بے نصيب
unmailable,جو بذريعه ڈاک نه بھيجا جا سکے
unmaintainable,جو قائم نه رکھا جا سکے
unmake,کتے هوئے کو مٹانا
unmanageable,جس کا انتظام نه کيا جا سکے ـ سرکش ـ بد لگام
unmanly,نامرد ـ بزدل
unmannerly,گنوار پن ـ بد تميزي
unmarketable,جو بازاروں ميں فروخت نه هو سکے
unmarriageable,جو شادي کے قابل نه هو
unmarried,غير شادي شده
unmask,نقاب هٹانا ـ قلعي کھولنا
unmatchable,لاثاني ـ لاجواب ـ بے نظير
unmatured,نا تجربه کار ـ خام ـ نيم رس شراب
unmelodious,بے لطف گانا ـ بے کيف
unmentionable,ناقابل بيان
unmerchantable,ناقابل فروخت
unmerciful,کٹھور ـ سنگدل ـبے رحم
unmerited,ناحق ـ بے جا
unmethodical,بے ترتيب ـ بے اصول
unmindful,بے پرواه ـ دھيان نه دينے والا
unmistakable,جس ميں غلطي نه هوسکے
unmodern,دقيانوسي ـ جديد طرز کے خلاف ـ قديم وضع کا
unmodified,جس ميں تبديلي نه هو ئي هو ـ بے تغير
unmolested,مزاحمت اور چھيڑ چھاڑ سے محفوظ هو
unmotherly,مادرانه شفقت سے بعيد ـ غير مادرانه ـ جس ميں ماں کا پيار نه هو
unmould,شکل يا ڈھانچه بدل دينا
unmusical,بے کيف ـ بے مزه
unmuzzle,زبان بندي سے آزادي دينا ـ جانور کے منه کا چھنکا اتارنا
unnamable,جس کا نام نه ليا جا سکے ـ ناقابل ذکر
unnameable,ناقابل ذکر
unnational,قوميت کے منافي ـ وطن کے منافي
unnatural,غير طبعي ـ خلاف فطرت
unnaturalized,غير زبان کے الفاظ جن کو اپنايا نه گيا هو
unnecessary,بے کار ـ فضول ـ غير ضروري
unnegotiable,جس ميں گفت شنيد کي گنجائش نه هو
unneighborly,همسائيگي کا لحاظ نه رکھنے والا
unnerve,همت پست کر دينا ـ چھکے چھڑا دينا
unnoticed,جس کا خيال نه رکھا گيا هو
unobjectionable,جس پر اعتراض نه هو سکے
unobliged,بيمروت
unobliging,بے مروت
unobtainable,ناممکن الحصول
unobtrusive,محتاط ـ کم آميز
unoffending,جو ناراض نه کرنے ـ بے آزار
unofficial,خانگي ـ غير سرکاري
unopposed,بلا مزاحمت ـ بلا مقابله
unorganized,بے نام ساخت کا ـ بے ترتيب
unorthodox,آزاد خيال ـ جو پرانے عقيده پر قائم نه هو
unostentatious,سيدھا ساده ـ بے تمکنت ـ بے کروفر
unpack,گٹھري کھول کر اسباب نکالنا 
unpaid,غير اداشده ـ بے تنخواه کام کرنے والا
unpalatable,نامرغوب ـ ناپسنديده
unparalleled,انوکھا ـ ناياب ـ لاثاني
unpardonable,ناقابل معافي
unparliamentary,آداب ايوان کيخلاف
unpatriotic,حب وطن کے معافي
unperceived,ان ديکھا ـ نظروں سے اوجھل
unpersuadable,جس کو ترغيب نه دي جاسکے
unpersuaded,ترغيب نه دينا
unpersuasive,غير دلکش
unperturbable,مطمئن کرنے والا
unperturbed,غير مضطرب ـ مطمئن
unphilosophical,فلسفه سے ناآشنا
unplanned,بے منصوبه
unplausible,جوبظاهار ناقابل قبول هو
unplayed,جو کھيلا گيا نه هو
unpleasant,ناگوار ـ ناپسنديده
unpleasantly,ناپسنديدگي سے
unpleasantness,ناپسنديدگي
unpleasing,بے لطف ـ ناخوشگوار
unplume,کلغي دور کر دينا
unpoetical,شاعرانه تخيل سے خالي
unpolished,بے صقيل ـ بے چمک ـ بے جلا
unpolitical,غير سياسي ـ جس کا سياست سے کوئي تعلق نه هو
unpolluted,پاک صاف ـ غير آلوده
unpopular,غير هر دلعزيز
unpracticable,ناقابل عمل
unpractical,جس پر عمل نه هو سکے
unprecedented,بے مثال ـ جس کي کوئي نظير موجود نه هو
unpremediated,بے ساخته ـ بے سوچا سمجھا
unprepared,جو تيار نه هو
unprescribed,جو شامل نصاب نه هو
unpretending,بيتصنع ـ حليم
unpretentious,بيتکلف ـ سيدھا سادا ـ منکسرانه
unpreventable,جو روکا نه جاسکے
unprincipled,بداطوار ـ جو کسي اصول کا پابند نه هو
unprized,جس کي قدر نه هوئي هو
unprocurable,جو دستياب نه هو سکے
unproductive,جو کچھ پيدا نه کرے ـ بنجر
unprofessional,بيروني ـ خارجي ـ غير پيشه وارانه
unprofitable,بيسود ـ غير نفع بخش
unprogressive,غير ترقي پسند ـ رجعت پسند
unpromising,جس کي ترقي کي توقع نه هو
unpropitious,ناسازگار
unprosperous,مفلس ـ تنگ دست ـ جو خوش حال نه هو
unprovoked,بغير اشتعال کے
unpunctual,جو اوقات کا پابند نه هو
unpunctuated,رموز اوقات سے خالي
unpunishable,جس کو سزا نه دي جا سکے
unpunished,جس کو سزا نه دي جا سکے
unqualified,نااهل ـ ناقابل ـ غير مشروط
unquenchable,ناقابل تسکين
unquestionable,ناقابل اعتراض ـ يقيني
unquestioned,جس پر کوئي شبه نه هو
unquotable,جو ناقابل ذکر هو
unravel,عقده حل کرنا ـ گتھي دورکرنا ـ سلجھانا
unread,جو پڑھا نه گيا هو
unreadable,جو پڑھا نه جا سکے
unready,جو تيار نه هو
unreal,خيالي ـ وهمي
unreason,بے عقلي
unreasonable,بيموقع ـ نا معقول
unrecallable,جو واپس نه بلايا جا سکے ـ جو منسوخ نه کيا جاسکے
unreckoned,جو شمار نه کيا گيا هو
unrecognizable,جو پهچانا نه جا سکے
unreconcilable,موافقت نه هونے کے قابل
unreconciled,جن ميں موافقت نه هو
unrecorded,جسے قلمبند نه کيا گيا هو
unredressed,جس کي تلافي نه کي گئي هو ـ بے تلافي ـ داد رسي سے محروم
unrefined,گنوار ـ غير مهذب
unreflecting,غور کرنے والا
unreflectingly,غير منعکس طور پر
unregistered,جسے رجسٹر ميں درج نه کيا گيا هو
unregretted,جس پر ندامت کا اظهار نه کيا گيا هو
unregulated,بے ضابطه ـ غير منظم
unrein,ضبط کي طاقت نه رهنا ـ لگام ڈھيلي چھوڑ دينا
unrelaxed,بے آرام ـ بلا سکون
unrelenting,بے رحم ـ سنگدل
unrelentingly,بے رحمي سے
unreliable,ناقابل اعتبار
unreligious,مذهب سے بيگانه
unremunerative,جس کي اجرت نه ملے
unrepentant,غير نادم ـ ناپيشمان
unreported,جس کي اطلاع نه دي گئي هو
unrepresentativ,غير نمائنده ـ جو کسي کي نمائندگي نه کرے
unresented,جس کا برا نه مانا گيا هو
unresisting,مزاحمت نه کرنے والا
unrespected,ذليل ـ بے توقير ـ جس کي عزت نه کي گئي هو
unresponsive,جو جواب نه دے ـ بے حس
unrest,بے چيني ـ بدامني ـ اضطراب
unrestrainable,ناقابل انسداد ـ جو روکا نه جا سکے
unrestrained,بے قابو ـ بے لگام
unrewarded,بے صله ـ بے اجر
unridable,جو سواري کے قابل نه هو
unrighteous,بد اعمال ـ فاجر ـ فاسق
unrighteousness,بد اعمال
unripe,کچا ـ خام ـ ناپخته
unrivet,کيل يا پيش نکال دينا
unrobe,خلعت لے لينا ـ کپڑے اتارنا
unromantic,رومان سے خالي
unroof,چھت اتارنا
unruly,متمرد ـ سر کش ـ منه زور
unsaddle,گھوڑے پر سيزين اتارنا
unsafe,غير محفوظ
unsaid,بے کها هوا
unsaintly,دنيا دار ـ جس ميں ولي کي صفات نه هوں
unsalted,بے نمک کا
unsanctioned,بلا اجازت ـ غير منظور شده
unsanitary,مضر صحت ـ ميلا ـ گنده
unsatisfactory,غير اطمينا ن بخش
unsay,اپنے الفاظ واپس لينا
unsayable,جو کهنے کے قابل نه هو
unscathed,ضررسے محفوظ
unscholarly,غير عالمانه
unscientific,علمي اصولوں کے خلاف ـ غير علمي
unscrew,پيچ ڈھيلا کرنا ـ پيچ نکالنا
unscrupulous,بے باک ـ آزاد ـ غير محتاظ
unseal,مهر توڑنا ـ مهر کر کھولنا
unseasoned,جو موسمي اثرات کو برداشت نه کر سکے
unseat,جگه سے هٹانا ـ رکنيت سے هٹانا
unseaworthy,بحري سفر کے ناقابل
unseeing,بے مشاهده
unseemly,ناشائسته
unseen,جو نظر نه آئے
unselfish,بے عوض ـجو خود غرض نه هو
unsentimental,غير جذباتي
unserviceable,جوکام کا نه هو ـ غير کارآمد
unsettle,سکون ميں خلل ڈالنا ـ پريشان کرنا
unshapely,بد صورت ـ بيڈول
unsheathe,نيام سے نکالنا ـ بے نيام کرنا
unshorn,جس کي اون نه تراشي گئي هو
unshut,جو بند نه هو
unsightly,بد نما ـ بد صورت
unsinew,بے طاقت کر دينا
unsisterly,جو بهن کيلئے نا زيبا هو ـ همشيزگي کے خلاف
unskilled,اناڑي ـ نا تربيت يافته
unskillful,اناڑي ـ غير ماهر
unsmoked,بغير دھوئيں ميں پکايا هو ا
unsociable,جو ملنسار نه هو
unsocial,جو صحبت پسند نه هو
unsold,بن بکا مال
unsolicited,بے طلب ـ بے مانگا
unsolicitous,جو پريشان نه هو
unsophisticated,ناتجربه کار ـ بھولابھالا
unsought,بے طلب
unsound,خراب ـ روگي ـ مريض
unsparing,بے رحم ـ سخت گير
unspeak,کهي هوئي بات کو ان کهي کرنا
unspeakable,جو بيان نه کيا جا سکے
unspecified,بے تصريح
unspent,جسے خرچ نه کيا گياهو
unsportsmanlike,کھيل کي غير جانب داري کے خلاف
unstable,ناپائيدار ـ بے وفا ـ ناقابل اعتبار
unstatesmanlike,غير دانشمندانه ـ غير مدبرانه
unsteady,متلون ـ آواره
unsteel,دھيما يا نرم کر دينا ـ ارادے کو کمزور کر دينا
unstinted,کثير ـ وافر
unstirred,بے هلا جلا ـ غير متاثر
unstitch,ٹانکے ادھيڑنا
unstring,باجے کا تار ڈھيلا کرنا ـ اعصاب کا کمزور هونا
unstudied,بے ساخته ـ قدرتي حالت ميں
unstung,غير نشين زده ـ جسے ڈنگ ني لگايا هو
unsubdued,جو مغلوب نه هوا هو
unsubmissive,جو اطاعت نه کرے
unsuccessful,ناکام ـ نامراد
unsuccessfully,ناکامي
unsuggestive,غير تصور خيز
unsuitable,ناموزوں ـ نامناسب
unsupportable,ناقابل برداشت ـ جس کو سهارا نه ديا جائے
unsurgical,اصول جراحي کے خلاف
unsuriousness,بھاري سود خوار هونا ـ ظلمانه سود خوري
unsurpassable,جس کوئي سبقت نه لے جا سکے
unsuspected,ناگهاں ـ اچانک ـ غير مشتبه
unsuspicious,جو شکي نه هو
unsustainable,ناقابل برداشت
unswear,قسم واپس لينا ـ حلفيه بيان سے منحرف هو جانا
unsympathetic,مخالف ـ بے دردانه ـ غير همدرد
unsystematic,جس کا کوئي نظام نه هو
untalented,بے هنر ـ بے استعداد ـ بے صلاحيت
untamable,وحشي ـ جو مانوس نه هو سکے
untaught,ان پڑھ ـ جاهل ـ غير تعليم يافته
unteachable,جسے سکھايا يا پڑهايا نه جا سکے
untenable,غير مستحکم ـ کس کو تسليم نه کيا جائے
untested,جس کي آزمائش نه هوئي هو
unthankful,ناشکر گزار ـ ناشکرا
unthink,ذهن سے خيال دور کر دينا
unthinkable,جس کا تصور نه کيا جا سکے
unthinking,مسائل پر غور نه کرنيوالا
unthought,بے فکر ـ غافل ـ بے سوچ
unthoughtful,غور نه کرنيوالا
unthread,سوئي سے دھاگا نکال لينا ـ راسته نکالنا
untidy,پھوهڑ ـ بے سليقه ـ ميلا کچيلا
untie,گره کھولنا ـ ڈوري کھولنا ـ آزاد کرنا
until,تلک ـ تک ـ حتي که ـ جب تک که ـ يهاں تک که
untimely,بے تکا ـ بے محل ـ بے موقع
untiring,نه تھکنے والا
untize,ک‘رت ميں وحدت ديکھنا ـ کئي چيزوں کو ملا کر واحد قرار دينا
unto,تک ـ کو ـ کے ـ کے نزديک
untold,بيحساب ـ بے اندازه
untouchable,اچھوت
untouched,جس کو هاتھ نه لگايا گياهو
untraceable,جس کا پته نه لگايا جا سکے
untrained,ناتربيت يافته
untransferable,ناقابل انتقال
untranslatable,ناقابل ترجمعه
untransportable,ناقابل نقل و حمل
untravelled,جس نے دوسرے ملکوں سفر نه کيا هو
untried,ناتجربه کار
untrodden,بے آمدورفت
untroubled,پر سکون ـ مطمئن
untrue,بے وفا ـ جھوٹا
untruer,جھوٹ بولنے والا ـ بے وفائي کرنے والا
untrustworthy,ناقابل اعتبار
untruth,نا راستي ـ غلط بياني ـ جھوٹ
untruthful,دورغ گو ـ کاذب
untwine,بل کھولنا ـ سلجھانا
untwist,بل کھولنا ـ سلجھانا ـ عقده حل کرنا
unusable,استعمال نه کرنے کے قابل
unused,جو عادي نه هو
unusual,انوکھا ـ غير معمولي
unutilized,جس کو استعمال نه کيا گيا هو ـ غيرمستقبل
unvalued,جس کي قيمت کا ندازه نه هو
unvarnished,بے روغن ـ ساده
unveil,نقاب اٹھانا
unvenomous,جو زهريلا نه هو
unventilated,جس ميں هوا کا گزر نه هو
unverifiable,ناقابل تصديق
unverified,غير مصدقه
unvisited,جس سے ملاقات نه هوئي هو
unwanted,جس کي خواهش نه هو
unwarned,جسے تنبيه نه کي گئي هو
unwarrantable,غيرمجاز
unwarranted,جس کا اختيار يا اجازت نه هو ـ غيرمجاز
unwatched,جس کی حطاظت نہ کی جاتی ہو ۔
unwatered,جسے سينچا نه گيا هو ـ جس کو پاني نه ديا گياهو
unwelcome,جس کے آنے کي خوشي نه هو
unwell,جس کي طبعيت نه ساز هو
unwept,جس پر کوئي ماتم نه کرے
unwhitewashed,جس کي پردي پوشي نه کي گئي هو
unwholesome,جس کے اخلاق و اطوار برے هوں ـ جس کي صحت ٹھيک نه هو
unwieldiness,بھاري بھر کم هونا ـ بھاري پن
unwieldy,وزني ـ بھاري ـ بوجھل ـ ج وهٹايا نه جا سکے
unwifely,جو بيوي نه معلوم هوتي هو
unwilling,نارضامند ـ ناخوش
unwillingly,نارضامندي کيطور پر
unwind,لپيٹه هوئي ڈوري کھولنا
unwisdom,حماقت ـ ناعاقبت انديشي
unwise,ناعاقبت انديش ـ بے وقوف
unwitting,بے جائے بوجھ
unwittingly,نادانسته طور پر
unwomanly,عورتوں کي شان کيخلاف
unworkable,ناقابل عمل
unworthy,جو لائق نه هو
unwritable,جو لکھنيکے قابل نه هو
unwritten,غير تحريري
unyielding,اپني بات پر اڑ جانے والا
unyoke,آزاد کرنا ـ جو اتارنا
unyoked,جوتے سے الگ کيا هوا
unzealous,جو سرگرم نه هو
up,اوپر ـ بالا ـ اوپر کي طرف ـ اوپر تک
upas,ملک جاوا کا ايک درخت جس سے تيز زهر آلود کيے جاتے هيں ـ سميت
upbraid,ملامت کرناـ سرزنش کرنا ـ جھڑکنا
upbraiding,سرزنش ـ ملامت
upbraidingly,جھڑکياں ديتے هوئے
upbringing,تربيت ـ تعليم
upcountry,اندروں ملک کا
upheaval,انقلاب عظيم
uphill,بلندي کي طرف ـ دشوار
uphold,اوپر اٹھاناـ بلند کرنا ـ برقرار رکھنا
upholder,بلند رکھنے والا ـ برقرار رکھنے والا
upholster,غلاف چڑھانا
upholsterer,صوفے بنانے والا ـ پردے غلاف بيچنے والا
upholstery,صوفه سازي
upkeep,نگهداشت ـ خير گيري
uplift,اخلاقي يا دنياوي ترقي ـ اصلاح کرنا
uplifter,اصلاح کرنيوالا
upon,اوپر ـ سطح کے اوپر ـ اس کے بعد
upper,بالاتر ـ اوپر کا ـ بالائي
uppermost,سب سے اونچا
uppish,اچھلا هو اـ مغرور
uppishly,گستاخي سے غرور سے
uppishness,گستاخي ـ تمرد
upright,سيدھا ـ عمودي ـ مستقيم
uprightness,ديانت داري
uprising,شورش ـ بغاوت
uproar,هنگامه ـ فساد ـ شور و غل
uproarious,قهقهوں کا ـ شورش پسند
uproariousness,هنگامه خيزي
uproot,جڑ سے اکھاڑ پھينکا
uprooter,جڑ سے اکھاڑنے والا
upset,اوندھا کر دينا ـ الٹ کر دينا ـ پريشان کرنا
upsetter,پريشان کرنے والا ـ اوندھا کرنے والا
upshot,نتيجه ـ خاتمه ـ اختتام ـ انجام ـ ماحضل
upsidedown,اوپر تلے ـ درهم برهم
upstairs,بالا خانه ـ اوپر کي منزل
upstart,نودولتا ـ چھچھورا
upstream,دريا کے بالائي رخ پر
uptake,سمجھ ـ فهم
upturn,جوتنا ـ هل چلانا
upward,اوپر کي طرف ـ بلند
uraemia,گودوں اور مٹانے کا فعل خراب هو نے کي وجه سے خون کي سميت
uraeus,ناگ کا سرپيچ ـ ناگ کا طره
uranium,ايک ريڈياني دھات
uranous,مرکب جس ميں آکسيجن کم هوـ يورينيم کا
uranus,يورينس کا ايک سياره جس کو هرشل نے دريافت کيا تھا يه همارے نظام شمسي کا بعيد ترين سياره هے صرف نيپٹون اس سے زياده دور هے
urb,عرب
urban,شهري
urbane,خليق ـ خوش خلق
urbanity,تهذيب ـ انسانيت ـ خوش خلقي
urbanization,مضافات ميں شهر کا رنگ پيدا کرنا
urbanize,شهريت پيدا کرنا
urchin,شيرير لڑکا ـ خار پشت
urdu,اردو زبان ـ پاکستاني قوم کي زبان ـ پاک و هند کے شرفأ کي زبان
ureter,نالي جو گردوں سے پيشاب مٹانه ميں لے جاتي هے
ureteritis,ورم اور سوزش مثانه
urethra,مثانه سے پيشاب کے اخراج کي نالي
uretic,پيشاب آور دوا
urge,آگے بڑھانا ـ چلانا ـ مجبور کرنا ـ ترغيب دينا
urgency,ضرورت ـ لاچاري ـ بے حد اصرار
urgent,فوري تعميل طلب ـ لازمي ـ اشد ـ ضروري ـ تاکيدي
urgently,شديد اصرار سے ـ نهايت تاکيد سے
urger,مجبور کرنے والا ـ آگے بڑھانے والا
uric,پيشاب کے قاورے کے متعلق
uricacid,پيشاب کا تيزاب يا ترشه
urinal,پيشاب دان ـ مريضوں کے پيشاب کرنے کا ظرف
urinary,پيشاب کے متعلق
urinate,پيشاب کرنا
urination,پيشاب هونا  يا کرنا
urine,پيشاب
urn,تنگ دھانے کا گول برتن ـ کوزه ـ خاک دان ـ پھول دان
urnflower,ايک پودا  جس ميں کوزه کي شکل کا پھول آتا هے
ursa,قطب شمالي کے قريب ستاروں کے جھرمٹ جو چھوٹے بڑے ريچھ کهلاتے هيں
ursamajor,دب اکير
ursamonor,اب اصغر
ursine,خرسي ـ ريچھ کي طرح کا
ursuline,اس جماعت کي راهبه جو لڑکيوں کي تعليم کيلئے سينٹ ارسولا کے نام پر قائم کي گئي تھي
urticate,بچھورا پودے کي شاخ سے مارنا تاکه سن عضو ميں حس پيدا هو جاتے
urus,جنگلي سانڈ ـ ارنا بھينسا
us,هميں ـ هم کو ـ اپنے آپ کو
usage,محاوره ـ دستور
usance,مدت ـ ميعاد ـ معياد ادائيگي
use,کام ميں لانا ـ استعمال کرنا ـ عمل ميں لانا ـ مصرف ـ فائده
useable,قابل استعمال
useful,مفيد ـ کارآمد ـ بھت عمده
usefully,مفيد طريقے سے
usefulness,فائد ه مندي
useless,بے فائد ه ـ بے کار
user,استعمال کرنے والا
usher,حاجب ـ نقيب ـ خليفه ـ دريان
ushership,نقيب کا عهده
usual,معمولي ـ حسب معمول ـ حسب رواج
usually,حسب عادت هونا ـ حسب معمول هونا
usualness,حسب عادت هونا
usucaption,طويل قبضه کي بنا پر حق ملکيت
usufruct,حق استعمال و استفاده بلا ملکيت ـ نزولي جائداد
usurapation,دست درازي ـ تعديلي
usurer,بھاري شرح سود پر قرض دينے والا
usurious,بھاري سود پر قرض  دينے والا
usuriousness,بھاري سود خوري ـ ظالمانه سود خوري
usurp,قبضه ـ بالجبر کرنا
usurper,دبا بيٹھنے والا ـ بالجبر قبضه کرنے والا
usury,سود خوري ـ بھاري سود
utensil,آله ـ اوزار ـ ظرف
uterine,رحم کے متعلق ـ رحمي
uteritis,رحم کا ورم
uterus,رحم ـ بچي دائي
utilise,استفاده کرنا ـ فائد ه اٹھانا
utilitarian,افاديت پسند ـ افاديت کا
utilitarianism,نظريه اخلاقيات
utility,افاديت ـ افادي عام
utilizable,قابل استفاده
utilization,استعمال ـ کام ميں لانا
utilize,استعمال ـ کام ميں لانا
utilizer,کام ميں لانے والا ـ استعمال کرنے والا
utmost,نھايت ـ ازحد
utopia,مثالي رياستد
utopian,بلند رتصورارت کا بے عمل شخص ـ خيالي ـ مثالي
utopianism,تصور پرستي ـ خيال پرستي
utter,بالکل ـ سارا ـ انتهائي ـ زبان سے نکلنا ـ قلم سے ادا کرنا ـ چينخ مارنا ـ منه سے کهنا
utterance,اظهار خيالات ـ اظهار
utterbarrister,دوسرے درجے کا وکيل
utterer,اظھار کرنے والا
utterly,بالکل ـ قطعا
uttermost,بے حد ـ انتهائي
utterness,انتهائي هونا
uvula,حلق کا کوا
uxorious,بيوي کا ديوانه
uxoriousness,زن پرستي
uzbeg,ازبک ـ وسط اشيا کي ترک قوم ـ ترکي قوم کا فرد
