v,انگريزي حروف تھجي کا بائيسواں حرف ـ وي
vacancy,خلا ـ بے کاري ـ بے فکر ـ غافل ـ بے معني
vacant,بے کار ـ غير آباد ـ خالي ـ بے کار
vacatable,منسوخ کرنے کے قابل
vacate,منسوخ کرنا ـ قبضه اٹھانا ـ خالي کرنا
vacation,وقفه ـ مهلت ـ فراغت
vacationer,خالي کرنے والا
vaccinal,ٹيکه کا ـ ويکسين کا
vaccinate,چيچک کا ٹکه لگانا
vaccination,چيچک بر آري
vaccinationist,ٹيکه لگانے کا حامي
vaccinator,ٹيکه لگانے والا
vaccine,گائے کا ـ چيچک کو دوا کا
vaccinia,چيچک جو ٹيکه لگانے سے ابھاري جاتي هے
vaccinial,ٹيکه کا
vacillate,جھومنا ـ لهرانا ـ ڈھلنا ـ ادھر ادھر هلنا
vacillation,تذتذب شش و پنج
vacillator,جھومنے والا ـ لهرانے والا
vacuole,کسي عضو کا باريک جوف
vacuous,خالي ـ هوا سے خالي ـ خالي دماغ
vacuum,خلا ـ بالکل خالي جگه ـ هو ا سے خالي
vacuumbrake,خلا روک ـ وه پرزه جس سے گاڑي رکتي هے
vacuumflask,بوتل جس کے دوھرے حصے ميں خلا هو جوس ميں دير تک چيز ٹھنڈي يا گرم رهتي هے
vagabond,آواره گرد ـ خانه بدوش
vagabondage,آواره گرد لوگ ـ آواره گردي
vagabondish,آواره مزاجي
vagabondism,آواره گردي
vagabondize,آواره گرد بنادينا
vagary,ترنگ ـ موج ـ وهم ـ انوکھي حرکت
vagina,غلاف ـ نيام ـ فرج ـ رحم کا راسته
vaginal,غلاف نما ـ فرج کے متعلق
vaginitis,فرج کي سوزش
vagrancy,پريشان دماغي ـ خانه بدوشي
vagrant,خانه بدوش ـ پريشان خيال
vagrantly,آواره گرد کي طرح
vague,مبهم ـ گول مول
vaguely,غير واضع طور پر
vagueness,پرشان خيالي
vail,بخشش ـ انعام ـ کسي ناجائز کا م  کا انعام
vain,خالي ـ تهي ـ بے بنياد ـ بے حقيقت
vainglorious,خود پسند
vainglory,لاف زني
vainly,خود پسندي سے
vainness,بے کار هونا ـ بے حقيقت هونا
valance,پردوں کا جھالر دار کپڑا ـ کيمياوي متزاج
valanced,جس ميں پردے لٹکتے هوں ـ پردوں سے مزين
vale,دامن کوه ـ دره ـ الوداع ـ خدا حافظ
valediction,خدا حافظ کهنا ـ الوداع کهنا
valedictory,امريکه ڈگري لينے کے بعد طالب علم کي الوداعي تقرير
valence,پردواں کا جھالر دار کپڑا
valentine,معشوق ـ شوق نامه
valerian,ايک پودا جس کي پتياں دوا کيطور پر استعمال کي جاتي هيں
valet,خانساماں ـ پيش خدمت
valetudinarian,جنم روگي ـ دائم المريض
valetudinary,صحت کي طرف سے فکر مند
valhalla,قصرا شهدا ـ ايوان ارواح
valiant,بھادرانه ـ مردانه ـ شجاع
valiantly,جرات سے ـ مردانه وار
valid,مضبوط ـ درست ـ ضابطه کے مطابق ـ قانونا مکمل
validate,جائز قرار دينا ـ توثيق کرنا
validation,درستي ـ جواز
validity,درستي ـ صحت
validly,صحيح طور پر
valise,سپاهيوں کا تھيلا
valley,وادي ـ گھائي ـ دامن کوه
vallum,فصل ـ ديوار ـ پشته
valor,شجاعت ـ بھادري
valorization,قيمت کا تعين
valorize,سرکاري طور پر کسي چيز کي قيمت مقررکرنا
valorous,بھادر ـ دلير
valorously,دليرانه
valour,شجاعت ـ بھادري
valse,والز ناچنا
valuable,گراں بھا ـ بيش قيمت ـ قيمتي چيز
valuation,قيمت کا اندازه ـ تخمينه ـ ماليت
value,وصف ـ خوبي ـ قيمت ـ ماليت ـ قيمت کا تعين کرنا ـ دام لگنا
valueless,بے قيمت ـ بے وصف
valuelessness,نکما ـ ناکاره هونا
valuer,قيمت لگانے والا
valvate,جھلي دار ـ مسام دار
valve,در ـ ديرچه ـ رسته ـ سوراخ کا ڈھکن
valvelet,چھوٹا سوراخ ـ چھوٹا مسام
vambrace,دست پوش زره ـ ساعد پوش زره
vamose,امريکي بول چال فرار هونا ـ بھاگ جانا ـ بھاگ چلو
vamp,پيوند لگانا ـ جوڑ لگانا
vamper,پيوند لگانے ولا
vampire,بھوت ـ خونخوار بلا ـ دوسروں کا خون پينے والا
vampirism,خونخوار بھوتوںکا عقيده
vamplate,آهني تختي جو هاتھ کي حفاظت کيلئے چھڑ پر لگتي رهتي هے
van,فوج کا اگلا دسته ـ گاڑي ـ چھکڑا
vanadium,ايک فلزي عنصر
vandal,وحشي ـ سنگدل ـ خانه بدوش
vandalic,برباد کناں
vandalism,هراچھي چيز کو تباه کر دينا
vandyke,مشهور ولنديزي مصور
vandykebeard,تکيلي داڑھي
vane,باد نما ـ سمت نما ـ مرغ باد نما
vanilla,ايک خوشبو
vanillism,هاتھوں کي خارش جو وينيلا کے کارخانے کے مزدوروں کو هوجاتي هے
vanish,معدوم هوجانا ـ غائب هوجانا
vanisher,معدوم هونے والا ـ غائب هونے والا
vanity,هلکا پن ـ چھچھورا پن ـ تمرد
vanitybag,عورتوں کا سنگار بٹوا
vanitycase,عورتوں کا سنگار بٹوا
vanityfair,مايا کا کھيل ـ دينا کي بوالعجبياں
vanquish,فتح پانا ـ فتح کرنا ـ غالب آنا
vanquisher,فتح پانے والا ـ غالب آنيوالا
vantage,تفوق ـ برتري
vapid,بے لطف ـ خشک ـ بد مزه
vapidity,بے لطفي ـ پھيکا پن
vapidly,بد مزگي سے
vapor,جو بھاپ بن سکے
vaporiferous,بخارات پيدا کرنے والا
vaporific,تبخيري
vaporise,بھاپ بنانا ـ بھاپ بننا
vaporization,جو بھاپ بن سکے ـ عمل تبخير
vaporize,بھاپ بنانا
vaporizer,بھاپ بنانيوالا
vaporose,بخارات سے معمور
vaporous,خام خيال ـ بخاراتي
vapour,بخار ـ دھواں ـ بھاپ ـ کهر ـ بخارات ـ بے بنياد يا فاني چيز ـ بے معني گفتگو ـ تبخير هونا
vapourer,شيخي باز ـ لاف زن
vapourish,جسے خلل دماغ هو
vapoury,تنک مزاج ـ بخارات سے پر ـ کهريلا
vapulation,کوڑے کھانا ـ کوڑے مارنا
vaquero,گواليه گله بان
varangian,مشرقي بادشاهيوں کے محافظ دسته کا سپاهي ـ ناورے کا ڈاکو
vare,عصاے اقتدار
varec,سوڈا جو صاف نه کيا گيا هو
variability,ناپائداري ـ تغير
variable,بدلنے والاـ تغير پذير ـ گھٹنے بڑھنے والا
variably,تبديل هوتے هوئے
variance,تغير ـ تبديلي ـ عدم مطابقت
variant,بدلنے والا ـ الگ ـ جدا
variation,کمي بيشي ـ اختلاف ـ تعريف
variational,اختلافي
varicated,صدف جس کے چکروں ميں ابھار هو
varicella,جديري ـ کھسرا ـ ستيلا
varicocele,گلٹي جو رگوں کے پھولنے کي وجه سے بن جاتي هے ـ آنت کا بڑھ جانا
varicoloured,رنگ برنگي ـ رنگ برنگي کا
varicose,پھولي هوئي رگ  ـ بڑھتي هوئي رگ
varicosed,بڑھتي هوئي
varicosity,رگ کا بڑھ جا نا ـ رگ کا سوج جانا
variegate,مختلف رنگوں سے بوقلموں بنانا
variegation,بوقلموں ني ـ گوناگوں هونا  ـ رنگ برنگ هونا
variety,رنگ برنگي ـ انواع و اقسام فرق
variform,مختلف شکلوں کا
variola,چيچک
variolation,چيچک کا ٹيکه
variole,چيچک کاداغ
variolite,ايک پتھريلي چٹان جس ميں سفيد چتياں هوتي هيں
varioloid,کمزور چيچک ـ چيچک کي طرح کي
variometer,وه آلي جس سے مقناطيسي قوتوںکي پيمائش هوتي هے
various,گونا گوں ـ مختلف ـ طرح طرٰح کا
varix,رگ کا پھل جانا ـ گھونگھے کے چکروں ميں ابھار
varlet,خدمتگار ـ امير کا ماتحت
varmint,شرير جانور يا آدمي
varnish,رنگ روغن ـ چمک دمک ـ ملمع
varsity,جامعه
varus,ايک بيماري جس ميں پير اندر کو مڑ جاتا هے ـ منه پر مهاسے نکلنے کي بيماري
vary,بدلنا ـ تبديل کرنا ـ گھٹانا بڑھانا ـ رنگ برنگي کرناـ مختلف هونا
vascular,رگوں يا نسوں سے بھر اهوا ـ رگوں کا
vascularity,رگدار هونا
vascularize,رگ يا عرق پيدا کرنا
vasculose,پودوں کے ريشموں کا عرق
vasculums,نمونه دان ـ مرد کا عضو تناسل
vase,لمبا گول برتن
vaseflower,گلدان ـ پھول سجانے کا آرائشي ظرف
vaseline,ايک قسم کا خوشبودار گاڑھا روغن
vasepainting,گلدان کي نمائش
vassal,ملازم ـ نوکر ـ چاکر
vassalage,اسامي هونا ـ لگانداري
vast,وسيع ـ کشاده ـ دور تک پھيلا يوا
vastness,فراخي ـ عظمت
vat,حوض ـ کنٹه
vatican,روم کے پاپا کي بارگاه
vaticinate,غيب کي خبر دينا ـ پيشن گوئيکرنا
vaudeville,ايسا ناٹک جس ميں بھت گانے اور ناچ هوں ـ هفت رنگي تماشا ـ عوام کئ پسنديده گيت
vault,قبه ـ گنبد ـ تهه خانه
vaulted,قسي ـ محرابي
vaulting,محرابوںکا مجموعه
vaunt,لاف گراف ـ ڈينک ـ لاف زني کرنا
vaunter,لاف زني کرنيوالا
vauntful,لاف زن
vauntingly,شيخي سے ـ لاف زني سے
vavasour,ٹھيکيدار ـ زميندار جو سرکار سے لگان پر زميں لے کر کاشتکاروں کو پٹه پر ديتا هے
veal,بچھڑے کا گوشت
vealy,بچھڑے کے گوشت کا سا
vector,ايک فرضي خط جس کا طول اور جس کي سمت معين هو ـ جراثيم جو مرض کو پھيلاتے هيں
veddah,لنگا کي ايک قديم قوم کا فرد جو جنگلوں ميں رهتا هے
vedette,سوار جو دشمن کي ديکھ بھال کيلئے مقرر کيا گيا هو
veer,مڑنا ـ رخ بدلنا ـ پھرنا ـ اراده کرنا ـ گفتگو کا موضوع بدلنا
veeringly,رخ بدلتے هوئے
vega,لبرا کے جھرمٹ کا سب سے روشن ستاره
vegetability,نباتاتي غذائيت ـ نباتيات
vegetable,نباتيات ـسبزي
vegetarian,سبزي خور ـ صرف ترکارياں کھانے والا
vegetarianism,يه خيال که سب سے بھترين غذا ترکاري هے
vegetate,اگنا ـ بڑھنا ـ نمو پانا
vegetation,روئيدگي ـ باليدگي ـ نباتيات
vegetative,زرخيز ـ نمو پذير
vegetativeness,بے شغلي ـ بيکاري ـ زرخيزي
vehemence,سرگرمي ـ جوش ـ شدت
vehemency,تندي
vehement,تيز ـ تند ـ شديد ـ سخت
vehemently,پر زور طريقے سے
vehicle,سواري ـ مرکب ـ وسيله ـ بدرقه
vehicular,جو سواري کے ذريعے منتقل هو
veil,نقاب ـ گھونگھٹ ـ مقنع ـ پرده
veilless,بينقاب ـ بے پرده
veilling,نقاب کا کپڑا
vein,رگ ـ وريد ـ شريان
veinage,رگوں کا سلسه
veined,رگ دار
veiny,ابھري هوئي رگوں والا
velar,جھلي کے پردوں کا
veldt,جنوبي افريقه کے کھلے هوئے گھاس کے ميدان
velitation,بخت ـ نزاع ـ جھڑپ
vellicate,خود بخود حرکت کرنا
vellication,اضطراري حرکت
vellicative,پھڑکنے والا
vellum,چمڑے کا کاغذ
velocimeter,رفتار ناپنے کا آله
velocipede,پرائي پير گاڑي ـ تيز رفتار آدمي
velocity,تيزي ـ رفتار
velure,گدي سے ٹوپي کي روئيںهموارکرنا
velutinous,مخمل کا ـ مخملي
velveret,معمولي گھٹيا قسم کا مخمل
velvet,مخمل ـ مخمل کي طرح کا
velveteen,مصنوعي مخمل
velvetglove,ظاهري نرمي
velveting,مخملي سامان
velvety,مخملي
venal,شرياني ـ لالچي ـ ضمير فروشي ـ زر پرست
venality,ضمير فروشي
venally,ضمير فروشي کے طور پر
venation,رگوں اور نسوں کي ترتيب
vend,بيچنا ـ فروخت کرنا
vendable,فروخت کرنے کے قابل
vendee,خريدار
vender,بيچنے والا
vendetta,انتقامي لڑائياں جو اکثر قبيلوں ميں هوتي هيں
vendible,قابل فروخت
vendor,بيچنے والا
veneer,دھات کا پتر چڑھانا
veneerer,دھات کا پتر چڑھانے والا
venerable,مکرم ـ قابل احترام ـ معزز ـ واجب التعظيم
venerably,مکرمي
venerate,عزت کرنا ـ احترام کرنا
veneration,عزت ـ توقير
venerator,تعظيم کرنے والا
venereal,جماعي ـ شهواني
venerealdesire,جنشي خواهش ـ خواهش جماع
venerealdisease,جماعي امراض
venery,مباشرت ـ شکار
venesection,فصادي ـ نشتر زني
veneset,فصد کھولنا ـ خون خارج کرنا ـ نشتر لگانا
venetian,وينس کے متعلق ـ وينس کا باشنده
venetianchalk,ايک قسم کي رنگين کھريا مٹي
vengeance,انتقام ـ بدله
vengeful,انتقام خواه
vengefulness,کينه پروري
venial,قابل عضو ـ معافي کے قابل
veniality,قابل معافي هونا
venialness,قابل معافي هونا
venice,وينس کے متعلق
venison,شکار کا گوشت
venom,کينه ـ دشمني
venomed,زهر آلود
venomous,تلخ ـ پر کينه
venomousness,تلخي ـ درشتي ـ کپٹ
venosity,خون کي زيادتي ـ رگوں ميں خون کا بھرجانا
venous,وريدوں کا
venously,رگوں کي کثرت کيساتھ
vent,سوراخ ـ راسته ـ نکاس ـ دود کش کي نالي ـ پرندوں کے پيٹ کا منفذ
ventage,بانسري وغيره کے سوراخ
venter,مقرر ـ ناشر ـ پيٹ ـ رحم
ventiduct,هو کا سوراخ ـ هو کي نالي
ventil,با وجود کے سوراخ جو هوا سے کھلتے اور بند هوتے هيں
ventilate,هوا دار کرنا ـ هوا کا راسته هونا ـ خون کو هوا سے صاف کرنا
ventilation,بحث ـ هوا کے آنے جانے کا انتظام
ventilator,روشن دان
ventless,بے سوراخ ـ بے هوا
ventral,پيٹ کا
ventricle,جوف ـ سوراخ
ventricose,درميان ميں پھولا هوا
ventrilocution,انتقال صورت
ventriloquial,انتقال صوت کا ـ فريب آواز کا
ventriloquism,ايسي آواز ميں بات کرنا که آواز کي سمت ميں دھوکا هو ـ انتقال صوت
ventriloquous,انتقال صوت کا
ventriloquy,انتقال صوت
venture,خطرناک کام ـ مشکل بات ـ قسمت آزمائي ـ خطرے ميں پڑنا ـ همت کرنا ـ جسارت کرنا ـجرات کرنا
venturer,همت کرنے والا
venturesome,من چلا ـ اولوالعزم ـ جانباز
venturesomeness,عالي همتي ـ جانبازي
venue,جائے وقوع ـ موقع واردات
venus,وينس ـ محبت کي ديوي ـ سياره زهره
veracious,سچا ـ راست گو
veracity,راست گوئي ـ صداقت
veranda,برآمده ـ غلام گردش
verandah,برآمده
veratrine,ايک نباتاتي مرکب جو وجع مفاصل اور اعصابي دردوں کي دوا هے
verb,فعل
verbal,فعل سے نکلا هواـ غير تحريري زباني
verbalism,الفاظ پر زور دينا ـ الفاظيت ـ منقوليات
verbalist,الفاظ پر زور دينيوالا ـ الفاظ کي چھان بين کرنيوالا
verbalization,فعل بنانا ـ الفاظ ميں بيان کرنا
verbalize,تحرير ميں لانا ـ الفاظ ميں بيان کرنا
verbally,زباني طور پر
verbalnoun,وه اسم جو فعل سے بنائے گئے ـ اسم فعلي
verbatim,لفظ به لفظ ـ حرف به حرف
verbiage,الفاظ کي بھرمار ـ لفاظي
verbose,طول طويل ـ لفاظي کا
verboseness,طول کلامي
verbosity,لفاظي ـ طول کلامي
verdancy,سرسبزي ـ تازگي
verdant,هرا ـ سبز ـ هرا بھرا ـ کچا
verdict,فيصله ـ جيوري کا فيصله ـ فتوي
verdigris,زنگار ـ تانبے کا کساؤ
verditer,نيلا تھوتھا ـ توتيا
verdure,هر ياول ـ ترو تازگي ـ سبزي
verdurous,تروتازه ـ شاداب
verge,جھکنا ـ ميلا هونا ـ رجوع کرناـ حد مل جانا
verger,گرجا کا ملازم جو نشست کا انتظام کرتا هے
vergeron,حد مل جانا ـ ملا جلا
veridical,سچا ـ راست گو
veridicious,حق گو ـ راست گو
verifiable,جس کا ثابت کرنا  ممکن هو ـ قابل تصديق
verification,تصديق
verify,تصديق کرنا ـ توثيق کرنا ـ ثبوت ديناـ صحيح ثابت کرنا
verily,دراصل ـ حقيقت ميں
verisimilar,قرين قياس ـ به ظاهر صحيح
verisimilitude,احتمال ـ قرينه ـ ظاهري امکان
veritable,اصلي ـ کھراکھرا ـ في الوقتي
veritably,واقعي ـ في الحقيقت
verity,سچائي ـ حق ـ حقيقت ـ راستي
verjuice,کچے پھل کا رس ـ ترشه
verjuiced,کچے پھل کا رس ـ ترش
vermeil,چاندي کا ملمع ـ سيندور
vermeologist,کيڑوں کے علم کا ماهر
vermeology,علم الاحشرات
vermian,کيڑواں کي طرح کا
vermicular,کيڑوں کا ـ کيڑوں کا سا
vermiculation,کيڑوں کي حرکت ـ کلبلاهٹ
vermilion,تيز سرخ رنگ ـ شنگرفي
vermin,هر طرح کے کيڑے ـ کھٹمل پسو جوں وغيره ـ موذي شخص ـ ذليل لوگ
verminate,جوتيں پڑ جانا ـ کيڑے پڑنا
vermination,جوتيں پڑنا ـ کيڑے پڑنا
verminous,ذليل ـ حقير ـ کيڑوں سے بھرا هوا
vermouth,افسنتيني شراب
vernacular,ديسي ـ ملکي ـ وطني
vernacularism,ديسي زبان کا محاوره يا لفظ
vernacularize,الفاظ کو ديسي بنانا ـ ديسي زبان سے منتقل کرنا
vernal,موسم بھار کا ـ موسم بھار ميں هونے والا ـ عهد شباب کا
vernally,موسم بھار کي طرح
vernation,شگوفوں ميں اوراق کي ساخت اور ترتيب
veronal,افيون گھولنے کي پيالي
veronica,ايک قسم کا ارغوني اور سفيد پھولوں کا پودا
verruca,گھنے بالوں کا گچھا
versant,ڈھلوان زمين ـ ماهر ـ واقف
versatile,همه دان ـ صاحب کمال
versatility,هر علم پر حاوي هونا ـ همه داني
verse,مصوعه ـ فرد ـ بيت بند ـ شعر
versed,منجھا هوا ـ مشاق ـ ماهر
verseman,شعر گو
versemonger,گھٹيا شاعرـ تک بند ـ قافيه پيما
verser,شعر بولنے والا
versicle,مناجا ت کا ايک چھوٹا ٹکڑا جس کو پادري اور حاضرين بار بار گاتے هيں
versicolored,گونا گوں ـ رنگ برنگ
versicular,آيت ميں ـ شعر ميں مصروں ميں
versification,شعر گوئي ـ نظم گوئي ـ شاعري
versify,شعر کهنا ـ نظم کرنا ـ نظم ميں بيان کرنا ـ شعر ميں کهنا
version,ترجمه ـ انداز ـ تبديلي
versional,خاص طرز کا ـ ترجمه کا
versus,بمقابله ـ بنام ـ بخلاف
vert,درخت کاٹنے کا اختيار ـ نو دين والا ـ مذهب تبديل کرنا
vertebra,ريڑھ کي هڈي ـ ريڑھ کي هڈي کا جوڑ
vertebral,ريڑھ کي هڈي کے متعلق
vertebrate,ريڑھ کي هڈي والے جانور
vertebrated,ريرح کي هڈي والا
vertebration,ريڑھ کي هڈي کي ساخت
vertebro,ترکيبي شکل
vertex,چوٹي ـ سب سے بلند حصه
vertical,چوٹي کا ـ راس کا
verticality,راست هونا ـ عمود
vertically,عمودي حالت ميں
vertiginous,چکر کھاتا هوا ـ گھومتا هوا
vertiginousness,دوران سر کي حالت ـ گھميري ـ چکر
vertigo,دوران سر ـ چکر ـ چکر آنا
vervain,ايک قسم کي گھاس جو بطور تعويذ لوگ رکھتے تھے ـ مهر گيا
verve,جوش ـ ولوله ـ ادبي جوش فنه جوش ـ فني امنگ ـ شاعرانه جذب
vervet,جنوبي افريقه کا ايک چھوٹا لنگور
very,حقيقي ـ بھت ـ اصلي ـ عين ـ نھايت ـ زياده
verylight,روشني جس سے جھاز اشاره کرتے هيں
verypistol,پستول کي شکل کا ليمپ جس سے اشاره کيا جاتا هے
vesica,مثانه ـ پيشاب کا پھکنا ـ مچھلي کا پھکنا
vesical,مثانه کے متعلق
vesication,آبلے ڈالنے کا عمل ـ چھالے ڈالنا
vesicatory,آبلے ڈالنے والا
vesicle,چھالا ـ چھکنا
vesicular,بلبلے کي شکل کا
vesiculation,بلبلوں کا سلسله
vesiculiferous,جس ميں بھت سے بلبلے هوں
vesiculiform,حباب نما
vesiculous,حباب دار
vesper,شام ـ شام کا ستارا زهرا ـ شام کي مناجات
vespertine,شام کو کھلنے والا پھول ـ شام کا ـ شام کے بعد اڑنے والا پرنده
vespiary,بھڑوں کا چھتا
vespine,بھڑوں کا
vessel,برتن ـ ظرف ـ کشتي ـ جھازـ شريان ـ رگ
vest,زير جامه ـ واسکٹ ـ صدري ـ پوشاک ـ عطا کرنا ـ دينا ـ بخشنا ـ لباس پهنانا
vesta,گھر کي پاک ديوي ـ راهبه ـ ديا سلائي
vestal,عفيضه ـ پاک دامن
vestibular,دھليز کا ـ ڈيوڑھي کا
vestibulate,دھليز کا
vestibule,گرجے کي برساتي ـ پيش دالان ـ ڈيوڑھي
vestige,ذره ـ نشان نقش قدم
vestin,کسي کے قبضے ميں دينا
vesting,واسکٹ يا صدري بنانے کا کپڑا
vestiture,بال و پر ـ کھيرے ـ پوشاک
vestment,پوشاک ـ جامه ـ خلعت
vestral,کليسا کے توشه خانے سے متعلق
vestri,گرجا کا لباس خانه ـ توشه خانه
vestridom,مجلس انتظاميه کليسا
vestrights,مستقل ـ حقوق
vesture,پوشاک ـ لباس ـ جامه ـ فرش
vesturer,کليسا کے لباس خانه کا داروغه
vesuvians,آتش فشاں پهاڑ وسوويس کے متعلق
vet,علاج حيوانيات کا سرجن
vetch,پھلي دار پودے جو چارے کے کام آتے هيں
veteran,پخته ـ پکا
veteranize,تجربه کار بنانا ـ پخته بنانا
veterinarian,بيطارـ سلوتري ـ معالج حيوانيات
veterinary,بيطاري کے مطابق
veto,يو اين او کي سلامتي مجلس کے پانچ بڑوںکا يه حق که وه کسي تحريک پر رائے شماري يا بحت روک ديں
vetoist,اس قسم کے حق نامنظوري کا حامي
vex,تنگ کرنا ـ فاراض کرنا ـ دق کرنا ـ آزرده کرنا
vexation,رنجيدگي ـ بيزاري ـ ناراضگي
vexatious,موذي ـ تکلف ده
vexatiousness,تکلف ده هونا ـ ايذا رساني
vexedly,دق هو کر ـ تنگ هو کر
vexer,تنگ کرنے والا ـ فاراض کرنے والا
vexillum,روما کا فوجي نشان ـ علم ـ جھنڈا ـ پھولوں کے اوپر کي پنکھڑي
vexingly,تکلف ده طريقے سے
via,ذريعے سے ـ راستے سے
viability,زنده رهنے کي قابليت
viable,زنده رهنيئ والا ـ پنپنيوالا
viaduct,پل ـ ريل کا سڑک کا پل
vial,شيشي
vialful,شيشي بھر
viamedia,درمياني راسته
viameter,مسافت ناپ
viand,کھانا ـ کھانے کي چيز
viaticum,توشه ـ زادراه ـ سفر خرچ
vibrant,لهرانے والا ـ جھومتا هوا
vibrate,لهرانا ـ جھومنا ـ تھرتھرانا ـ آواز کا گونجنا ـ احتراز کرنا
vibratile,جھولنے والا ـ مرتعش
vibration,ارتعاش ـ احترازي حرکت
vibrational,احترازي ـ ارتعاشي
vibrative,جھولتا هوا ـ لٹکتا هوا
vibrator,جھولنے والا شخص ـ جھولنے والا ـ برقي طاقت سے حرکت کرنا ـ باجے کا پرده
vibratory,جھومتا هوا
vibroscope,ارتعاش پيما ـ وه آله جس سے ارتعاش کي پيمائش هوتي هے
viburnum,ايک قسم کي پھول دار جھاڑي
vicar,حلقه کا مدد ار پادري
vicarage,پادري کا عهده اور فرائض
vicarial,پادري کے بابت ـ وکر کے متعلق
vicariate,مدد گار پادري کا عهده
vicarious,مدد گارانه ـ قائم مقامانه
vicarship,وکر کي ياد کردگي
vice,عيب ـ نقص ـ خامي ـ قائم مقام ـ نائب ـ بجائے ـ جگه پر
viceadmiral,نائب امير البحر
vicechancellor,معين امير جامعه
vicegerency,خلافت
vicegerent,نائب ـ خليفه
viceless,بے بائب بے عيب بے نقص
vicennial,بيس ساله
viceregal,وائسرائے کے متعلق
viceroy,وائسرائے
viceroyalty,نائب سلطنت کا عهده
viceversa,اور اس کت برعکس
vichy,فرانس کے شهر کے چشمے کا پاني
vicinage,پڑوس ـ قريب و جوار
vicinity,قريب و جوار ـ پڑوس ـ قربت
vicious,بد کار ـ شرير ـ نااهل
viciouscircle,استدلال کا چکر ـ ايک بات کے ثبوت ميں دوسري بات پيش کرنا اور دوسري بات سے پهلي بات هر عود کرناـ ايک برائي سے دوسري برائي پيدا کرنا
viciously,خيانت سے ـ شرارت سے
viciousness,بد طيني ـ بد خصالي
vicissitude,انقلاب ـ گردش ـ زمانے کاچکر
vicissitudinous,تغير پذير ـ انقلابي
victim,قرباني ـ صدقه ـ کشته
victimization,قرباني ـ ظلم
victimize,ظلم کرنا ـ قرباني کرناـ جور و تعدي
victimizer,ظلم کرنے والاـ قرباني کرنيوالا
victor,غالب ـ فاتح
victoria,ايک هلکي بگھي جس کا ٹاپ گرايا جاسکتا هے
victoriacross,بھادري کا ايک تمغه
victorian,ملکه وکٹوريه کے عهد کا
victorine,سمور کا گلو بند ـ ايک قسم کي ناشپاتي
victorious,مظفر ـ منصور
victoriously,فتح مندي سے
victoriousness,فتح مندي
victory,فتح ـ نصرت
victress,غالب آنيوالي عورت ـ فاتحه
victual,خوراک ـ کھانا ـ سامن خورد و نوش ـ رسد پهنچانا
victualer,کھانے کي چيزيں بيچنے والا ـ رسد رسان
victualing,رسد پهنچانا
victualler,کھانے کي چيزيں بيچنے والا
victualling,رسد پهنچانا
vicuna,جنوبي افريقه کا لاما
vide,ديکھو
videinfra,پيچھے ديکھو
videpost,نيچے ديکھو
videsupra,اوپر ديکھو
vidimus,حسابات کي تفتيش ـ جانچ پڑتال ـ مصدقه نقل
vie,همسري کرناـ مقابله کرنا
viet,جبرو تشدد سے ـ زبردستي
view,نظاره ـ منظر ـ مطالعه ـ رائے ـ خيال ـ ديکھنا
viewable,قابل ديد
viewer,ديکھنے والا
viewless,بے منظور ـ بے خيال
viewpoint,نقطه نظر
viewy,وهمي ـ خبطي
vigil,بيداري ـ بگراني
vigilance,بيداري ـ چوکسي
vigilant,چوکس ـ چوکنا
vigilantly,هوشياري سے
vignette,ساده گل کاري ـ هلکے نقش و نگار ـ بڑے حروف کي آرائش
vigorous,هٹا کٹا
vigorously,طاقت سے ـ بروز
vigorousness,زور ـ چستي
vigour,طاقت ـ مضبوطي ـ همت ـ دم خم
vigrate,چھڑي کي طرح کا ـ زمين ناپنے کا انگريزي پيمانه تقريباً تيس ايکڑ کا
viking,آٹھويں صدي کا بحر شمالي کا ڈاکو
vile,حقير ـ ذليل ـ خبيث ـ پاجي ـ کمينه
vileness,بد معاش ـ خباثت ـ کمينه پن ـ ذلت
vilification,بد گوئي ـ تذليل
vilifier,بد نام کرنے والا
vilify,ذليل کرنا ـ رسوا کرنا ـ قدر گھٹانا ـ حقير کرنا
vilipend,حقير ٹھرانا ـ حقارت سے ذکر کرنا
villa,اميروں کا ديهاتي بنگله ـ مضافاتي مکان
village,موضع ـ گاؤں ـ بستي
villager,ديهاتي ـ گنوار
villain,بد معاش ـ پاجي ـ غنڈه ـ ذليل ـ غلام کا
villainous,بد معاش ـ پاجي
villainousness,خباثت ـ بد معاشي
villainy,بد ذاتي ـ سفله ـ کمينگي
villein,معمولي پٹه دار
villiform,نرم بالوں کا
villose,روئيں دار ـ ريشم کي طرح نرم
villosity,مخمل کي سي نرمي
villous,روئيں دار ـ ريشم کي طرح نرم
villus,نرم بالوں کا جوڑا ـ لمبے بال
vim,جوش ـ تيزي ـ زور ـ طاقت
viminal,لمبي شاخوں کا
vimineous,ٹهنيوں والا ـ شاخ دار
vinaceous,ميگوں ـ انگوري رنگ کا ـ عنابي
vinaigrette,کافوري سرکے کي شيشي
vincible,قابل تسخير
vinculum,کسي عضو کي حرکت روکنے والا پٹھا
vindicable,حمايت کے قابل
vindicate,جانز ٹھرانا ـ پر زور تائيد کرنا
vindication,پشت پنا ئي ـ تائيد ـ حمايت
vindicative,تعزيري ـ انتقامي ـ حمايت کرنے والا
vindicativeness,انتقام کا متلاشي هونا ـ بغض
vindicator,تائيد کرنے والا ـ بدله لينے والا
vindicatory,حمايت کا
vine,انگور کي بيل
vinegar,سرکه ـ تنک مزاجي
vinegarish,سرکه کا سا ـ قدرے ترش
vinegary,سرکے کے مزے کا
vineri,بيلوں کا گرم محافظ خانه
vineyard,بيلوں کا ملا ـ انگور کا باغ
vini,سابقه بمعني شراب کا
vinocity,شراب کي طرح هونا
vinometer,شراب ميں الکحل کي مقدار معلوم کرنے کا آله
vinous,انگوري شراب کي طرح کا
vint,انگوري شراب بنانا ـ برج کي طرح کے پتوں کي کھيل
vintage,انگور توڑنا ـ شراب بنانے کا سامان
vintagers,انگور توڑ کر جمع کرنے والا
vintner,مے فروش
vintnery,انگوري شراب کي دوکان
viol,رباب
viola,ايک بڑي سارنگي ـ گل بنفشه
violable,جو توڑا جا سکے ـ قابل تنسيخ
violaceous,بنفشي رنگ کا
violate,نقصان پهنچانا ـ خلل ڈالنا ـ خراب کرنا ـ بگاڑنا ـ آلوده کرنا
violater,نقصان پهنچانے والا ـ  خراب کرنے والا
violation,عصمت دري ـ خلل اندازي
violator,نقصان پهنچانے والا ـ خراب کرنے والا
violence,صدمه ـ زبردستي ـ تشددـ زور
violenceto,مضرت پهنچانا ـ جبر کرنا
violently,سختي سے
violet,بنفشه
violin,والئتي سانگي ـ چو تارا باجا
violinist,سارنگي نواز
violist,سارنگي بجانے والا
violoncello,ايک قسم کا وايولا جو گھٹنوں ميں دبا کر بجايا جاتا هے
viper,برطانيه کا زهريلا سانپ ـ ظالم ـ دغا باز آدمي
viperine,افعي جيسا ـ قفعي کي طرح
viperish,افعي صفت
viperous,ظالم ـ موذي
virago,لڑائي عورت ـ زن مرد صفت
vireo,امريکه کا ايک سبز رن کا خوش الحان پرنده
virescent,سبزي مائل
virgate,چھڑي کي طرح کا ـ زمين ناپنے کا انگريزي پيمانه تقريبا تيس ايکڑ کا
virgilian,رومي شاعر ورجل کا
virgin,کنواري ـ بن بياهي ـ باکره
virginal,دوشيزه کي طرح ـ کنواريوں کي طرح
virginhood,کنوار پن ـ دوشيزگي
virginia,ورجينيا امريکه کا تمباکو
virginity,پاکدامني
virgo,چھٹا برج
viridescent,هرا هونے والا ـ هرا
viridity,هريالي ـ سبزي ـ شادابي
virile,مردانه ـ مرد صفت
virilescent,مرد کي سي ـ نر کي سي ـ نر صفات ماده
virility,مردانگي ـ مردي
virose,زهريلا ـ زهر آلود ـ بدبو دار
virous,زهر سے بھرا هوا
virtu,فنون لطيفه کا شوق
virtual,ذاتي ـ حقيقي ـ اصلي
virtually,اصل ميں ـ في الواقع
virtue,جوهر ـ گن ـ خوبي ـ صفت
virtuoso,فنون لطيفه کا محقق
virtuous,نيک ـ صالح ـ نيکو کار
virtuously,پاک دامني سے
virtuousness,پاک دامني
virulence,شدت ـ تلخي
virulent,زهريلا ـ زهر آلود
virulently,زياں کاري سے
viruliferous,زهر آلود
virus,متعدي امراض کا زهر ـ مهلک اثر ـ شدت
vis,غير عامل زور
visa,ويزا ـ راهداري ـ اجازت نامهـ  کسي ملک ميں داخل هونے کي اجازت
visage,صورت ـ شکل
visavis,آمنے سامنے ـ بالمقابل ـ دوبدو
viscera,پيٹ کے اعضاً
viscerate,آنتيں نکالنا
viscid,ليس دار ـ گاڑھا
viscidity,چپچپاهٹ ـ گاڑھا پن
viscidly,چپچپاهٹ سے
viscose,مصنوعي ريشم
viscosity,سالمات کو ملانے رکھنے کي قوت
viscount,انگلستان ميں ارل سے نيچے کے امرأ کا خطاب
viscountcy,نواب زدگي ـ وائي کاونٹ کا رتيه
viscountess,نواب بيگم
viscous,لباب دار ـ ليس دار
vise,پروانه ـ راهداري ـ مهر لگانا
visibility,ظاهر هونا ـ نموداري
visible,نمودار ـ آشکارا
visibly,ظاهري طور پر
vision,نظر ـ نگاه ـ بصارت
visional,مکاشفه کا ـ خيالي ـ موهوم
visionary,وهمي ـ خيالي ـ خواب ديکھنے والا
visionist,خيال پرست ـ صاحب کشف
visit,ملاقات کيلئے جانا ـ سير کرنا ـ معائنه کرنا ـ رحم کرنا
visitable,قابل ملاقات ـ قابل معائنه
visitant,ملنے والا ـ ملاقاتي ـ معزز مهمان
visitation,معائنه ـ طويل ملاقات
visiter,معائنه کرنے والا ـ ملاقات کرنے والا
visiting,آمد و رفت
visitingcard,ملاقاتي کارڈ
visitor,ملاقاتي
visitorial,سرکاري معائنه کرنيوالا
visitress,معائنه کرنيوالي
visor,لوهے کي ٹوپي ـ خود ـ جھلم
visored,مغز دار ـ نقاب پوش
vista,درميان کا منظرـ تنگ
vistad,دو رويه قطار کا منظر ـ منظر دار
visual,باصره سے متعلق ـ بصري
visuality,نظاره منظريت ـ نظر آنا
visualization,ذهن ميں ايک شکل قائم کرنا ـ عمل تصور
visualize,ذهن ميں تصوير قائم کرنا ـ مشتکل کرنا
visualizer,ذهن ميں تصور قائم کرنے والا
visually,بصارت کے لحاظ سے
vital,بقائے حيات کا ـ حياتي ـ ممد حيات
vitalcentre,نازک حصه جسم جس پر زخم مهلک هو
vitalforce,روح حيواني ـ قوت حيات
vitalism,يه نظريه که زندگي کا انحصر ايک ناقابل فهم روح پر هے
vitalist,روح حيواني کا قائل
vitality,قوت حيواني ـ قوت حيات
vitalization,قوت حيات پيدا کرنا
vitalize,قوت حيات پيدا کرنا ـ روح پھونکنا
vitalizer,روح پھونکنے والا
vitally,اهميت سے ـ مهلک طور پر
vitalstatistics,حيات کے متعلق اعداد و شمار
vitamin,حياتين ـ وٹامن
vitaphone,ايک قسم کي بولتي فلمي تصوير
vitellary,انڈے کي زردي کي طرح
vitellus,انڈے کي زردي
vitiate,بگاڑنا ـ خراب کرنا ـ بے اثر کرنا ـ بيکار کرنا
vitiation,فساد ـ بگاڑ ـ تخريب
vitiator,بگاڑنے والا
vitreosity,زجاجي هونا ـ شيشے کي طرح هونا
vitreous,سبز شيشے کا ـ زجاجي ـ کانچ کي طرح
vitreousness,شيشے کي طرح هونا
vitrescence,شيشه بننے کي صلاحيت
vitrescent,شيشه بننے کے قابل
vitrifiable,شيشه بنانيکے قابل
vitrification,شيشه بنانے کا عمل
vitrify,شيشه بنانا ـ کانچ ميں تبديل کرنا
vitriol,گندھک کا تيزاب ـ تيزابي نمک
vitriolate,گند ھک کا تيزاب ملانا
vitriolation,توتيا بنانا ـ تيزاب کي آميزش
vitriolic,جلي کٹي ـ پر جوش
vitrioline,توتيا کي قسم کا
vitriolization,توتيا بناياجانا
vitriolize,گندھک کے تيزاب سے جلانا ـ توتيا بنانا
vitta,سر پيچ ـ کساروه ـ ايک قسم  کا تاج
vituperate,ملامت کرنا ـ سخت سست کرنا ـ سرزنش کرنا ـ گالياں دينا
vituperation,لعنت ملامت
vituperative,بد زبان
viva,زنده باد ـ شاباش
vivacious,زنده دل ـ هشاش بشاس ـ پر جوش
vivaciously,زنده دلي سے
vivacity,ولوله ـ زنده دلي
vivandiere,فرانسيسي فوج کي خادمه ـ اشيائے خوردني اور شراب بيچنے والي
vivarium,باڑا ـ جانوروں کو رکھنے کي جگه
vivavoce,زباني امتحان ـ زباني
vivers,اسکاٹ لينڈ ميں کھانے کي چيزيں
vivid,شوخ ـ روشن ـ چمک دار ـ زنده دل
vividly,شوخ رنگ کيساتھ
vividness,زنده دلي سے
vivify,زنده کرنا ـ جان ڈالنا
viviparity,بچه کشي
viviparous,درخت پيداکرنے والے درخت
viviparously,درخت پيدا کرتے هوئے
viviparousness,درخت زائي ـ بچه کشي
vivisect,جانوروں کي چير پھاڑ کرنا ـ زنده جانوروں پر جراحي کرنا
vivisection,زنده جانوروں کي چير پھاڑ
vivisectional,تشريحي ـ جراحي کا
vivisectionist,ماهر علم تشريح
vivisector,زنده جانوروں کي شرح کرنے والا
vixen,ماده لومڑي ـ بد مزاج عورت
vixenish,بد مزاج ـ کينه ور
vixenly,بد مزاج
viz,يعني ـ جس کے نا م يه هيں ـ جس کي تفصيل يه هے
vizier,وزير
vizierial,وزير کا
vocable,کلمه ـ نام ـ بول
vocabulary,فرهنگ ـ لغت
vocabulist,فرهنگ نويس
vocal,آواز دار ـ ناطق ـ صوتي
vocalism,اعضائے صوت سے کام لينا ـ آواز ميں ادا کرنا
vocalist,زبان سے ادا کرنے والا
vocality,صوتي اظهار
vocalization,گانا ـ آواز ميںادا کرنا
vocalize,زبان سے ادا کرنا ـ پوري طور پر ادا کرنا
vocalizer,ابان سے ادا کرنے والا
vocally,صوتي طريقے سے
vocation,طلب ـ بلاوا ـ پيشه ـ صلاحيت
vocational,پيشه يا شغل کے متعلق
vocationally,پيشه کے طور پر
vocative,حالت ندائيه ـ جو ندا کے طور پر استعمال هو
vociferance,شور ـ چينخ و پکار
vociferant,چينخ و پکار کرنے والا
vociferate,چيخنا ـ چلانا ـ گلا پھاڑ کر بولنا
vociferation,چينخ و پکار
vociferous,هنگامه خيز ـ پر شور
vociferously,شور مچا کر
vociferousness,شور مچانے کي عادت
vodka,ودکا ـ تيز روسي شراب
vogue,راسته ـ ڈھنگ ـ وضع ـ طور طريقه
voice,آواز ـ صوت ـ صدا ـ ندا
voiceless,سکتے ميں ـ بے زبان ـ بے آواز
voicelessly,بے آوازي
voicelessness,خاموشي
voicer,آواز نکالنے والا
voicing,آواز نکالنا
void,خالي ـ تهي ـ خالي جگه ـ صاف
voidable,قابل تنسيخ
voidance,پادري کي جائداد يا اسامي خالي هونا
voidly,بے اثر طريقے سے
voidness,باطل يا بے اثر هونا ـ خالي هونا
voile,باريک سوتي کپڑا ـ وائل
volante,تيزي سے بلند هونے والا
volapuk,شلر کي ايجاد کرده جگت بھاشا جو مقبول نه هوسکي
volar,هتھلي يا تلوے کے متعلق
volatile,کافور صفت ـ اڑ جانے والا
volatileness,شوخي ـ تلون ـ اڑجانے کي خاصيت
volatilizable,اڑ جانے والا
volatilization,بخار بنا کر اڑنے کا عمل
volatilize,بخار بنا کر اڑا دينا
volcanic,کوه آتش فشاں کے متعلق
volcanically,آتش فشاني سے
volcanicity,آتش فشاني کي حالت
volcanism,آتش فشاں قوت ـ اسباب آتش فشاني
volcanist,پهاڑوں کي آتش فشاني کا ماهر
volcano,کوه آتش فشاں  ـ جوالا مکھي
volcanologist,آتش فشاں پهاڑوں کے علم کا ماهر
volcanology,آتش فشاں پهاڑوں کا علم
vole,تاش ميں کل هاتھ جيت لينا ـ پوري جيت ـ چوهے کي قسم کا جانور
volery,چڑيا خانه
volitant,اڑنے والا ـ هر پرواز رکھنے والا
volition,اختيار ـ اراده ـ مرضي
volley,بندوق يا توپ کي باڑتھ ـ بوچھاڑ ـ بھرمار ـ باڑھ مارناـ  گاليوں کي بوچھاڑ
volleyball,وولي بال ايک کھيل
volleyer,باڑھ مارنيوالا ـ بھر مار کرنے والا
volplane,هوائي جھاز کا انجن بند کر کے زمين پر اترنا ـ جھونک سے اترنا
volt,گھوڑے کا پهلو دينا ـ برقي قوت کي اکائي
voltage,برقي قوت کي رفتار جووولٹ ميں ظاهر کي جائے
voltaic,بجلي کي کمياوي بيٹري کے متعلق
voltaire,مذهبي اصولوں کا مذاق اڑانا
voltairizm,مذهبي اصولوں کا تمسخر
volteface,پلٹ کر دوسري طرف منه کر لينا
voltmeter,وولٹ ظاهر کرنے کي گھڑي
volubilate,پيچاں ـ کسي چيز  کے گرد لپٹ ناجے والي
volubile,کسي چيز کے گرد لپٹ جانے والي
volubility,پر گوئي ـ چرپ زباني ـ تقرير کي تيزي
voluble,طرار ـ چرب زبان ـ لسان ـ باتوني ـ جلد جلد باتيں کرنے والا
volume,جلد ـ کتاب ـ پيج ـ پلبنده ـ جسامت ـ آواز کي گونج کي حد ـ مقدار ـ ضخامت
volumenometer,آله جس سے ٹھوس چيز ا حجم سيال ميں رکھ کر دريافت کيا جاتا هے
volumeter,آله جس سے گيسوں کا حجم دريافت کيا جاتا هے
voluminosity,ضخيم هونا ـ بڑے حجم کا
voluminous,پيچيده ـ پر نويس ـ بڑي جسامت کا
voluminousness,ضخيم هونا
voluntariness,اپني خوشي کا هونا ـ خود اختياري هونا
voluntary,اپني خوشي سے کام کرنے والا ـ بالا راده ـ اختياري ـ خوشي کا ـ بالمقصد
voluntaryism,يه طريقه کي فوجي يا مذهبي تعليم لوگوں کي مرضي پر منحصر هو
volunteer,رضا کار ـ رضا کار بننا ـ اپني خدمات پيش کرنا
voluptuary,شهوت پرست
voluptuous,نفس پرست ـ شهوت پرست
voluptuously,شهوت پرستي سے
voluptuousness,شهوت پرستي ـ عياشي
volute,مرغول ـ چکردار
volution,پيچ ـ چکر
vomit,قے کرنا ـ استغراق کرناـ اگلنا ـ خارج شده ماده
vomitive,قے آور
vomitory,قے آور دوا
voodoo,سفلي جادو ـ سفلي عمل کرنا
voracious,پيٹو ـ بيسيار خور
voraciousness,بيحد حرص ـ پيٹو پن
voracity,نديده پن
voraginous,بھنور کے متعلق ـ بھنور کا
vorago,خليج ـ کھاڑي
vortex,بھنور ـ گرداب ـ چکر
vortical,چکر کھانيوالا
vorticose,گردابي
vorticular,چکر کي شکل کا
vortiginous,گردش کرتا هو اـ چکر کھاتا هوا
votable,جو ووٹ دے سکتا هو ـ قابل رائے شمار
votary,جان نثار ـ پرستار ـ بھگت ـ زبردست حامي
vote,رائے ـ ووٹ ـ ووٹ سے تحريک کا فيصله کرنا ـ رائے دينا
voteable,قابل رائے شماري
voteless,بے رائے ـ بے ووٹ
voter,رائے دينے والا
voting,رائے دينا ـ رائے شماري
votingpaper,ووٹ ـ رائے کا پرچه
votive,منت کا ـ ماناهوا ـ نذر کا ـ جو منت کے پورا هونے پر نذر کيا جائے
vouch,تصديق کرنا ـ شهادت دينا ـ ضامن هونا
voucher,تصديق کرنے والا ـ تصديق ادائي رسيد ـ فرد حساب
voucherable,قابل تصديق
vouchsafe,مهرباني کرنا ـ عنايت کرنا ـ ضمانت ضامن هونا
vow,عهد ـ اقرار ـ منت ـ اقرار کرنا ـ قسم کھانا ـ عهد کرنا
vowel,حرف علت
vowelize,حرف علت داخل کرنا
vowelly,حرف علت کي طرف
vower,اقرار کرنے والا ـ عهد کرنے والا
voyage,بحري سفر ـ سفر کرنا
voyageable,بحري سفر کے قابل ـ قابل عبور
voyager,مسافر ـ سفر کرنيوالا
vulcanite,آتشيں پتھر ـ ربڑ اورگندھک کا مرکب
vulcanizable,گندھک ملا کر جوڑنے کے قابل
vulcanization,گندھک ملا کر مضبوط کرنے کا عمل
vulcanize,ربڑ ميںاس طرح گندھک ملانا که اس کي مضبوطي بڑھ جائے
vulcanizer,گندھک ملا کر مضبوط کرنے والا
vulgar,عاميانه ـ بازاري
vulgarfraction,کسور عام
vulgarian,سفله ـ رذيل ـ اوچھا ـ بد تهذيب
vulgarism,گري هوئي حرکت ـ بازاريت
vulgarity,اوچھا پن
vulgarization,سفله پن پيدا کرنا
vulgarize,عاميانه رنگ پيدا کرنا
vulgarizer,عاميانه رنگ پيد اکرنے والا
vulnerability,حملے کي زد ميں آنا ـ کمزوري
vulnerable,جو مجروح کيا جاسکے ـ جس پر زخم لگ سکے
vulnerableness,غير محفوظ حالت
vulnerary,زخم کو مندمل کرنيو الا ـ زخم بھوننے والا مرهم ـ زخم کي دوا
vulpine,روباه صفت ـ مکار ـ چالاک
vulture,گدھ ـ کرگس ـ حريص اور موذي شخص
vulturish,گدھ کي طرح
vulturous,گدھ کي طرح
vulvar,اندام نهاني کے متعلق
vulvate,سوراخ دار
vulviform,سوراخ کي شکل کا
