w,انگريزي حروف تھجي کا تيئيسواں حرف
waac,عورتوں کي امدادي فوج
wabble,گھومنا ـ ادھر سے ادھر حرکت کرنا ـ ڈھگمگانا
wabbler,ڈگمگانے والا
wack,جوالا ـ مٹي
wad,بندوق کي ڈاٹ ـ نمده کا گول ٹکڑا ـ گڈي ـ گٹھا ـ زر ـ روپيه
wadding,نمدے کي ڈاٹ ـ روشني کي بھرائي ـ بھرائي
waddingly,جھومتے هوئے ـ مٹکتے هوئے
waddle,مٹکا ـ مٹکتے هوئے چلنا ـ اٹھلا کر چلنا ـ مٹک
waddler,مٹکرے هوئے چلنے والا
waddling,مٹکنا
waddy,آسٹريلوي باشندوں کا جنگي ڈنڈا
wade,دقت سے گزرنا ـ عبور کرنا ـ دشواري سے گزرنا
wadeable,قابل عبور
wader,پاني ميں چلانے والا ـ لم ٹنگاـ پاني کے اونچے جوتے
wadi,ندي جو برسات ميں بهتي يو
wadingbird,لمبي ٹانگوں والا بگلا
wafd,مصر کي سياسي جماعت وفد جو اب ختم هو چکي هے
wafdist,جماعت وفد کا رکن
wafer,ايک قسم کا پتلا کرکرا بسکٹ ـ گڈي ـ کاغذي مهر لگانا
wafery,ٹکيا سا
waffle,روغني روٹي
waft,بھالے جاناـ لے جانا ـ هاتھ سے اشاره کرنا ـ پھيلانا ـ نغمه ـ جھونکا
wafter,بھالے لے جانے والا
wag,هلانا ـ لهرانا ـ دم هلانا ـ گزرنا
wage,اجرت ـ مزدوري ـ معاوضه
wageless,بے اجرت
wager,بازي لگانا ـ شرط
wagerer,بازي لگانے والا
waggery,طرفه حرکتيں ـ مسخرے پن کي باتيں
waggish,مسخرے پن کا
waggle,هلانا جھلانا
waggly,جھولتا هوا
waggon,جھگڑا ـ مال گاڑي کا ڈبه
waggoner,گاڑي هانکنے والا
wagon,جھگڑا ـ مال گاڑي کا ڈبه
wagoner,گاڑي هانکنے والا
wagonet,ايک قسم کي ٹپ دار بگھي
wagonlit,يورپي ريل گاڑيوں ميں سونے کا ڈبه
wagtail,ايک قسم کي چڑيا
wahabi,ايک اسلامي فرقه ـ وهابي
waif,لوارٹ مال
waifsandstrays,متفرق چيزيں ـ لوارٹ بچے
wail,واويلا کرنا ـ ماتم کرنا ـ نوحه کرنا
wailer,نوحه کرنے والا ـ ماتم کرنے والا
wailful,غم انگيز ـ دردناک
wailingly,دردناک آواز ميں ـ سينه کوبي کے ساتھ
wailingwall,جھاں يهودي کھڑے هو کر روتے هيں ـ ديوار گريه
wain,بگھي ـ چھکڑا ـ گاڑي
wainscot,تخته بندي ـ تختوں کا حاشيه لگانا
wainscoting,لکڑي کا حاشيه
waist,کمر ـ ميان
waistcoat,واسکٹ
wait,انتظار کرنا ـ توقف کرنا ـ منتظر رهنا
waiter,ملازم ـ خدمتگار ـ چنگي کا اهل کار ـ چوکيدار ـ خوان ـ کشتي
waitingroom,انتظار کا کمره
waitress,هوٹل کي ملازمه جو کھانا کھلاتي هے
waive,چھوڑنا ـ دست کش هونا ـ تياگنا ـ دست بردار ـ دعوي چھوڑنا
waiver,چھوڑنے والا ـ دست کش هونے والا
wake,جاگتے رهنا ـ بيدار رهنا ـ غفلت سے بيدار هونا
wakeful,بيدار ـ چوکس
wakefulness,چوکسي ـ بيداري
wakeless,سست ـ کاهلي
waken,جاگنا ـ جگانا ـ چوکنا
waker,جاگنے والا ـ بيدار هونے والا
wakingdream,خيالي پلاؤ ـ محويت کا عالم
wakinghours,اوقات بيداري
wale,اول ـ برت ـ مار کے نشان ـ بدمي
waler,آسٹريليا کا دوغلا گھوڑا جو هندوستان ميں درآمد کيا جائے ـ ويلر
wales,ويلز ـ برطانيه کا وه علاقه جھاں ولش قوم آباد هے
walk,چلنا ـ چهل قدمي کرنا ـ بھوت نظر آنا ـ گزرنا
walkable,پيدل چلنے کے قابل
walkabout,ٹهلنا ـ مٹر گوشت کرنا ـ ادھر ادھر پھرنا
walkeoff,فوراً چل دينا
walker,چلنے والا ـ سير کرنے والا  ـ اجي رهنے بھي دو ـ ٹھيک هے ـ جي هاں
walkoff,فوراً چل دينا
walkoflife,شعبه حيات ـ پيشه ـ شغل
walkout,جلسه سے اٹھ کر چلے جانا
walkover,حريف کے نه آنے کي وجه سے فاتح قرار ديا جائے
walktall,غرور سے پيش آنا
wall,ديوار ـ فصيل بنانا ـ مورچه
wallah,واللّٰه
wallaroo,آسٹريليا کا ايک بڑا کينگرو
wallet,فقيروں کي جھولي ـ سفري تھيله ـ زنبيل ـ بٹوا
walleye,ايک بيماري جس ميں آنکھيں پهلي هوجاتي هيں ـ پيله
walleyed,جس کو پيلے کي بيماري هو
wallflower,وه عورت جس کو رقص کا ساتھي نه ملے ـ ايک پودا جس ميں خوشبودار پھول آتے هيں
walloon,جنوبي بلجيم کي ايک قوم
wallop,لڑکھڑاتے هوئے چلنا ـ جوش کھا نا ـ کوڑے مارنا
walloper,لڑکھڑاتے هوئے چلنے والا
wallow,کيچڑ ميں لوٹنا ـ غلاظت ميں رهنا
wallower,کيچڑ ميں رهنے والا
wallshaveears,هوشيار کوئي کان لگا کر نه سن لے ديوار هم گوش دارد
wallstreet,نيويارک کا صرافه
walnut,اخروٹ ـ اخروٹ کا درخت
walrus,دريائي گھوڑا
waltz,ايک رقص جس ميں جوڑتے جاچتے هيں
waltzer,رقص کرنے والے ـ والز ناچنے والے
wampee,چين اور شرق الهند کا ايک درخت چھلکے کا ميوه جو انگور سے بڑا هوتا هے ـ وامپي
wampum,سيب کے گول دانے جو امريکه کے ديسي باشندے زر کے طور پر  استعمال کرتے تھے
wan,زرد ـ مريض ـ بے نور
wand,چھڑي ـ جريب ـ پتلي ٹهني ـ عضا ـ قمچي
wander,ادھر ادھر پھيرنا ـ بے مقصد پھرنا ـ آواري گردي کرنا
wanderer,خانه بدوش ـ آوار ه گرد
wandering,خانه بدوشي
wanderingjew,حضرت مسيح کي بے حرمتي کرنے والا ـ  وه شخص جو همهشه سفر ميں رهے
wanderoo,لنکا کا شير کي دم والا بندر
wane,گھٹنا ـ کم  هونا ـ زوال پذير هونا
wangle,چالاکي سے حاصل کرنا ـ دم دے کر حاصل کرنا ـ جعل کرنا
wangler,جعل کرنے والا ـ چالاکي سے حاصل کرنے والا
wanly,افسردگي کے ساتھ ـ نفاهت سے
wanness,نفاهت ـ پيلا پن ـ زردي
want,کمي ـ قلت ـ توڑا ـ ضرورت ـ نه رکھناـ حاجتمندي هونا ـ خالي هونا ـ معيار سے کم هونا ـ چاهنا ـ طلب کرنا ـ خواهش کرنا
wanter,چاهنے والا ـ خواهش کرنے والا
wanting,مطلوب ـ غائب
wanton,شوخ ـ چنچل ـ اچھلنے کودنے والاـ آزاد
wantonly,آزادي سے
wantonness,رندي ـ بدکاري ـ آوارگي
wapiti,بڑا هرن
war,جنگ کرنا ـ لڑ کر شکست دينا ـ جنگ ـ لڑائي
warble,ايک خوش الحان پرنده
warbler,چهکنے والا ـ گانے والا
warblingly,چهچهاتے هوئے
warcloud,آثار جنگ
warcry,نعره جنگ
ward,نگراني ـ نگهباني ـ حفاظت ـ چوکسي ـ پاسبان ـ حراست ـ نابالغ ـ نابالغ
warden,پاسبان ـ نگهبان ـ مهتمم داروغه
wardenship,نگراں کے فرائض
warder,قيديوں کا نگراں ـ عصائے حکومت
wardership,نگراں کے فرائض
wardrobe,توشه خانه ـ شش دره
wardship,ولايت ـ نگراني
ware,مال ـ سود اـ مال تجارت ـ دوکان کا سامان ـ شے ـ چيز ـ جنسي
warehouse,گودام ـ کوٹھي ـ مالخانه
warfare,جگ و جدل ـ محاوريه
warily,ديکھ بال کرنا ـ احتياط کے ساتھ
wariness,هوشياري ـ چوکسي
warlike,جنگ جو ـ جرار
warlock,جادو گر ـ ساحر
warlords,قائدين جنگ ـ ماهرين جنگ
warm,گرم ـ قدرے گرم ـ گرمي کا ـ سرگرم ـ پر شوق ـ پر جوش ـ تند ـ تيز ـ سخت ـ همدردي کا ـ خوش حال
warmblooded,جذباتي مزاج کا
warmdescription,شهوت انگيز بيان
warmer,گرم کرنے کا برتن
warmhearted,همدرد ـ نرم دل
warmheartedly,نرم دلي سے ـ همدردي سے
warmheartedness,همدردي
warming,کندي ـ مرمت ـ مار
warmly,گرم جوشي سے
warmth,غصه ـ حرارت ـ گرم مزاجي ـ جوش
warmup,ورزش کرنا  ـ گرم هونا
warn,آگاه کرنا ـ خبردار کرنا ـ هوشيار کرنا ـ حکم دينا
warner,خبردار کرنے والا ـ هوشيار کرنے والا
warning,تنبيه انتباه ـ خطرے کي اطلاع
warningly,خطرے سے آگاه کرتے هوئے
waroftheelement,زور عناصر
warp,موڑنا ـ ٹيڑھا کرنا ـ خم دينا ـ منحرف کرنا
warper,موڑنے والا ـ ٹيڑھا کرنے والا
warrant,سند اختيار ـ کسي کام کي معقول وجه جوز ـ مختار نامه ـ پروانه تقرر ـ تلاشي
warrantable,قابل شکار ـ معقول ـ جائز ـ واجب ـ مناسب
warranter,تصديق کرنے والا ـ شکار کرنے والا ـ وجه بتانے والا
warrantless,بے وجه ـ بے اختيار ـ بے سند
warranty,دلجمعي ـ اطمينا ن ـ کفالت ـ ضمانت
warren,شکار گاه
warring,مخالف ـ متضاد
warrior,سپاهي ـ مجاهد ـ تجربه کار فوجي
warsong,رجر ـ رزميه گيت
wart,مسا ـ گمڑي ـ سخت دانه
wartime,جنگ کا موقع
wartotheknife,مارنے مرنے کي لڑائي
warty,مسوں سے بھراهوا
warwork,جنگي کام
wary,چوکس ـ چوکنا ـ هوشيار
was,تھا
wash,دھونا ـ نهلانا ـ نهانا ـ پاک صاف کرنا
washable,دھونے کے قابل
washball,هاتھ منه دھونے کا صابن
washbasin,هاتھ منه دھونے کا طشت ـ سلفچي
washday,يوم غسل ـ کپڑے دھونيکا برتن
washedout,رنگ رلياں منانے کے بعد تھکا هارا
washer,دھونے والا
washerwoman,کپڑا دھونے والي عورت
washhouse,کپڑے دھونے کا کارخانه
washiness,هلکا پن ـ پتلا پن
washing,دھلائي کے متعلق
washington,رياست هائے متحده امريکه کي حکومت
washingtonia,کيلي فورنيا کا پام کا درخت
washleather,برتن وغيره صاف کرنے کا چمڑا
washout,ناکام شخص ـ لاحاصل کام
washpot,کپڑے دھونے کا طشت
washroom,غسل خانه
washtub,کپڑے دھونے يا نهانے کا ٹب
washy,پاني کا ساـ بے مزه
wasp,بھڑ ـ زنبور
waspish,چڑچڑ اـ بد مزاج
waspishly,بد مزاجي سے
waspishness,ضد ـ تلخي
waspwaisted,بھڑ جيسي  کمر والا ـ پتلي کمر والا يا والي
wassail,جام صحت نوش کرتے وقت کا سلام ـ بزم شراب
wassailer,شراب نوشي کرنے والا
wast,تھا ـ تھے
wastage,اجاڑ ـ ويران ـ پامال
waste,برباد کرنا ـ تباه کرنا ـ پامال کرناـ ضائع کرنا ـ تلف کرنا
wasteful,مسرف ـ فضول خرچ
wasteland,بنجر زمين ـ پڑت
wastenotwantnot,نه فضول خرچي کرو نه محتاج بنو
wastepaper,بے کار کاغذ ـ ردي
waster,فضول خرچ ـ ضائع کرنے والا
wastrel,ردي نکما  مال ـ آواره بچه
watch,چوکسي ـ بيداري ـ چوکيدار ـ نگهبان ـ رکھوالي ـ گھڑي
watchandward,چوکسي ـ چوکي بهره
watchdog,رکھوالا کتا
watcher,رکھوالي کرنيوالا ـ خبردار رهنے والا
watchful,هوشيار ـ چوکس
watchfulness,چوکسي ـ خبرداري
watchmaker,گھڑي ساز
watchmaking,گھڑي بنانا
watchman,چوکيدار
watchmen,چوکيدار جمع
watchonestime,مناسب موقع کا انتظار کرنا
watchtower,پهرے کا مينار ـ ديديان
water,پاني ـ آب
waterbed,پاني والي چارپائي
waterbiscuit,بغير گھي کا بنا هوا سخت بسکٹ
waterborne,سمندري راستے سے لايا هوا
waterbury,امريکه کي بني هوئي سستي گھڑي
watercloset,فلش کا طهارت خانه
watercolor,پاني کا رنگ
waterdown,هلکا کرنا
waterer,پاني دينے والا
waterfall,آبشار
waterfinder,وه شخص جو زير زمين پاني کا پته چلاتا هے
wateriness,تري ـ نمي ـ رطوبت
wateringplace,مويشيوں کے پاني پينے کي جگه
wateringpot,جھارا ـ کندلي
waterish,پاني کا سا
waterlevel,سطح آب
waterloo,آخري شکست ـ فيصله کن شکست
waterman,ملاح ـ کشتي بان
watermark,کاغذ کے اندر کا نشان
watermelon,خربوزه ـ تربوز
watermen,ملاح
waterproof,پن روک
waterproofer,پاني روکنے والا
waterside,سمندر کے کنارے
watertight,پن روک
waterway,پاني کا راسته
waterworks,محکمته آب رسائي
watery,حد سے زياده پاني جا
watt,برقي قوت کا پيمانه
wattle,ٹٹي ـ جعفري ـ ڈالي ـ لچکدار ـ بيد ـ مرغ کا پوٹا ـ مچھلي کے خار
wattled,جس کے گلے کا گوشت لٹکا هوا هو
wave,لهرـ موج ـ ترنگ ـ هوا
wavelength,موج کا طول
waveless,بے موج ـ بے هوا ـ بے ترنگ
waverer,ڈگمگانے والا ـ متلون مزاج
waveringly,ڈگمگاتے هوئے
waviness,لهردار هونا
wavy,لهريں مارتا هوا ـ متموج ـ لهردار
wax,بڑھنا ـ زياده هونا ـ موم ـ مومي ماده ـ ترقي کرنا ـ کان کا ميل ـ موم رگڑنا
waxandwane,بڑھنا گھٹنا
waxen,موم کا بنا هوا
waxer,بڑھنے والا ـ پھيلنے والا
waxiness,موم پن
waxworks,مومي مجسمه سازي  ـ مومي چيزيں
waxy,نرم ـ پيلا سا ـ تيز مزاج
way,راسته ـ راه ـ سڑک ـ شارع ـ فاصله ـ سمت ـ ترقي ـ نيت
waylay,رهزني کرنا ـ راسته ميںروکناـ گھات لگانا
waylayer,زهزني کرنے والا
wayless,بے راه ـ بے تدنر
waysandmeans,تدبير اور وسائل
wayside,سرراه
wayward,خود پسند ـ خود رائے ـ ضدي
waywardly,خود پسندي سے
waywardness,ضد ـ سر کشي ـ بد دماغي ـ خود رائي
wayworm,سفر کا تھکا مانده
we,هم
weak,کمزور ـ ناطاقت ـ سست ـ کاهل
weaken,کمزار کرناـ طاقت کم کرنا
weakener,کمزور کرنے والا ـ طاقت کم کرنے والا
weakhearted,کمزور دل
weakish,قدرے کمزور ـ کمزورسا
weakkneed,کمزور ارادے کا ـ بودا
weakling,ضعيف يا کمزور انسان
weakly,کمزوري کے ساتھ
weakminded,ضعيف العقل ـ کم عقل ـ کمزور
weakness,کمزوري ـ ناطاقتي
weal,خوش حالي ـ برتري ـ يهودي ـ رفاه
wealandwoe,خوش حالي اور بد حالي
wealth,مال ـ دولت ـ فراوائي ـ کثرت
wealthiness,دولت مندي
wealthy,دولت مند  ـ اميرـ مالدار
wean,دودھ چھڑانا ـ مشکل سے الگ کرنا ـ محبت سے الگ کرنا
weaner,مشکل سے الگ کرنے والا
weanling,دودھ چھوٹا بچه
weapon,هتيار ـ آله حرب
wear,پهننا ـ زيب تن کرنا ـ اوڑھنا
wearable,پهننے کے قابل
wearandtear,گھسنا ـ فرسودگي
wearer,پهننے والا ـ زيب تن کرنے والا
weariness,تکان ـ ماندگي ـ سستي
wearisome,ناگوارـ تکلف ده ـ اجيرن
wearisomely,ناگواري سے
wearisomeness,ناگواري
weary,تھکا هواـ تھکا مانده ـ بيزار کر دينا ـ اکتا دينا
weasel,نيولا ـ راسو ـ منگس
weaselfaced,وه شخص جس کا لمبا اور پتلا چهره هو
weather,موسم ـ مطلع ـ مشکلات سے بچ کر آنا ـ طوفان جھيلنا
weatherbeaten,آزموده کار ـ گرم و سر د چشيده
weathercock,مرغ ياد نما
weatherforecast,موسمي پيشن گوئي
weatherly,تيز هوا کا مقابله کرنے والا
weathermost,هو کے رخ پر ـ سب سے دور
weave,تاگے سے کپڑا بننا ـ ترتيب دينا ـ تيار کرنا
weaver,بننے والا ـ جولاها
web,بافته ـ مکڑي کا جالا ـ پرندوں کے پيروں کي جھلي
webbed,جھلي دار پنجوں کا
webeyed,آنکھ کے جالے پھولے کا مريض
webfeet,جھلي دار پير
webfoot,جھلي دار پير
wed,شادي کرنا ـ عقد کرنا ـ نکاح کرنا í بياه کرناـ بياهنا
weddedbliss,ازدواجي زندگي کي مسرتيں ـ ازدواجي زندگي
weddedbreakfast,وليمه ـ دعوت عروسي
weddedto,اٹل ـ اپنے اصول پر جما هوا
wedder,اپنے اصول پر جمنے والا
wedding,شادي ـ بياه ـ شادي کي تقريب
weddingcake,کيک جو اعزا واحباب ميں تقسيم هوتا هے ـ شادي کا کيک جو دولھا دلھن کاٹتے هيں
weddingcard,شادي کا رقعه
wedge,پھانه ـ پچر ـ بچر کي طرح چيرنا
wedgewise,هچر کي طرح ـ هچر کي شکل کا
wedgewood,خوشنما چيني کے برتن ـ چيني کے عمده برتن جن کا موجد وج وڈ تھا
wedlock,عقد ـ نکاح
wednesday,بدھ
wee,ذرا سا فاصله يا وقت
weed,گھاس پھونس ـ گھاس پات ـ خس و خاشاک ـ نکمي چيز
weediness,گھاس پھونس سے پر هونا
weedless,بے خاشاک
weeds,بيوه کا ماتمي لباس
weedy,گھاس پھونس سے اٹا هونا
weeingwillow,بید مجنون ۔
week,هفته
weekday,هفته کے علاوه کوئي دن
weekend,هفته کا اخري دن
weekly,هفته ميں ايک بار
ween,خيال کرنا ـ توقع کرنا
weep,رونا ـ آنسو بھانا ـ گريه زاري کرنا
weepaway,رو رو کر وقت گذارنا
weeper,رونے والا
weepingeczema,داد جس سے رطوبت خارج هو
weepingwillow,بيد مجنون
weever,ايک مچھلي جس کي پشت پر کانٹا هوتا هے ـ خار پاهي
weevil,لمبي تھوتھني والا کيڑا
weft,بھوني جالا ـ بني هوئي چيز
weigh,وزن کرنا ـ تولنا ـ وزن معلوم کرنا
weighage,تولنے کي اجرت ـ وزن کرائي  ـ تلاشي
weighanchor,لنگر اٹھانا
weighbridge,گاڑي تولنے کي مشين
weigher,وزن کرنے والا
weighingmachine,مشين تکڑ ـ تولنے کي مشين
weighout,تول کر عليحده کرنا ـ تول لينا
weight,بار ـ وزن ـ بوجھ ـ تول
weighter,وزن معلوم کرنے والا ـ تولنے والا
weightless,بے وزن ـ بے تول
weightlessness,بے وزني کي حالت
weightness,بھاري پن ـ وقعت ـ بوجھ
weighty,بھاري ـ بوجھل ـ وزني
weir,بند جو دريا بنايا جائے تاکه پاني کي سطح اونچي هو جائے
weird,نصيب ـ تقدير ـ قسمت ـ جادو ـ منتر
weirdly,پراسرار طريقے سے
weirdness,هيبت ناک
welcome,خوش آمديد ـ خير مقدم  ـ خوش آمديد کهنا ـ خير مقدم کرنا
welcomeness,خوش گواري ـ خوش آئندگي
welcomer,استقبال کرنے والا ـ خوش آمديد کهنے والا
weld,ايک درخت کس سے زرد رنگ نکالا جاتا هے ـ لويے کے ٹکڑوں کو گرم کرکے جوڑنا ـ لوهے کا جوڑ
weldable,گرم هوکر جڑنے کے قابل
welder,جوڑنے والا
weldless,بے جوڑ
welfare,خيرت  ـ خير وعافيت ـ خوش حالي ـ بھتري
welk,مرجھانا ـ سکڑنا ـ سوکھ جانا
welkin,بادلوں کي دنيا ـ انبر ـ اکاس
well,چشمه ـ سوتا ـ فواره ـ دهانه ـ ٹھيک ـ درست ـ صحيح ـ مناسب طريقے سے ـ اچھي طرح سے ـ بجا طور پر
welladay,هائے ـ افسوس
welladvised,دانش مندانه ـ مناسب
wellarmed,پوري طرح مسلح
wellbehaved,خوش رويه ـ باتميز
wellbeing,خيرو عافيت
wellborn,عالي نصب
wellbred,شائسته
wellconnected,باوسيله ـ عالي سلسله
welldefined,بالکل واضع
welldirected,خوش اسلوبي سے کيا هوا
welldone,شاباش ـ بھت خوب
welldressed,خوش لباس
welleducated,اعلي تعليم يافته
wellfed,خوب کھلايا پلايا هوا
wellfurnished,سجايا هوا
wellinformed,باخبر
wellington,لمبے جوتے
wellintentioned,خوش اراده
welllooking,خوب رو ـ خوش رو
wellmannered,خوش رويه
wellmeaning,نيک نيت ـ نيک خيال
wellmet,يار خوب ملے
wellpaid,معقول اجرت کا
wellread,خوب پڑھا هوا
wellspoken,نيک نام
welltimed,مناسب وقت پر
welltodo,خوش حال
wellwisher,خيرانديش ـ بهي خواه
welsh,شرط کا روپيه ادا کئے بغير ريس کورس سے چلے جانا  ـ ويلز کا باشنده
welsher,بازي کا روپيه ادا کئے بغير بھاگ جانے والا ـ نادهنده
welshman,نادهنده آدمي
welshwoman,نادهنده عورت
welt,مغزي ـ گوٹ ـ بيل
welter,لوٹنا ـ اچھلنا ـ تڑپنا ـ گڑ بڑ ـ بھاري جسم کا مکا باز ـ بھاري چوٹ ـ بڑا سا آدمي
wen,بے تکي گنجان آبادي کا شهر ـ گومڑي ـ دنبل
wench,جواں عورت ـ چھوکري ـ فاحشه عورت
wencher,زنا کار ـ عياش
wend,جانا ـ چلنا ـ پھرنا ـ قدم اٹھانا
went,گيا هوا
wentletrap,ايک قسم کي ابھرے هوئے خول والي صدف ماهي
were,تھے
werewolf,خفيه نازي تنظيم کا رکن
werewolves,خفيه نازي تنظيم کے ارکان
wertherism,وردر کي طرح جذبات پرستي
wesleyans,ويزلي فرقه کا
west,مغرب ـ مغرب کي طرف
westering,مائل به مغرب
westerly,پيچھي ـ پيچھے سے چلنے والي
western,مغربي ـ مغرب کا
westerner,جنگ عظيم ميں مغربي محاذ پر فوجيں بھيجنے کا حامي ـ مغرب کا رهنے والا
westernize,مغربي طرز معاشرت اختيار کرنا
westing,مغرب کي جانب سفر
westminster,برطانوي پارليمنٹ
westward,مغرب کي طرف ـ پچھم اور
wet,تر ـ بھيگا هوا ـ مرطوب پر آب
wetable,تر کرنے کے قابل
wetland,مرطوب زمين
wetly,نمي
wetness,نمي ـ تري ـ رطوبت
wetnurse,دودھ پلائي دائي ـ انا
wetter,تر کرنے والا
wetting,گيلا کيا جانا ـ شرابور هوجانا
wettish,کسي قدر گيلا
wey,خشک چيزوں کا وزن مثلاً چار پائلي ـ اناج يا نمک
whack,تيزي سے مارنا ـ مارنا پيٹنا
whacker,مارنے والا ـ مارنے پيٹنے والا
whacking,بھت بڑا
whale,دودھ پلانے والي مچھلي
whaler,وهيل کے شکار کا جھاز يا کشتي ـ وهيل کا شکاري
whang,چمڑے کے تسمے مارنا ـ دھڑ سے مارنا ـ ڈھول پيٹنا
whangee,چھڑي ـ چيني بانس کي چھڑيک
wharf,گھاٹ ـ لکڑي کا ـ گھاٹ پر ٹهرانا
wharfage,گھاٹ کا معمول
wharfinger,گھاٹ والا
what,کيا ـ کون ـ کسي ـ کونسا ـ کيسا ـ کسي قدر  ـ کيا بات ـ کيامعامله
whatever,جوکچھ بھي ـ جس قدر
whatman,ايک قسم کا ڈرائنگ کا کاغذ جو اپنے موجد کے نام سے موسوم هے ـ واٹ مين کاغذ
whatsoever,کيسا هي ـ کسي ـ جوکچھ بھي
whaup,اسکاٹلينڈ ايک قسم کي لمبي گردن کي پن مرغي
wheal,معدن ـ کان
wheat,گندم
wheaten,گندمي ـ گيهوں کا
wheedle,ميٹھي باتوں سے ورغلا نا ـ خوشامد کرنا ـ راضي کرنا
wheedleoutof,خوشامدي کرکے اينٹھ لينا
wheedler,خوشامدي ـ چکني چپڑي باتيں کرنے والا
wheedling,خود غرضانه
wheel,پهيه ـ چرخي ـ چکر ـ دور ـ گردش ـ گردش تقدير
wheelchair,پهيے والي کرسي ـ معذوروں کي کرسي
wheeler,گھمانے والا ـ چاک بنانے والا
wheelwright,گاڑي کے چاک بنانے والا
wheeze,خرخراهٹ کے ساتھ سانس لينا
wheezer,سوں سوں کرنے والا ـ خرخراهٹ کرنے والا
wheezy,خرخر کرنے والا
whelk,ايک قسم جا گھونگھا
whelm,غرق کرنا ـ ڈبونا ـ بند کردينا
whelp,پلا ـ شير کا پلا ـ شير ـ بچے جننا
when,جبـ کب ـ کسي وقت ـ جس وقت ـ جب که
whence,کهاں سے ـ کسي جگه سے ـ کدھر سے ـ کيسے ـ کيوں ـ جس طرح سے
whenever,جب بھي ـ جس وقت ـ جب
where,کهاں ـ کدھر ـ کس جگه ـ کهاں کو ـ کس طرف
whereabouts,نشان ـ پته ـ ٹھاکانا ـ مقام ـ کس مقام پر
whereat,جس بات پر ـ جس پر
whereby,کس کے سبب ـ کس سے ـ جس سے
wherefore,جس سبب سے ـ جس واسطے ـ کيوں
wherefrom,جهاں سے ـ کس جگه سے ـ کهاں سے
wherein,جس بات ميں ـ کسي بات پر
whereof,جس کا ـ کسي کا
whereon,کس پر ـ جس پر
wheresoever,خواه کهيں جھاں کهيں
whereto,کهاںتک ـ کهاں کو
whereupon,بعد ازاں ـ جس کے بعد ـ جس پر ـ تب
wherever,خواه کهيں هو
wherewith,جس سے ـکسي سے ـ جس کے ساتھ
wherewithal,خرچ ـ روپيه ـ وسائل
wherry,ڈونگي ـ کشتي
whet,رگڑ کي تيز کرنا ـ سنگ چٹانا ـ دھار لگانا
whether,خواه ـ يا ـ آيا ـ کيا ـ چاهے
whetherorno,هر صورت ميں
whetstone,عقل تيز کرنسے والي چيز ـ اوزار تيز کرنے والا پتھر ـ سان
whew,ھوھو ـ ارے غضب ـ اوهو
whey,دوھد کا پاني ـ آب شير
which,کونسا ـ کون ـ جس ـ کون ـ کون چيز
whichever,ان ميںسے جو بھي
whichiswhich,ان ميں سے کسي کا کيا نام هے
whichsoever,جون سا ـ جو کوئي
whiff,پھونک ـ دم ـ کش ـ هلکا جھونکا ـ مهلک ـ چھوٹا سگار
whiffer,پھونکنے والا
whig,ايک قديم سياسي فرقه
whiggery,وهگ پارٹي کا اصول
whiggish,عوامي اقتدار کا ـ عوامي آزادي کا
whiggism,يه نظريه کي عوامي اقتدار بادشاه سے بالاتر هے
while,وقت ـ مدت ـ جبکه ـ وقت گزارنا ـ جب تک که
whilst,جب کہ ۔ جس وقت ۔
whim,لهر ـ موج ـ خيال ـ وهم
whimbrel,ايک قسم کي مرغاني ـ پن ککڑي
whimper,ره ره کر ـ روں روں کرنا ـ بسور کر کهنا
whimperer,ريں ريں ـ روں روں کرنے والا
whimperingly,روں روں کرتے هوئے
whimsical,لهري ـ موجي
whimsicality,انوکھا پن ـ تلون مزاجي
whimsically,انوکھے طريقے سے
whine,کراهنا ـ دھيمي آواز سے رونا ـ آه آه کرنا
whiner,فرياد کرنے والا ـ دھيمي آواز سے رونے والا
whinger,چھوٹي تلوار ـ ککري
whiningly,بسورتے هوئے ـ روتے هوئے
whinnied,هنھنانے کي  آواز
whinny,هنهنانے کي آواز
whip,چابک مار نا ـ کوڑا مار نا ـ تيزي سے چلے جانا ـ جھپٹنا
whipingpost,ٹکٹکي
whipingtop,وه لٹو جس کو رسي لپيٹ کر پھرايا جاتا هے
whipper,کوڑے مارنے والا ملازم
whippersnapper,بچه يا کم علم آدمي جو قابليت کے زعم ميں دخل معقولات کرے
whippet,مخلوط نسل کا شکاري کتا
whippiness,لچکدار هونا
whipping,کوڑوں کي سزا
whippy,لچکدار
whipster,چھوٹا بچه ـ عيار ـ چست و چالاک آدمي
whipstream,بنسي سے ندي ميں مچھلياں پکڑنا
whir,پھرنے يا چکر کھانے کي آواز
whirl,گھومنا ـ پھرنا ـ پھرانا ـ گھمانا
whirler,گھمانے والا ـ پھرانے والا
whirligig,ايک کھلونا جو بھت تيزي سے گھومتا هے
whirlpool,بھنور ـ گرداب ـ ورطه
whirlwind,چکر کھاتي هوئي تيز يوا
whisk,جھاڑو دينا ـ تيزي سے هٹا لينا ـ تيزي سے لے جانا ـ بهاري
whisker,مونچھيں
whisky,شراب ـ وسکي
whisper,کانا پھوسي کرنا ـ زير لب هو نا ـ کھسر پھسر کرنا
whisperer,بد گو ـ غيبت کرنے والا
whispering,بد گوئي ـ کانا پھوسي
whisperingly,چپکے چپکے ـ سرگوشي کرتے هوئے
whist,تاش کاايک کھيل ـ خاموش
whistle,سيٹي بجانا ـ سيٹي کي آواز نکالنا
whistler,سيٹي بجانے والا
whit,ذره ـ زيزه ـ بھت چھوٹي چيز
white,سفيد اجلا ـ پاک صاف ـ کافوري
whitealloy,مصنوعي چاندي
whiteant,ديمک
whitebait,چھوٹي مچھلياں جو تل کر کھائي جاتي هيں
whitebeam,ايک چھوٹا پودا جس کي پتياں چاندي کي طرح چمکتي هيں
whitebeard,ضعيف آدمي
whitecap,سمند ر کي لهريں
whitechapel,دو پهيوں کي چھوٹي گاڑي جس پر دوکاندار سامان بھيجتے هيں
whiteensign,برطانوي جھازوں کا سفيد جھنڈا
whitefaced,خوف يا علالت سے چهره سفيد پڑ جانا ـ بيمار
whitehall,سرکاري دفاتر
whiteleather,پھٹکري سے صاف کي هوا سفيد چمڑا
whitelie,دوزغ مصلحت آميز
whitelivered,ڈرپوک ـ بزدل
whiten,چونا ڈالنا ـ قلعي کرنا ـ سفيد کرنا
whitener,سفيد کرنے والا
whiteness,صفائي ـ پاکيزگي
whiter,کسي جگه ـ کهاں ـ کدھر ـ جھاں ـ کهاں تک
whiteslave,ايسي لڑکي جس سے جبرا پيشه کرايا جائے
whiteslavery,پيشه کرانے کي غرض سے لڑکياں فراهم کرنا
whitesmith,ٹين کا کام کرنے والاـ  قلعي گر
whitesquall,سمندر کا ناگهبان تموج
whitewash,الزام دور کرنے کي کوشش کرنا ـ سفيدي پھيڑنا
whither,کسي جگه ـ کهاں ـ کدھر
whitherward,کسي طرف کو
whiting,قلعي ـ سفيدي ـ چونا
whitish,سفيدي مائل
whitlow,انگلي کو سوجن
whitmonday,سفيد دو شنبه
whitsunday,ايسٹر کے بعد ساتواں اتوار ـ سفيد اتوار
whitsuntide,سفيد اتوار کا زمانه
whittle,چھرا ـ چاقو ـ چھري ـ پتلي هو جا نا ـ پتلي کر دينا
whittler,چھيلنے والا
whittuesday,سفيد منگل
whitweek,سفيد هفته
whity,سفيدي مائل
whiz,سائيں سائيں يا فوں فوں کرنا
whizzer,فوں فوں کرنے والا
who,کون ـ کس نے ـ جو ـ جس نے
whoever,جوبھي
whole,سب ـ سار ا ـ تمام ـ جمله ـ کامل ـ مکمل ـ سب کا سب
wholehearted,پوري توجه
wholeheartedly,پوري توجه سے
wholeness,سموچا پن ـ کامليت
wholesale,تھوک کا ـ بڑے پيمانے پر
wholesaler,تھوک فروش
wholesome,خوشوار ـ صحت بخش ـ توانا
wholesomely,خوشگواري سے
wholesomeness,خوش ذوقي ـ خوشگواري
wholly,پوري طرح سے ـ سراسر
whom,کسے ـ کس کو
whoop,چيخ ـ پکار ـ للکار
whoopee,خوشي کا شور ـ خرمستي
whooper,بھت بڑا جھوٹ ـ بڑي يا عمده چيز
whops,کندي ـ مرمت ـ شکست ـ کندي کرنا ـ مارنا
whore,کسبي ـ رنڈي ـ فاحشه ـ چھنال عورت ـ زنا کرنا ـ بت پرستي کرنا
whoredom,زنا کاري ـ بت پرستي
whorehouse,رنڈي خانه ـ زنا خانه
whoremonger,رنڈي با ز ـ زناکار
whoreson,حرام زاده
whorish,زنا کار
whorl,پتوں کا گچھا ـ صدف کا ابھرا هو گول حلقه
whose,کس کا ـ کن لوگوں کا ـ جس کا
whosoever,جوکوئي ـ جس کسي کا
why,کيوں ـ کس ليے
wick,چراغ کي بتي ـ تصبه ـ فتيله
wicked,برا ـ پاپي ـ بے دين ـ بد اعمال ـ بدکار
wickedly,خيانت سے ـ شرارت سے
wickedness,بد کاري ـ بد اعمالي
wicker,بيد کي کرسي
wickerwork,تيلوں يا کاڑيوں کي چيزيں
wicket,ديرچه ـ کھڑکي ـ کرکٹ کي وکٹ ـ آوٹ هونے والا کھلاڑي
wide,کھلا ـ کشاده ـ چوڑا
wideawake,چوکس ـ چوکنا
widely,دوردور تکک
widen,چوڑا کرناـ پھيلانا
widener,چوڑا کرنے والا
wideness,وسيع
wideofthemark,بے تکا ـ نشانه سے دور
wider,پھيلانے والاـ چوڑا کرنے والا
widespread,دور تک پھيلا هوا
wideworld,هر جگه ـ وسيع دنيا
widgeon,بڑي بط کي ايک قسم ـ سرخاب ـ جنگلي بط
widish,قدرے کشاده
widow,بيوه ـ رانڈ ـ بيوه کردينا
widower,رنڈوا
widowhood,رنڈوا پا ۔
widowsweeds,ماتمي لباس
width,چوڑائي ـ عرض
wield,قابو ميں رکھنا ـ قبضے ميں رکھنا
wielder,قابو ميں  رکھنے والا ـ قبضے ميں رکھنے والا ـ پھرانے والا
wife,بيوي ـ جوروں ـ اهليه ـ گھر والي
wifehood,بيوي هونا ـ جورو هونا
wifeless,جسکي بيوي نه هو ـ کنواره
wifelike,بيوي کا ـ بيوي کے مناسب
wifelikly,بيسي کے مناسب ـ زوجه کے شايان شان
wifely,بيوي کا ـ بيوي کے مناسب
wifie,عورت کيلئے پيار کا خطاب ـ پياري بيوي
wig,مصنوعی بالوں کی ٹوپی ۔ ڈانٹنا ۔ برا بھلا کہنا ۔
wigan,بکرم
wigging,ڈانٹ ـ ڈپٹ
wigwam,شمالي امريکه کے ديسي باشندوں کي جھکي
wild,وحشي ـ جنگلي ـ خود روـ خود سر ـ بے لگام ـ بياباني
wildcat,اندھا دھند ـ بن بلاؤ
wildebeest,پاڑا ـ جنوبي افريقه کا هرن جو بيل سے مشابه هوتا هے
wilderness,اجاڑ  ـ ويران جگه ـ غير آبا د ـ بيابان ـ زندگي کي ويراني
wildfire,جنگل کي آگ
wildgoose,جنگلي قاز
wildgoosechase,ناممکن چيز کو کوشش ـ بے سود کام
wilding,خود رو پودا يا درخت ـ جنگلي سيب
wildish,مضطرب
wildlife,جنگلي حيات
wildly,بے تابي سے ـ شوريده سر ي سے
wildness,وحشت
wildtimes,بد امني کا زمانه
wildwood,جنگل کي لکڑي
wildwork,فتنه وفساد ـ شور و شغب
wile,حيله ـ بھانا ـ چال ـ دھوکا دينا ـ ـ پھنسلانا ـ ورغلانا
wilful,خود سر ـ ضدي ـ خود رائے
wilfully,خود رائے سے
wilfulness,ضد ـ خود رائي
wilily,حيله باز
wiliness,روباره خصلتي ـ حيله بازي ـ عياري
will,خواهش کرنا ـ چاهنا ـ آرزو رکھنا  ـ اراده ـ گا ـ گے ـ گي
willable,چاهنے کے قابل ـ آرزو کھنے کے قابل
willer,چاهنے والا ـ آرزو رکھنے والا
willing,خواهاں ـ مشتاق ـ متمني
willinger,رضامندي ظاهر کرنے والا
willingness,رضاو رغبت ـ رضامندي
willow,بيد کار درخت ـ کرکٹ کا بلا
willowy,جھاں بيد کثرت سے پيدا هوں ـ پتلا
wilt,مرجھانا ـ پڑمرده هونا ـ افسردي هونا ـ همت ها ر دينا
wilton,ولٹن شهر کا قالين جس کے حاشيے گچھے دار هوتے هيں
wily,عيار ـ مکا رـ چالاک
wimbledon,دنيا کا ٹينس ٹورنمنٹ جو ومبلڈن ميں هوتا يے
wimple,برقعه ـ نقاب ـ نقاب ڈالنا ـ لهريں اٹھنا
win,فتح کرنا ـ سر کرنا ـ جيتنا ـ حاصل کرنا ـ آماديه کرنا
wince,جھجھکنا ـ پيچھے هٹنا ـ چونک اٹھنا ـ جھرجھري آنا
wincer,پيچھے هٹنے والا
wincey,ايک مضبوط کپڑا سوت اور اون سے بنا هوا
winceyette,نقلي ونسي کپڑا
winch,رولر کا هتھا ـ دھرے کي چکر کيل
winchester,ونچسٹر رائفل جو بڑے شکار کيلئے استعمال هوتي هے
wind,هوا ـ باد ـ سانس ـ دم ـ چکر دينا ـ کوک کرنا ـ گھيرنا ـ بجانا ـ پھونک مارکر بجھانا ـ سانس کے زور سے بجانا
windbag,جو بے íمعني باتوں ميں وقت ضائع نه کرے
windbreak,رياح خارج کرنا
windedstaircase,چکر دار زينه
winder,بجانے والا ـ پھونک کر بجانے والا
windfall,غيرمتوقع فائده
windlass,بوجھ اٹھانے کي کل
windless,هوا کا بند هونا ـ بے هوا
windlestraw,گھاس کي گاڑي ـ پيالـ پھونس
window,کھڑکي
windowdressing,کھڑکي ميں پر فريب نمائش
windowshopping,دوکان کي کھڑکيوں ميں چيزيں ديکھنا
windscreen,موٹر کا اگلا شيشه
windsor,انگلستان کا قصبه
windup,حساب کتاب ختم کر دينا
windy,تيز هو کا ـ هوا سے بھرا هوا
wine,انگور يا کسي اور پھل کي شراب ـ گهرا سرخ رنگ
winebag,پکا شرابي
winefate,انگور کا رس نکالنے کي کل
winefatepress,انگور کا رس نکالنے کي دل
wineglass,ساغر ـ جام
wineshop,شراب کي دکان
wing,پرندے کا بازو ـ پنکھ ـ بال و پر ـ پروا زـ اڑا لے جانا
wingedwords,وه الفاظ جو تيزي کي طرح نشانے بيٹھيں ـ پر معني الفاظ
wingless,بے پنکھ ـ بے بازو
winglet,چھوٹا سا پنکھ يا پر
wink,پلک جھپکنا ـ آنکھ مارنا ـ آنکھ سے اشاره کرنا ـ اغماض کرنا
winkat,نغافل کرنا ـ اغماض کرنا
winker,آنکھ سے اشارے  کرنے والا
winkle,ايک قسم جا جھينگا جو کھايا جاتا هے
winner,جيتنے والا
winning,جيتي هوئي رقم ـ برد ـ جيت
winningly,دليريائي سے ـ دل فريبي سے
winningpost,گھڑ کا پالا ـ جيت جا مقام
winnow,پچھوڑنا ـ هوا کے زور سے بھوسا الگ کرنا
winnower,پچھوڑنے والا ـ هوا کے زاع سے بھوسا الگ کرنے والا
winsome,دلکش ـ دلفريب
winsomely,خنده پيشاني سے
winsomeness,دلکشي
winter,جاڑا ـ سردي کا موسم ـ سرما
winterer,موسم سرما  بسر کرنے والا
wintriness,سر مهري ـ بے لطفي ـ سردي
wintry,جاڑے کا ـ سرمائي
winy,شراب کے رنگ يا مزے کا
wipe,پونچھنا ـ صاف کرنا ـ مٹا ڈالنا ـ دھو ڈالنا
wipeout,نيست و نابود کرناـ برباد کر دينا
wiper,صاف کرنے والا ـ پونچھنے والا
wire,تار ـ تار برقي ـ تار کا پيغام
wireless,بے تارگي ـ لاسکي
wirepuller,ريشه دوائي کرنے والا
wirily,بھت مضبوطي سے
wiriness,مضبوطي ـ مستعدي
wiry,تار کا ـ تار کا بنا هوا
wis,ميں جانتا هيں ـ ميں مانتا هوں
wisdom,عقل ـ دانائي ـ دانش ـ فهم ـ فرانست ـ دور انديش ـ علم ـ حکمت
wise,دانا ـ عقل مند ـ دانشمند
wiseacre,حکمت چھانٹنے والا ـ عقلند بننے والاي
wisely,عقلندي سے ـ هوشياري سے
wish,چاهنا ـ آرزو کرنا ـخواهش کرنا ـ تمنا کرنا ـ طلب کرنا ـ مائل هونا ـ مراد ـ مطلب
wisher,چاهنے والا ـ آرزو کرنے والا ـ خواهش کرنے والا
wishful,دلپسند ـ تمنائي ـ خواهشمند
wishfulness,خواهشمندي
wishing,خواهش کرنا
wishless,بے آرزو
wishwash,هلکي ـ پتلي ـ پھيکي ـ بے مزي گفتگو
wishywashy,بے مزه ـ پتلي
wisp,گھاس کا چھوٹا سا مٹھا ـ پتلي جھاڑو ـ چهوں کا جھنڈ
wist,سمجھ عقل ـ فهم
wistful,پرحسرت ـ سنجيده ـ تمنائي
wistfully,فکرمندي سے ـ توجه دے ـ اشتياق سے
wistfulness,حسرت ـ توجه
wit,جاننا ـ معلوم کرناـ عقل ـ سمجھ ـ ذهن ـ فراست ـ حاضر جوابي
witch,جادو گرني ـ ساحره ـ جادو کرنا ـ سخر کرنا
witchcraft,فسوں گري ـ چھومنتر ـ ٹونا ـ جادو
witchery,جادو ٹونا ـ ساحري
witching,دل کش ـ پرکشش
witchingly,عشوه طرازي سے ـ دلربائيسے
with,ساتھ ـ سنگ ـ مع ـ ميں ـ سے
withal,نيز ـ بھي ـ اس کے ساتھ
withdraw,واپس لينا ـ نکال لينا ـ جدا کرنا
withdrawable,جد ا کرنے  کے قابل ـ واپس لينے کے قابل
withdrawal,عليحدگي ـ مراجعت ـ دست برداري
withdrawer,واپس لينے والا ـ نکال لينے والا
withe,بيد کي ٹهني ـ شاخ
wither,مرجھانا ـ سوکھناخ
witherer,مرجھانے والا ـ پڑمرده کرنے والا
withering,جانکاه ـ افسرده
witheringly,افسردگي سے
withers,گھوڑے کے شانه کي کوب ـ شانه
withhold,روکنا ـ باز رکھنا
withholder,روکنے والا ـ باز رکھنے والا
withholding,باز رکھنا
within,اندر ـ اندروني حصه ميں ـ اندر کي طرف
without,باهر ـ بيرون ـ باهر کي طرف ـ ظاهر ـ ادھر ـ بغير ـ سوائے
withstand,سامنا  کرنا ـ مقابله کرنا
withy,کسي لچکدار شاخ کا ـ بيد کابناهوا
witness,گواھي ـ شهادت ـ گواه ـ عيني شاهد
witnessable,گواهي کے قابل
witnessbox,عدالت ميں گواه کے کھڑے هونے کي جگه
witnesser,گواهي دينے والا
witnessing,گواھي دينا
witticism,مذاق کا فقره ـ لطيفه
wive,شادي کرنا ـ شادي کرانا ـ بياه کرا دينا
wiver,شادي کرنے والا
wizard,جادوگر ـ ساحر ـ دانا
wizardry,جادو گري ـ دانائي
wizened,پرشکن ـ سکڑا هواـ چھوارا سا
woad,ايک درخت جو بحيره روم  کے اطراف ميں هوتا هے اس سے پکا نيلا رنگ نکلتا هے
wobble,ڈگمگاتے هوئے چلنا ـ لڑکھڑاتا
wobbler,تھالي کا بينگن ـ کمزور ارادے کا ادمي ـ متلون مزاج
woe,رنج ـ غم ـ سوگ ـ الم
woeful,الم ناک ـ آفت رسيده ـ رنجيده
woeness,رنجيدگي
wold,کھلا ميدان
wolf,بھيڑيا
wolfish,ظالم
wolfishness,ظالم اور لالچي هونا
wolverence,امريکه کا ايک گوشت خور نيولے کي قسم کا جانور ـ نيولا پالنا
wolves,بھيڑيے
woman,جوان عورت ـ زن ـ عورت
womanhood,نسواني طبيعت
womanish,عورتوں کا سا ـ زن صفت
womanize,نسواني صفات پيداکرنا ـ مرد کو زن صفت بنانا
womanizer,نسواني صفات پيدا کرنا والا
womanlike,نسواني
womanliness,عورت پن ـ نسوانيت
womanly,زنانه ـ عورتوں کا سا
womb,رحم ـ بچه دائي
women,عورت کا جمع عورتيں
womenfolk,گھر کي عورتيں ـ مستورات
won,فتح
wonder,تعجب ـ اچھنبا ـ حيرت ـ عجوبه ـ کرامات ـ معجزه ـ حيرت ميں ڈال دينا ـ متعجب هونا
wonderer,تعجب کرنے والا ـ حيرت کا اظهار کرنے والا
wonderful,تعجب خيز ـ حيرت انگيز
wonderingly,تعجب کے ساتھ
wonderland,طلسمات ـ پرستا€
wonderment,حيواني ـ تعجب
wonderworker,کرامات دکھانے والا
wondrous,حيرت انگيز ـ عجيب
wondrously,حيرت انگيز طور پر
wondrousness,تعجب انگيزي
wonky,ناقابل اعتبار ـ بيمار
wont,معمول کے مطابق ـ عادي
wonted,خوگر ـ عادي ـ معمول کے مطابق
woodchuck,شمالي امريکه کي ايک گلهريا
wooden,لکڑي کا بنا هوا ـ چوبي
woodenheaded,احمق ـ بيوقوف
woodenly,حماقت سے
woodenness,بھدا پن ـ سختي
woodiness,چوبي هونا ـ درختوں کي کثرت
woodman,لکڑي کا کام کرنے ولاا
woodpecker,ايک پرنده ـ کٹھ پھوڑا
woodsman,صحرائي
woodwork,لکڑي کا کام
woodworker,لکڑي کا کام کرنے والا
woody,جنگل  کا ـ لکڑي کا
wooer,عاشق ـ شادي کا طالب ـ اظهار عشق کرنے والا
wooingly,عاشقانه انداز سے ـ عجز و نياز سے
wool,اون ـ پشم ـ صوف
woolgathering,بيهوده منصوبے ـ کھويا هوا
woollen,اوني
woollenette,پتلا اوني کپڑا
woolliness,الھجا هوا هونا ـ دھندلا اور پھيکا هونا
woolly,پھيکے رنگ کي تصوير ـ دھندلي ـ اوني ـ الجھا هوا ـ پريشان دماغ
woolwich,ولوچ کا بحري اور بري اسلحه خانه
wootz,هندوستان کا بنا هوا فولاد ـ فولادي هندي
wop,اطاليه کا باشنده ـ اطالوي
word,کلمه ـ لفظ ـ قول ـ حکم ـ فرمان ـ اقرار
wordblind,پڑھ سکے مگر سمجھ نه سکے ـ معني کا اندھا
wordiness,طوالت کلام ـ لفاظي
wording,ترتيب ـ الفاظ کي بندش ـ طور ادا
wordless,بے لفظ ـ بے قول
wordstar,کمپيوٹر کا ايک پروگرام ورڈ اسٹار
wordwarfare,بے سود بحث ـ لفظي بحث í حجت ـ تکرار
wordy,طول طويل ـ لمبي چوڑي
work,کا م کرنا ـ محنت کرنا ـ سعي کرناـ چلنا ـ حرکت کرنا ـ کاروبار کرنا
workability,قابل عمل هونا ـ عمل پذيري
workable,کرنے کے لائق ـ قابل عمل
workbook,کام کی کتاب ۔
workday,اتوار اور تعطيل کے علاوه کام کے دن
worker,کام کرنے والا ـ مزدور ـ محنت کرنے والا
workhouse,محتاج خانه
working,بناتا هوا ـ کام کرتا هوا
workless,بے کا رـ بے روزگار
workload,کام کا بوجھ
workmanship,کاريگري
workshop,کارخانه
workshy,کا م چور
world,جھان ـ دنيا ـ عالم ـ زندگي ـ کائنات
worldliness,ماديت ـ هوا و هوس ـ ديناداري ـ دنيا طلبي
worldling,دنيا طلب ـ دنيا پرست ـ دينا دار
worldly,دنيا کا ـ دنياوي ـ دنيا پرست
worldlywisdom,دنيا ميں کام کرنے  کي عقل
worldywise,دنيا کے دھندوں کا ماهر
worm,رينگنے والا کيڑا ـ کرم ـ کيچوے ـ سانپ ـ پيٹ کے کيڑے ـ حقير آدمي
worminess,کيڑوں سے بھرا هوا ـ کرم خورده هونا
wormwood,افسنتين ـ سوهان روح ـ روحاني تکليف کا باعث
wormy,کرم خورده ـ گھن لگا
worried,پريشان
worrier,پريشان کرنے والا
worriless,مطمئن ـ پرسکون ـ فکروں سے پاک
worriment,فکر ـ تشويش ـ دقت ـ پريشاني
worry,پريشان کرناـ دق کرنا ـ تنگ کرنا ـ تشويش
worryingly,فکروں سے مبتلا کرتے هوئے ـ پريشان کرتے هوئے
worse,بد تر ـ بھت برا ـ زياد ه خراب  ـ ند تر حالت ميں
worsen,زياده خراب کرنا ـ زياده خراب هونا
worship,پوجا ـ پرستش ـ عبادت ـ بندگي
worshipful,معظم ـ مکرم
worshipfulness,عاجب التعظيم هونا ـ عظمت
worshipper,بنده ـ عابد ـ پرستار ـ پجاري
worst,ندترين حالت ميں ـ بد ترين طور پر ـ غالب آنا ـ شکست دينا
worsted,اون کا دھاگا ـ بني هوئي روئي اون
wort,پودا ـ جڑي بوتي
worth,مول کا ـ قيمت کا ـ قابل ـ مستحق ـ لائق ـ سزاوار ـ ماليتا
worthiness,بنده پرور ـ حضور ـ قدر وقيمت
worthless,نکما ـ ناقص
worthlessness,نااهليت  ـ نکما پن
worthmywhile,جو ميرے وقت کا صحيح مصرف هو ـ جو محنت کا معاوضه هو
worthwhile,کار آمد
worthy,قانل ـ لائق ـ سزوار ـ مستحق
wouldbe,هونے کي کوشش کرنا ـ هونے والا
wound,زخم ـ گھاؤ ـ چوٹ
wove,ترتيب دينا ـ تيار کرنا
woven,تيار کيا هوا
wow,اخاه ـ اوهو
wowser,کٹر ـ پرهيز گار
wrack,تباهي  ـ بربادي ـ ايک دريائي گھاس
wraith,انسان کا همزاد
wrangle,حجت کرنا ـ بحث کرناـ تکرار کرنا
wrangler,تکرار کرنے والا ـ جھگڑنے والا
wranglership,رينگلر کا اعزاز يا درجه
wrangling,بخت کرتا هوا
wrap,تهه کرنا ـ لپيٹنا ـ ڈھکنا ـ ملفوف کرنا ـ گھيرنا
wrappage,کپڑا يا کاغذ جس پر کوئي چيز لپيٹي هو
wrapper,تهه کرنے والا ـ لپيٹنے والا
wrapping,شال ـ چادر
wrath,غيظ ـ غصب ـ قهر ـ غصه
wrathful,غصه ور ـ قهر آلود
wrathfulness,غصه
wreak,انتقام ليبنا ـ بدله لينا ـ سزا ديناـ نکال ديناا
wreaker,انتقام لينے والا ـ سزا دينے والا
wreath,پھولوں کا هار ـ سنهرے تاروںکا هار ـ ريشم کا هار
wreathe,هار گوندھنا ـ هٹکر هار بنانا ـ هار لپيٹنا ـ هارپهنانا
wreathedinsmile,مسکراتا هوا
wreck,تباهي  ـ بربادي  جھاز کي تباهي í کھنڈر
wreckage,تباه شده جھاز ـ تباه شده عمارت کے کھنڈر
wrecker,تباه شده سامان تلاش کرنے والا ـ برباد کرنے والا
wren,يورپ کي ايک گانيوالي چڑيا
wrench,مروڑنا ـ مروڑ کر الگ کرنا ـ مروڑ کر توڑنا ـ جھٹکا دينا ـ جدائي کا صدمه
wrest,مروڑنا ـ اميٹھنا ـ جھٹکا دے کر چھين لينا
wrester,مروڑنے والا ـ اميٹھنے والا
wrestle,کشتي لڑنا ـ پوري طاقت سے مقابله کرنا ـ پورا پورا زور لگانا
wrestler,کشتي باز ـ پهلوان ـ کشتي لڑنے والا
wrestling,کشتي لڑنا ـ داؤں پيچ
wretch,کم بخت ـ بد نصيب ـ منحوس
wretched,کم بخت ـ بد نصين ـ آفت زده ـ پاجي
wretchedly,خيانت کے ساتھ ـ پاجي پن سي کم بختي سے
wretchedness,نکما پن ـ افلاس
wriggle,کيڑے وغيره کابل کھاناـ بل پڑنا ـ عياري کرناـ دھوکا دينا ـ تڑپ کر نکل جانا
wriggler,عياري کرنے والا ـ دھوکا دئنے والا
wright,کاريگر ـ دستکار ـ بڑھئي
wring,کروڑنا ـ اميٹھنا ـ ساخت اذيت پهنچانا
wringer,مروڑنے والا
wringoneshand,هاتھ ملانا ـ پچھتانا
wrinkle,شکن ـ جھري ـ سلوٹ ـ اشاره ـ خفيه امر کي اطلاع
wrinkly,جھري پڑا هوا ـ پر شکن
wrist,کلائي ـ ساعد
wristlet,کلائي بند ـ کلائي کا تسمه
wristwatch,هاتھ کي گھڑي
writ,نوشته ـ تحريرـ درخواست سماعت ـ فرمان شاهي
writable,درخواست کرنے کے قابل
write,لکھنا ـ تحرير کرنا ـ قلم بند کرنا ـ نقش کرنا ـ کند کرنا ـ تحرير ميں لانا
writeoff,قرض معاف کرنا ـ قلم زد کرنا ـ منسوخ کرنا
writeout,اپنے خيالات قلمبند کر دينا ـ سب کچھ لکھ دينا
writer,لکھنے والا ـ منشي ـ مصنف ـ نويسنده
writership,کتابت ـ کاتب کا کام ـ منشي گيري
writeup,کسي کي تعريف کرنا
writhe,درد سے پهلو بدلنا ـ اينٹھنا
writher,درد سے پہلو بدلنے والا ۔ اینٹھنے والا ۔
writing,تحرير ـ نوشه ـ کتابت
written,لکھاهوا
wrong,غلط ـ بگڑا هو اـ ناحق ـ گناه ـ بر اکام ـ بے انصافي ـ ظلم کرنا
wrongdoer,زيادتي کرنے والا ـ ظلم کرنے والا
wrongdoing,ظلم کرنا ـ زيادتي کرنا
wronger,غلط کرنے والا ـ برا کام کرنے والا
wrongful,غير منصفانه ـ ناحق
wrongfulness,زيادتي ـ ظلم
wrongheaded,ضدي آدمي ـ کج خلق
wrongheadedly,کج خلقي سے
wrongly,غلط طريقے سے
wrongness,ناحق
wrote,لکھا گيا
wroth,ناراض ـ برهم ـ غضب ناک
wrothful,ناراض هونا
wry,ٹيڑھا ـ مڑا هوا ـ ترچھا ـ بگڑا هواـ کجرو ـ نادرست
wrymouthed,تعريفي منه بنانے والا ـ طنزيه خوشامد کرنے والا
wryness,ترچھا پن
wye,دو شاخي چيز
wykehamist,ونچسٹر کالج کا سابق طالب علم یا معلم ۔
wynd,کسي شير يا قصبے کي گلي
wyvern,کهانيوں کا عجيب و غريب اڑنے والا ا‘دھا
